Patient_ID,Age,Gender,HeartRate,SpO2,Temperature,Systolic_BP,Diastolic_BP,RespiratoryRate,Fever,Cough,Fatigue,DifficultyBreathing,ChestPain,Headache,Disease,Severity
P0001,24,Male,61,97,38.5,140,79,27,Yes,Yes,No,No,No,No,Pneumonia,MEDIUM
P0002,74,Male,95,97,36.8,163,90,26,No,No,Yes,Yes,No,No,Gastroenteritis,HIGH
P0003,65,Female,95,99,36.0,135,88,25,No,No,No,No,No,No,Migraine,LOW
P0004,50,Female,79,93,39.1,119,65,32,Yes,Yes,Yes,No,No,No,Pneumonia,CRITICAL
P0005,49,Female,92,91,38.3,141,94,21,Yes,Yes,No,Yes,No,No,Influenza,HIGH
P0006,80,Female,85,90,36.3,146,86,20,No,Yes,No,No,No,Yes,Asthma,MEDIUM
P0007,24,Male,81,100,37.3,117,75,25,Yes,No,No,No,No,No,Migraine,MEDIUM
P0008,68,Female,65,97,37.7,148,74,15,No,No,Yes,Yes,No,No,Gastroenteritis,MEDIUM
P0009,32,Female,86,100,36.7,107,98,12,No,No,Yes,No,No,No,Gastroenteritis,LOW
P0010,24,Male,64,97,36.8,109,102,17,No,Yes,No,Yes,No,No,Asthma,MEDIUM
P0011,56,Female,62,93,38.3,133,100,21,Yes,No,Yes,No,No,No,Pneumonia,MEDIUM
P0012,89,Male,87,90,36.3,144,88,15,No,No,No,Yes,No,No,COPD,HIGH
P0013,71,Female,84,86,37.6,144,87,18,No,No,Yes,Yes,No,No,Pneumonia,HIGH
P0014,73,Female,84,100,37.9,154,99,16,No,No,Yes,No,No,No,Gastroenteritis,LOW
P0015,70,Female,79,90,37.8,109,81,19,Yes,Yes,Yes,No,No,No,Pneumonia,HIGH
P0016,75,Female,112,93,37.5,136,90,29,Yes,No,Yes,No,Yes,Yes,COVID-19,CRITICAL
P0017,55,Male,88,90,36.6,157,83,22,No,No,Yes,Yes,No,No,COPD,MEDIUM
P0018,27,Female,88,92,37.3,110,97,25,No,Yes,No,Yes,No,Yes,Asthma,HIGH
P0019,79,Female,91,95,36.2,132,103,21,No,No,No,No,No,No,Cardiac,LOW
P0020,50,Female,98,90,36.9,89,78,21,No,Yes,Yes,Yes,No,No,Asthma,HIGH
P0021,54,Female,86,91,39.0,128,96,21,Yes,No,Yes,No,Yes,Yes,Viral Infection,HIGH
P0022,45,Male,84,100,38.8,132,79,19,Yes,Yes,Yes,No,No,No,Viral Infection,MEDIUM
P0023,31,Female,88,100,38.2,129,73,16,Yes,Yes,Yes,No,No,No,Viral Infection,MEDIUM
P0024,85,Male,66,93,37.4,130,87,11,No,No,No,No,Yes,No,Cardiac,HIGH
P0025,75,Female,65,97,37.4,142,90,21,No,No,No,No,Yes,No,Cardiac,MEDIUM
P0026,65,Male,87,100,36.7,141,79,11,No,No,No,No,Yes,No,Cardiac,MEDIUM
P0027,47,Male,82,92,37.2,124,74,24,No,Yes,No,Yes,No,No,Asthma,HIGH
P0028,78,Male,95,92,39.0,120,70,24,Yes,Yes,Yes,No,No,No,COVID-19,HIGH
P0029,57,Female,87,100,36.5,135,77,11,No,No,No,No,Yes,No,Cardiac,HIGH
P0030,50,Male,93,89,38.2,111,82,23,Yes,Yes,No,Yes,No,Yes,Influenza,CRITICAL
P0031,50,Male,69,95,38.1,95,90,23,Yes,Yes,Yes,Yes,No,No,Influenza,HIGH
P0032,34,Female,78,99,37.9,131,87,18,Yes,Yes,Yes,No,No,Yes,Viral Infection,LOW
P0033,24,Male,68,99,37.9,122,82,23,No,Yes,No,Yes,No,No,Influenza,MEDIUM
P0034,58,Male,91,93,36.9,138,66,19,No,Yes,No,Yes,No,No,COPD,MEDIUM
P0035,82,Male,65,94,36.9,136,81,22,No,No,No,Yes,No,No,Cardiac,HIGH
P0036,22,Male,90,93,38.4,130,76,19,Yes,No,No,Yes,No,No,Pneumonia,MEDIUM
P0037,80,Female,62,100,38.4,154,95,14,Yes,Yes,Yes,No,No,Yes,Viral Infection,MEDIUM
P0038,78,Female,83,90,37.8,165,79,27,Yes,Yes,No,Yes,Yes,No,Pneumonia,CRITICAL
P0039,38,Female,90,100,37.5,133,66,21,No,No,Yes,No,No,Yes,Viral Infection,LOW
P0040,64,Male,82,97,36.6,137,97,20,Yes,No,No,No,No,No,Migraine,MEDIUM
P0041,30,Male,64,97,38.0,98,71,21,Yes,Yes,Yes,No,No,No,Pneumonia,MEDIUM
P0042,73,Male,79,94,37.6,133,73,15,No,No,Yes,Yes,No,No,Pneumonia,HIGH
P0043,69,Male,67,91,38.6,110,85,31,Yes,No,Yes,Yes,No,No,COVID-19,CRITICAL
P0044,43,Female,63,92,38.1,108,78,13,Yes,No,No,No,No,Yes,COVID-19,MEDIUM
P0045,22,Female,87,92,38.4,151,73,25,Yes,Yes,No,No,No,No,Pneumonia,HIGH
P0046,88,Male,89,91,36.8,125,87,28,No,No,No,No,No,No,Healthy/Minor,MEDIUM
P0047,50,Female,91,94,37.5,87,71,23,Yes,No,No,No,No,No,Pneumonia,LOW
P0048,83,Female,89,96,38.4,152,81,20,Yes,Yes,No,No,No,No,Viral Infection,MEDIUM
P0049,67,Male,87,89,38.0,121,82,26,Yes,No,No,Yes,No,No,Pneumonia,HIGH
P0050,74,Female,77,90,36.7,148,64,20,No,No,No,No,No,No,Healthy/Minor,MEDIUM
P0051,73,Male,73,92,38.2,116,93,35,Yes,No,Yes,Yes,No,Yes,Pneumonia,CRITICAL
P0052,32,Male,79,94,37.1,113,64,18,No,Yes,No,Yes,No,No,Asthma,HIGH
P0053,44,Female,68,93,36.2,141,69,18,No,Yes,No,No,No,No,COPD,MEDIUM
P0054,52,Female,74,91,38.5,104,90,21,No,No,Yes,Yes,No,No,Influenza,HIGH
P0055,54,Male,80,99,38.0,124,86,25,Yes,Yes,Yes,No,No,No,Viral Infection,HIGH
P0056,21,Female,83,93,38.7,125,79,19,Yes,Yes,Yes,No,No,No,COVID-19,HIGH
P0057,57,Female,126,94,36.2,116,64,24,No,No,No,No,No,No,COPD,MEDIUM
P0058,29,Female,68,89,37.2,124,72,27,No,Yes,No,No,No,No,COPD,MEDIUM
P0059,72,Male,87,99,37.0,141,86,23,No,No,Yes,No,No,No,Cardiac,MEDIUM
P0060,67,Female,68,95,37.0,141,81,29,Yes,Yes,Yes,Yes,No,No,Influenza,CRITICAL
P0061,85,Female,83,91,38.2,170,98,30,Yes,No,Yes,Yes,No,Yes,Pneumonia,CRITICAL
P0062,72,Female,83,92,37.0,177,104,25,Yes,Yes,Yes,Yes,No,No,Pneumonia,CRITICAL
P0063,44,Female,96,96,37.8,129,85,20,No,Yes,No,No,No,No,COVID-19,LOW
P0064,88,Female,83,88,38.4,140,81,25,Yes,No,Yes,Yes,No,No,Pneumonia,CRITICAL
P0065,47,Female,76,97,36.6,130,91,15,No,No,Yes,No,No,No,Healthy/Minor,LOW
P0066,41,Female,79,92,36.7,117,72,33,No,No,No,Yes,No,No,COPD,HIGH
P0067,84,Female,71,100,37.5,120,64,17,No,No,No,No,Yes,No,Cardiac,MEDIUM
P0068,45,Male,77,90,37.8,122,66,24,Yes,Yes,No,Yes,No,No,COVID-19,CRITICAL
P0069,23,Male,80,98,38.0,137,54,15,Yes,Yes,Yes,No,No,No,COVID-19,HIGH
P0070,52,Female,86,91,37.4,102,76,23,No,No,No,No,No,No,COPD,LOW
P0071,76,Female,95,91,37.4,120,83,23,Yes,Yes,Yes,Yes,No,Yes,COVID-19,CRITICAL
P0072,31,Female,82,97,37.7,111,62,25,Yes,Yes,Yes,Yes,No,Yes,COVID-19,CRITICAL
P0073,51,Male,82,99,37.2,131,71,25,No,Yes,No,Yes,No,No,Asthma,HIGH
P0074,27,Female,63,93,36.2,158,64,28,No,Yes,No,No,No,No,COPD,MEDIUM
P0075,68,Male,87,99,37.6,120,82,25,Yes,No,No,No,No,No,Healthy/Minor,MEDIUM
P0076,52,Male,76,91,37.8,127,72,22,Yes,Yes,No,Yes,No,Yes,Pneumonia,HIGH
P0077,42,Male,95,92,37.2,121,88,18,Yes,Yes,No,Yes,No,No,Asthma,HIGH
P0078,34,Male,102,90,38.3,115,80,18,Yes,Yes,Yes,Yes,No,No,Pneumonia,HIGH
P0079,59,Female,83,92,37.8,128,97,23,No,Yes,No,Yes,No,Yes,COVID-19,HIGH
P0080,66,Female,66,97,36.6,124,78,20,No,No,No,No,No,No,Gastroenteritis,LOW
P0081,86,Male,88,92,37.9,185,108,25,No,No,Yes,Yes,No,No,Pneumonia,CRITICAL
P0082,49,Female,91,100,37.1,142,84,15,No,No,No,No,No,No,Cardiac,LOW
P0083,29,Male,81,99,36.4,113,73,28,No,Yes,No,Yes,No,No,Asthma,HIGH
P0084,78,Male,80,91,37.4,156,109,17,Yes,Yes,No,No,No,No,Influenza,HIGH
P0085,63,Female,87,96,37.5,134,64,14,No,No,No,No,No,No,Healthy/Minor,LOW
P0086,69,Male,93,94,36.5,134,78,19,No,No,No,No,No,No,Asthma,MEDIUM
P0087,25,Female,73,100,37.3,117,61,16,No,No,No,Yes,No,Yes,Migraine,LOW
P0088,40,Male,63,95,36.7,116,60,28,No,Yes,No,Yes,No,No,Asthma,MEDIUM
P0089,74,Male,86,97,36.7,116,63,18,No,No,No,No,No,No,Healthy/Minor,LOW
P0090,78,Female,78,93,38.5,110,91,24,No,Yes,No,Yes,No,No,COVID-19,CRITICAL
P0091,49,Female,88,91,36.8,130,66,25,No,Yes,No,Yes,No,No,Asthma,HIGH
P0092,76,Male,83,92,36.6,133,82,17,No,No,No,No,No,Yes,Migraine,MEDIUM
P0093,79,Male,63,91,37.8,152,94,26,No,Yes,Yes,Yes,No,No,COVID-19,CRITICAL
P0094,46,Female,86,93,37.7,108,84,23,No,No,Yes,Yes,No,No,COVID-19,HIGH
P0095,83,Male,88,96,36.5,122,90,14,No,No,No,No,No,Yes,Healthy/Minor,LOW
P0096,39,Male,93,91,36.6,132,90,20,Yes,Yes,Yes,No,No,No,COPD,MEDIUM
P0097,35,Female,80,93,37.8,115,94,19,No,No,Yes,No,No,No,Gastroenteritis,LOW
P0098,67,Male,62,90,37.1,152,74,25,No,No,No,Yes,Yes,No,Cardiac,HIGH
P0099,64,Female,96,100,37.7,131,87,23,Yes,Yes,Yes,No,No,No,Viral Infection,HIGH
P0100,28,Male,83,96,38.3,150,75,26,Yes,Yes,Yes,No,No,No,Viral Infection,MEDIUM
P0101,78,Female,73,95,36.1,155,87,21,No,No,No,No,No,No,Cardiac,LOW
P0102,32,Female,75,92,38.5,127,63,20,Yes,Yes,Yes,Yes,No,Yes,COVID-19,CRITICAL
P0103,76,Male,91,88,38.8,149,79,24,Yes,Yes,Yes,Yes,No,No,Influenza,CRITICAL
P0104,18,Male,95,95,37.8,122,78,16,No,No,No,No,Yes,No,Cardiac,MEDIUM
P0105,76,Male,74,98,38.4,110,99,17,Yes,Yes,No,Yes,No,Yes,Viral Infection,HIGH
P0106,75,Female,98,90,37.0,142,73,26,No,Yes,No,Yes,No,No,Asthma,HIGH
P0107,74,Female,64,93,38.5,166,60,26,Yes,No,Yes,No,No,No,Pneumonia,HIGH
P0108,66,Female,73,93,37.6,95,83,19,Yes,Yes,No,No,No,No,COVID-19,MEDIUM
P0109,52,Male,58,92,36.6,133,68,27,No,Yes,No,No,No,No,COPD,MEDIUM
P0110,69,Male,68,98,37.9,108,82,11,Yes,Yes,Yes,No,No,No,Viral Infection,MEDIUM
P0111,38,Female,105,94,38.8,120,85,21,Yes,Yes,Yes,Yes,No,No,Pneumonia,CRITICAL
P0112,74,Female,115,99,36.4,143,87,24,No,No,Yes,No,Yes,No,Cardiac,HIGH
P0113,58,Female,82,100,36.4,140,77,20,No,No,No,No,No,Yes,Migraine,LOW
P0114,51,Male,70,100,36.9,128,78,15,No,No,No,No,No,No,Healthy/Minor,LOW
P0115,54,Male,83,91,38.2,148,89,31,Yes,Yes,Yes,Yes,No,No,Influenza,CRITICAL
P0116,59,Male,85,99,36.5,147,70,15,No,No,No,No,No,No,Healthy/Minor,LOW
P0117,20,Male,66,93,37.1,123,89,10,No,No,No,No,Yes,No,Cardiac,LOW
P0118,28,Male,71,100,37.7,138,68,19,Yes,No,No,No,No,No,Migraine,LOW
P0119,35,Female,104,92,38.4,115,84,14,Yes,Yes,Yes,No,No,No,Influenza,MEDIUM
P0120,26,Male,71,90,37.3,112,63,18,No,Yes,Yes,Yes,No,No,COPD,HIGH
P0121,50,Female,76,94,36.8,111,89,20,No,No,No,No,Yes,No,Cardiac,MEDIUM
P0122,66,Female,87,91,38.7,153,82,22,Yes,Yes,Yes,Yes,No,Yes,COVID-19,CRITICAL
P0123,65,Female,90,93,37.1,126,83,25,No,Yes,Yes,Yes,No,No,Asthma,HIGH
P0124,52,Female,77,97,37.5,87,90,17,No,Yes,Yes,No,No,No,COPD,MEDIUM
P0125,80,Male,89,91,37.7,147,77,28,No,Yes,No,Yes,No,No,COPD,HIGH
P0126,59,Female,94,92,38.3,122,81,14,Yes,Yes,No,No,No,No,Influenza,MEDIUM
P0127,23,Male,110,89,36.4,115,81,28,No,Yes,No,Yes,No,No,Asthma,HIGH
P0128,73,Female,86,85,37.6,131,81,22,No,Yes,No,Yes,No,No,Pneumonia,HIGH
P0129,59,Female,78,95,37.8,123,89,24,Yes,No,No,No,No,No,Viral Infection,MEDIUM
P0130,64,Female,99,94,37.1,174,86,13,No,No,No,No,No,No,Healthy/Minor,LOW
P0131,59,Male,79,94,38.1,155,76,31,Yes,Yes,Yes,Yes,No,Yes,COVID-19,CRITICAL
P0132,58,Male,69,93,38.9,139,94,18,Yes,No,Yes,Yes,No,No,Pneumonia,HIGH
P0133,24,Male,88,94,38.4,124,84,14,Yes,Yes,No,Yes,No,Yes,Pneumonia,HIGH
P0134,58,Male,100,91,37.0,146,73,22,No,Yes,No,Yes,Yes,No,Asthma,HIGH
P0135,76,Female,85,96,37.4,140,76,25,Yes,No,No,Yes,No,No,Viral Infection,HIGH
P0136,40,Male,84,88,37.6,133,76,26,No,Yes,Yes,Yes,No,No,COPD,HIGH
P0137,62,Male,67,93,38.2,139,86,27,Yes,Yes,No,No,No,Yes,Influenza,HIGH
P0138,20,Female,84,96,37.5,122,56,26,Yes,Yes,Yes,No,No,Yes,Influenza,MEDIUM
P0139,43,Male,101,92,37.9,136,71,18,No,Yes,Yes,No,No,No,Pneumonia,MEDIUM
P0140,49,Female,62,99,37.5,117,74,20,No,No,No,No,No,Yes,Viral Infection,LOW
P0141,89,Male,87,90,36.9,149,76,19,No,No,No,No,No,No,Cardiac,LOW
P0142,33,Male,81,92,36.8,110,72,14,Yes,No,No,No,Yes,No,Cardiac,MEDIUM
P0143,38,Female,76,94,37.5,106,79,23,Yes,Yes,Yes,No,No,Yes,COVID-19,MEDIUM
P0144,47,Female,81,100,36.6,83,74,17,No,No,No,No,No,No,Healthy/Minor,LOW
P0145,90,Female,95,90,37.6,150,83,30,No,Yes,Yes,Yes,No,No,COVID-19,CRITICAL
P0146,80,Female,87,100,37.6,150,71,17,Yes,Yes,Yes,No,No,No,Viral Infection,MEDIUM
P0147,20,Male,65,94,37.4,137,76,14,Yes,No,Yes,No,No,No,Viral Infection,LOW
P0148,35,Female,64,92,36.6,102,63,19,No,Yes,Yes,No,No,No,Asthma,MEDIUM
P0149,77,Male,84,96,37.5,144,99,28,Yes,Yes,Yes,Yes,No,No,Viral Infection,CRITICAL
P0150,22,Female,78,95,38.5,120,95,19,No,Yes,Yes,No,No,No,COVID-19,MEDIUM
P0151,80,Male,105,94,36.9,150,80,25,No,No,Yes,No,No,No,Gastroenteritis,MEDIUM
P0152,38,Female,109,91,38.4,110,67,17,Yes,Yes,Yes,Yes,No,No,Influenza,CRITICAL
P0153,84,Male,114,93,37.6,134,94,26,No,Yes,No,Yes,No,No,Asthma,CRITICAL
P0154,39,Female,73,94,38.5,95,84,23,Yes,No,Yes,Yes,No,Yes,Pneumonia,HIGH
P0155,49,Female,92,93,38.1,113,98,28,No,Yes,No,Yes,Yes,Yes,Influenza,CRITICAL
P0156,66,Female,98,92,38.5,132,104,29,Yes,Yes,Yes,No,No,Yes,Influenza,CRITICAL
P0157,27,Female,95,93,38.1,123,58,22,Yes,Yes,No,Yes,No,No,COVID-19,HIGH
P0158,58,Male,82,98,36.8,107,97,15,No,No,No,No,No,No,Cardiac,LOW
P0159,54,Male,102,93,36.8,118,78,29,No,Yes,No,Yes,No,Yes,Asthma,HIGH
P0160,75,Female,88,89,37.7,138,90,21,No,No,Yes,No,No,No,COVID-19,MEDIUM
P0161,90,Male,84,93,37.2,165,95,10,Yes,No,Yes,No,Yes,No,Healthy/Minor,CRITICAL
P0162,66,Male,60,94,36.8,118,90,11,No,No,No,No,No,No,Healthy/Minor,LOW
P0163,47,Male,93,94,38.6,131,89,15,Yes,Yes,No,No,No,No,Influenza,MEDIUM
P0164,47,Female,82,88,37.2,114,74,25,No,Yes,No,Yes,No,Yes,Asthma,HIGH
P0165,48,Male,92,100,36.8,122,74,27,No,No,No,No,Yes,No,Cardiac,MEDIUM
P0166,77,Male,84,96,37.4,123,97,10,No,No,No,No,No,No,Migraine,LOW
P0167,41,Female,87,91,37.0,104,69,18,No,No,Yes,Yes,No,No,COVID-19,MEDIUM
P0168,30,Male,77,100,37.7,112,97,17,No,No,No,No,No,No,Migraine,LOW
P0169,42,Male,95,94,37.6,138,71,29,Yes,No,Yes,Yes,No,No,Influenza,HIGH
P0170,19,Male,82,90,38.1,108,74,18,Yes,Yes,No,Yes,No,No,COVID-19,HIGH
P0171,25,Female,59,100,37.0,105,76,20,No,No,Yes,No,No,No,Gastroenteritis,LOW
P0172,24,Male,93,100,37.3,129,67,16,No,No,No,No,No,No,Cardiac,LOW
P0173,74,Female,70,93,37.8,135,69,31,No,Yes,Yes,Yes,No,Yes,Viral Infection,CRITICAL
P0174,70,Male,70,90,36.9,132,93,25,Yes,Yes,Yes,Yes,No,No,Influenza,CRITICAL
P0175,68,Male,74,90,37.8,137,66,26,No,Yes,Yes,No,No,No,Pneumonia,HIGH
P0176,51,Male,89,88,37.8,109,105,22,No,Yes,No,No,No,No,Influenza,MEDIUM
P0177,70,Male,86,92,37.0,119,82,22,Yes,Yes,Yes,Yes,No,No,Pneumonia,CRITICAL
P0178,29,Male,57,96,37.9,136,68,26,No,Yes,No,Yes,No,No,Influenza,HIGH
P0179,83,Male,83,91,36.3,137,90,19,No,Yes,No,Yes,No,No,COPD,HIGH
P0180,54,Male,101,92,37.1,136,56,13,No,Yes,Yes,No,No,No,COPD,LOW
P0181,86,Female,76,98,36.7,160,83,18,No,No,Yes,Yes,No,No,Gastroenteritis,MEDIUM
P0182,29,Female,83,90,38.8,134,76,26,No,Yes,Yes,Yes,No,Yes,COVID-19,HIGH
P0183,54,Female,99,99,37.8,104,68,19,Yes,Yes,Yes,Yes,Yes,Yes,Influenza,CRITICAL
P0184,68,Female,90,93,37.0,131,77,20,Yes,No,Yes,No,No,No,Gastroenteritis,MEDIUM
P0185,54,Female,99,92,37.8,143,96,17,Yes,Yes,No,Yes,No,Yes,Influenza,HIGH
P0186,50,Female,45,96,37.5,133,82,22,No,Yes,No,No,No,No,Viral Infection,LOW
P0187,30,Female,108,92,37.8,123,82,25,No,No,Yes,Yes,No,No,Influenza,MEDIUM
P0188,45,Male,93,91,37.4,96,71,22,No,No,No,Yes,No,No,COPD,MEDIUM
P0189,35,Female,110,97,38.2,110,65,18,Yes,Yes,No,No,No,Yes,Viral Infection,MEDIUM
P0190,40,Male,76,98,36.7,127,80,11,No,No,Yes,No,No,No,Cardiac,LOW
P0191,67,Female,65,93,36.1,115,62,13,No,No,No,No,Yes,No,Cardiac,MEDIUM
P0192,64,Female,79,98,37.4,143,71,16,No,No,No,No,No,No,Gastroenteritis,LOW
P0193,62,Male,83,90,38.1,128,69,24,Yes,Yes,Yes,Yes,No,No,Influenza,CRITICAL
P0194,44,Male,86,100,37.2,90,58,20,No,No,No,No,No,No,Gastroenteritis,LOW
P0195,88,Male,96,98,37.8,133,93,17,Yes,No,No,No,No,No,Viral Infection,MEDIUM
P0196,24,Male,77,98,36.3,115,77,20,No,Yes,No,No,No,No,Healthy/Minor,LOW
P0197,43,Female,82,92,37.0,119,72,28,No,Yes,No,Yes,No,No,Asthma,HIGH
P0198,26,Female,92,94,37.9,143,85,22,Yes,Yes,No,Yes,No,Yes,COVID-19,HIGH
P0199,42,Female,75,96,37.4,130,62,18,No,Yes,Yes,No,No,Yes,Migraine,LOW
P0200,88,Female,84,89,36.8,120,73,23,No,Yes,No,Yes,No,No,COPD,HIGH
P0201,44,Male,98,93,38.2,98,90,21,Yes,Yes,Yes,Yes,No,No,Pneumonia,HIGH
P0202,84,Male,105,98,38.1,136,109,25,Yes,Yes,No,Yes,No,No,Pneumonia,CRITICAL
P0203,54,Female,99,90,37.6,128,87,30,Yes,No,No,Yes,No,No,Pneumonia,CRITICAL
P0204,69,Female,85,84,36.8,149,88,28,No,Yes,No,Yes,No,Yes,Asthma,HIGH
P0205,51,Female,57,92,37.9,153,74,26,Yes,No,Yes,Yes,No,No,Pneumonia,CRITICAL
P0206,37,Male,83,89,37.5,149,72,20,Yes,Yes,Yes,Yes,No,No,Influenza,CRITICAL
P0207,73,Female,77,89,37.8,128,86,20,No,Yes,Yes,No,No,No,Influenza,MEDIUM
P0208,88,Female,80,92,37.7,157,100,21,No,No,No,No,No,Yes,Healthy/Minor,LOW
P0209,37,Male,76,91,38.4,127,82,28,Yes,Yes,No,Yes,No,No,Influenza,CRITICAL
P0210,74,Male,87,88,38.0,118,94,32,No,No,Yes,Yes,No,No,Influenza,CRITICAL
P0211,37,Male,71,96,37.5,90,69,11,No,Yes,Yes,Yes,No,Yes,Asthma,HIGH
P0212,70,Male,70,91,37.8,136,90,35,Yes,Yes,Yes,No,No,No,Pneumonia,HIGH
P0213,75,Male,96,99,37.9,112,78,21,No,No,No,No,No,No,Healthy/Minor,LOW
P0214,50,Female,65,98,37.7,111,81,21,Yes,Yes,No,Yes,No,No,Viral Infection,MEDIUM
P0215,71,Female,87,94,37.7,123,90,16,No,Yes,No,Yes,No,No,Asthma,HIGH
P0216,37,Male,97,93,37.7,124,73,21,No,No,No,Yes,No,No,Asthma,LOW
P0217,23,Female,97,98,37.1,140,68,26,Yes,No,No,Yes,No,No,COVID-19,HIGH
P0218,25,Female,95,95,38.6,120,82,17,Yes,No,Yes,Yes,No,No,Influenza,MEDIUM
P0219,50,Male,89,91,38.1,116,78,10,Yes,No,No,Yes,No,Yes,COVID-19,HIGH
P0220,83,Male,98,93,37.6,106,87,26,No,No,No,Yes,No,No,Influenza,HIGH
P0221,27,Male,103,94,38.1,127,85,22,Yes,Yes,Yes,No,No,No,Influenza,HIGH
P0222,51,Female,92,97,36.3,131,97,23,No,No,Yes,No,Yes,No,Cardiac,MEDIUM
P0223,69,Female,63,91,38.4,124,90,23,Yes,Yes,No,Yes,No,No,Influenza,HIGH
P0224,32,Female,78,96,37.5,139,83,22,Yes,No,Yes,No,No,Yes,Influenza,HIGH
P0225,70,Female,96,85,37.2,114,78,27,No,Yes,No,Yes,No,No,Asthma,CRITICAL
P0226,40,Male,77,93,37.4,109,75,27,No,Yes,No,No,No,No,Asthma,MEDIUM
P0227,77,Male,109,93,38.1,133,89,21,Yes,Yes,Yes,Yes,No,Yes,Influenza,CRITICAL
P0228,60,Female,85,94,37.7,120,78,26,No,No,Yes,Yes,No,Yes,Influenza,CRITICAL
P0229,57,Male,87,90,38.1,136,86,20,Yes,Yes,Yes,Yes,No,No,Pneumonia,HIGH
P0230,30,Male,100,87,37.3,127,70,22,Yes,Yes,No,No,No,No,Pneumonia,MEDIUM
P0231,51,Male,76,100,37.5,142,99,20,No,Yes,No,No,No,Yes,Viral Infection,LOW
P0232,80,Male,83,95,37.7,146,87,23,No,No,Yes,No,No,No,Viral Infection,MEDIUM
P0233,19,Male,97,98,37.2,118,79,23,No,Yes,No,Yes,No,No,Asthma,HIGH
P0234,73,Male,68,93,37.0,129,79,19,No,Yes,No,No,No,No,Asthma,MEDIUM
P0235,53,Male,75,96,37.0,133,99,10,No,No,Yes,No,No,No,Gastroenteritis,LOW
P0236,70,Female,99,88,36.8,136,75,18,No,No,Yes,No,No,No,Cardiac,LOW
P0237,66,Female,87,90,37.5,132,76,28,No,Yes,No,Yes,No,No,Pneumonia,HIGH
P0238,49,Female,104,93,38.6,132,88,24,Yes,Yes,No,Yes,No,No,Influenza,CRITICAL
P0239,40,Female,65,95,36.5,122,80,23,No,Yes,No,Yes,No,No,Asthma,MEDIUM
P0240,63,Female,65,95,37.3,141,80,17,No,No,No,No,Yes,No,Cardiac,MEDIUM
P0241,28,Male,95,94,37.8,107,73,23,Yes,No,Yes,Yes,No,Yes,Influenza,HIGH
P0242,60,Female,97,94,38.2,151,79,18,Yes,No,No,Yes,No,Yes,COVID-19,HIGH
P0243,24,Female,82,96,37.6,102,79,26,No,Yes,Yes,Yes,No,No,COVID-19,HIGH
P0244,65,Female,92,93,38.4,138,98,26,Yes,Yes,No,No,No,No,Pneumonia,HIGH
P0245,63,Male,96,95,37.4,123,88,20,No,Yes,No,No,No,No,Asthma,LOW
P0246,24,Male,67,99,37.5,137,88,19,No,No,No,No,No,No,Gastroenteritis,LOW
P0247,73,Female,78,91,36.9,149,80,16,No,Yes,No,Yes,No,No,COPD,MEDIUM
P0248,48,Female,87,91,37.7,124,85,23,No,Yes,No,Yes,No,No,Pneumonia,MEDIUM
P0249,75,Female,99,82,39.2,161,69,23,Yes,No,Yes,Yes,No,Yes,Influenza,CRITICAL
P0250,21,Female,63,97,37.5,117,80,23,No,Yes,Yes,No,No,Yes,Viral Infection,LOW
P0251,31,Male,82,93,37.2,134,79,21,No,Yes,Yes,Yes,No,No,Asthma,HIGH
P0252,54,Male,82,90,38.0,115,99,26,Yes,Yes,No,Yes,No,No,Influenza,CRITICAL
P0253,31,Female,90,89,38.2,126,94,20,Yes,Yes,Yes,Yes,No,Yes,Pneumonia,HIGH
P0254,42,Female,78,96,38.0,106,76,10,Yes,Yes,No,No,No,Yes,Viral Infection,MEDIUM
P0255,66,Male,73,95,36.6,132,75,18,No,No,Yes,No,No,No,Migraine,MEDIUM
P0256,28,Male,94,98,38.1,119,70,18,No,Yes,Yes,No,No,Yes,Viral Infection,MEDIUM
P0257,67,Male,81,89,36.9,152,84,20,No,No,Yes,No,No,No,Cardiac,MEDIUM
P0258,25,Male,81,89,38.3,109,91,23,No,No,No,Yes,No,No,Asthma,MEDIUM
P0259,30,Female,64,97,37.3,169,82,20,No,Yes,No,Yes,No,Yes,Asthma,HIGH
P0260,60,Male,77,93,38.1,107,87,21,Yes,Yes,Yes,No,No,Yes,Pneumonia,MEDIUM
P0261,75,Female,87,95,37.1,139,92,14,No,No,Yes,No,Yes,No,Gastroenteritis,HIGH
P0262,30,Male,90,94,37.6,131,72,10,No,No,No,Yes,No,No,Cardiac,MEDIUM
P0263,39,Female,93,93,37.5,129,71,22,Yes,Yes,Yes,Yes,No,No,Pneumonia,HIGH
P0264,85,Male,89,94,37.8,132,91,16,No,No,Yes,No,Yes,No,Viral Infection,MEDIUM
P0265,90,Female,116,89,37.0,146,79,29,Yes,No,Yes,Yes,Yes,No,COVID-19,CRITICAL
P0266,60,Female,76,89,38.2,120,66,12,Yes,Yes,Yes,Yes,No,No,Influenza,CRITICAL
P0267,50,Female,64,91,38.3,154,69,23,Yes,Yes,No,Yes,No,Yes,COVID-19,CRITICAL
P0268,43,Female,64,100,37.5,111,89,27,No,Yes,Yes,No,No,Yes,Viral Infection,MEDIUM
P0269,62,Female,70,97,38.5,128,78,16,Yes,No,No,No,No,Yes,Viral Infection,MEDIUM
P0270,61,Female,73,94,36.5,119,84,22,No,Yes,No,Yes,No,No,COPD,HIGH
P0271,39,Male,79,97,36.9,107,68,19,No,No,No,No,No,No,Healthy/Minor,LOW
P0272,19,Male,94,97,38.0,98,82,19,Yes,Yes,Yes,No,No,Yes,Viral Infection,MEDIUM
P0273,29,Male,98,96,38.6,131,75,15,Yes,Yes,Yes,No,No,No,Viral Infection,MEDIUM
P0274,87,Male,88,99,37.5,130,91,14,Yes,Yes,Yes,No,No,No,Viral Infection,MEDIUM
P0275,48,Female,113,95,38.0,111,75,25,No,Yes,Yes,Yes,No,Yes,COVID-19,HIGH
P0276,53,Male,74,96,37.4,110,85,10,No,No,No,No,No,No,Migraine,LOW
P0277,52,Male,65,97,37.1,136,79,21,No,No,No,No,No,No,Cardiac,LOW
P0278,75,Female,94,99,37.4,136,83,17,No,No,Yes,No,No,No,Gastroenteritis,MEDIUM
P0279,22,Male,61,86,38.2,120,75,22,Yes,Yes,Yes,Yes,No,No,Pneumonia,CRITICAL
P0280,24,Male,68,99,36.6,108,78,15,No,No,No,No,No,No,Migraine,LOW
P0281,38,Female,85,100,37.6,127,81,23,No,No,No,No,No,No,Healthy/Minor,LOW
P0282,53,Female,84,91,37.8,115,75,23,No,No,No,Yes,No,No,COVID-19,MEDIUM
P0283,66,Female,77,96,36.7,133,81,18,Yes,No,Yes,No,No,No,Healthy/Minor,MEDIUM
P0284,53,Female,70,95,38.8,124,82,20,Yes,No,Yes,Yes,No,No,COVID-19,HIGH
P0285,50,Female,85,90,37.6,97,85,21,Yes,Yes,No,Yes,No,No,Pneumonia,CRITICAL
P0286,86,Female,102,93,38.0,173,86,35,Yes,Yes,Yes,No,No,No,Influenza,CRITICAL
P0287,29,Male,78,99,36.5,129,69,11,No,No,No,No,No,No,Migraine,LOW
P0288,59,Female,75,91,38.2,131,82,27,Yes,Yes,No,Yes,No,No,COPD,CRITICAL
P0289,57,Male,69,94,38.9,133,88,25,No,Yes,No,Yes,No,No,COVID-19,HIGH
P0290,52,Male,76,100,36.8,164,71,24,No,No,No,No,Yes,No,Cardiac,MEDIUM
P0291,76,Female,93,97,38.1,154,71,27,Yes,Yes,Yes,Yes,No,No,COVID-19,CRITICAL
P0292,37,Female,89,95,37.1,126,71,22,No,No,No,No,No,No,Asthma,LOW
P0293,87,Male,71,98,37.7,130,85,24,Yes,Yes,No,No,No,Yes,Viral Infection,HIGH
P0294,42,Female,49,99,36.9,112,56,18,No,No,No,No,No,No,Gastroenteritis,LOW
P0295,57,Female,84,100,36.8,99,87,20,No,No,No,No,No,No,Migraine,LOW
P0296,56,Female,75,94,36.1,127,83,23,No,No,No,Yes,Yes,No,Cardiac,MEDIUM
P0297,80,Male,90,91,37.2,149,62,19,No,No,No,No,No,No,Healthy/Minor,LOW
P0298,50,Female,75,94,37.9,135,69,20,Yes,Yes,No,Yes,No,No,Pneumonia,HIGH
P0299,38,Male,72,95,38.0,130,75,19,Yes,Yes,Yes,No,No,No,Pneumonia,MEDIUM
P0300,19,Female,87,86,37.9,112,60,24,Yes,Yes,Yes,Yes,No,Yes,Influenza,CRITICAL
P0301,44,Male,116,91,36.6,131,88,18,No,Yes,No,Yes,No,No,COPD,MEDIUM
P0302,78,Female,99,95,37.2,156,91,17,No,No,No,No,Yes,No,Cardiac,MEDIUM
P0303,18,Male,80,100,37.0,84,85,13,No,No,Yes,No,No,No,Gastroenteritis,LOW
P0304,83,Male,93,92,38.5,144,75,26,Yes,No,No,Yes,No,No,COVID-19,HIGH
P0305,57,Male,63,88,38.1,161,85,19,Yes,Yes,No,Yes,No,No,Influenza,HIGH
P0306,28,Female,71,95,36.7,121,75,11,No,No,No,No,Yes,No,Cardiac,MEDIUM
P0307,40,Male,45,96,37.1,80,76,12,No,No,No,No,No,No,Healthy/Minor,LOW
P0308,58,Female,108,96,37.0,115,85,19,No,Yes,Yes,No,No,No,COVID-19,MEDIUM
P0309,41,Male,105,95,38.8,91,77,20,Yes,No,Yes,Yes,No,No,Pneumonia,HIGH
P0310,25,Male,90,92,38.0,110,86,23,Yes,No,No,Yes,No,Yes,COVID-19,HIGH
P0311,66,Female,88,91,37.8,112,84,23,No,Yes,Yes,Yes,No,No,Asthma,HIGH
P0312,67,Female,67,88,37.5,147,78,26,Yes,Yes,Yes,Yes,No,No,Pneumonia,CRITICAL
P0313,26,Male,82,99,37.4,132,86,24,No,No,No,Yes,No,No,COVID-19,MEDIUM
P0314,38,Male,109,100,37.0,131,93,20,No,No,No,No,No,No,Cardiac,LOW
P0315,35,Male,87,96,38.1,140,79,13,Yes,Yes,Yes,Yes,No,No,COVID-19,MEDIUM
P0316,66,Female,79,95,38.1,123,96,19,Yes,Yes,Yes,Yes,Yes,No,COVID-19,CRITICAL
P0317,71,Female,64,94,38.0,135,81,26,Yes,Yes,No,No,No,No,Influenza,HIGH
P0318,71,Male,98,96,37.6,169,82,20,No,Yes,Yes,No,Yes,No,Viral Infection,MEDIUM
P0319,86,Female,88,90,36.1,150,86,28,No,Yes,No,No,No,No,Asthma,MEDIUM
P0320,74,Male,65,95,38.0,145,83,17,Yes,No,Yes,No,No,No,COVID-19,MEDIUM
P0321,41,Male,73,94,37.3,108,75,20,No,Yes,Yes,Yes,Yes,Yes,Influenza,CRITICAL
P0322,25,Female,69,96,36.5,119,75,16,No,No,Yes,No,Yes,No,Cardiac,HIGH
P0323,62,Female,77,100,37.7,114,72,18,Yes,No,Yes,No,No,No,Viral Infection,MEDIUM
P0324,84,Male,91,88,38.1,167,87,24,Yes,Yes,Yes,No,No,No,Influenza,CRITICAL
P0325,89,Female,82,86,38.8,117,99,26,Yes,No,Yes,Yes,No,No,Pneumonia,CRITICAL
P0326,34,Male,95,96,38.3,135,86,21,Yes,Yes,Yes,Yes,No,Yes,Pneumonia,CRITICAL
P0327,35,Female,87,96,37.4,135,86,23,No,Yes,No,No,No,No,Cardiac,LOW
P0328,20,Male,92,99,37.1,94,90,25,No,No,No,No,No,No,Healthy/Minor,LOW
P0329,28,Male,80,99,37.0,138,78,17,No,Yes,No,Yes,No,No,Asthma,MEDIUM
P0330,58,Male,125,90,39.0,124,71,22,No,No,No,No,No,No,COVID-19,MEDIUM
P0331,57,Female,71,98,36.2,107,78,21,No,No,No,No,No,Yes,Migraine,LOW
P0332,45,Female,66,100,36.9,128,78,20,No,No,No,No,No,Yes,Migraine,LOW
P0333,40,Male,72,95,37.7,107,73,20,No,No,Yes,Yes,No,No,Pneumonia,MEDIUM
P0334,78,Female,85,90,38.6,134,91,25,Yes,No,No,No,No,No,Pneumonia,MEDIUM
P0335,51,Female,63,100,37.5,117,89,15,Yes,No,Yes,Yes,No,Yes,COVID-19,MEDIUM
P0336,77,Male,85,95,37.4,123,67,19,No,No,Yes,No,No,Yes,Migraine,MEDIUM
P0337,88,Female,57,97,37.4,123,85,12,No,Yes,Yes,No,No,Yes,Gastroenteritis,MEDIUM
P0338,41,Female,80,100,37.2,133,49,19,No,No,Yes,No,No,No,Gastroenteritis,LOW
P0339,32,Male,60,100,38.3,125,77,12,Yes,Yes,No,No,No,Yes,Viral Infection,MEDIUM
P0340,87,Male,84,95,38.6,145,85,25,Yes,No,Yes,No,Yes,No,COVID-19,HIGH
P0341,64,Male,94,91,37.9,125,100,23,No,Yes,Yes,Yes,No,No,COVID-19,HIGH
P0342,39,Female,115,97,38.1,121,93,22,Yes,No,Yes,No,No,No,Influenza,MEDIUM
P0343,63,Female,65,98,37.6,119,91,14,Yes,Yes,Yes,No,No,No,Viral Infection,MEDIUM
P0344,55,Male,85,96,36.4,121,75,16,No,No,No,No,Yes,No,Cardiac,MEDIUM
P0345,84,Male,79,92,38.7,167,76,29,Yes,Yes,Yes,Yes,No,No,COVID-19,CRITICAL
P0346,36,Male,74,94,37.5,134,67,20,Yes,Yes,No,No,No,Yes,Influenza,MEDIUM
P0347,90,Male,73,100,37.4,134,102,19,No,No,Yes,No,No,Yes,Gastroenteritis,MEDIUM
P0348,86,Male,92,97,37.0,117,77,16,No,No,No,No,No,No,Migraine,LOW
P0349,31,Male,72,96,37.6,93,74,22,No,No,Yes,No,No,No,Gastroenteritis,LOW
P0350,30,Female,114,91,37.2,110,69,22,No,No,Yes,Yes,No,No,Pneumonia,MEDIUM
P0351,56,Male,84,98,38.3,129,68,14,Yes,Yes,Yes,No,No,No,Viral Infection,LOW
P0352,21,Female,65,94,37.1,122,81,17,No,No,Yes,No,No,No,Migraine,LOW
P0353,39,Male,73,96,36.8,122,80,16,No,No,Yes,No,No,No,Gastroenteritis,LOW
P0354,49,Male,68,97,36.7,129,57,23,No,No,No,No,No,No,Gastroenteritis,LOW
P0355,88,Female,92,94,38.7,125,74,19,Yes,Yes,Yes,No,No,No,Viral Infection,HIGH
P0356,90,Female,61,98,37.1,167,90,13,Yes,Yes,Yes,No,No,No,Healthy/Minor,MEDIUM
P0357,29,Female,69,96,36.7,123,81,19,No,No,No,No,No,No,Cardiac,LOW
P0358,83,Female,81,84,36.3,144,82,32,No,No,No,Yes,No,Yes,Asthma,CRITICAL
P0359,24,Male,94,89,37.4,110,84,27,Yes,Yes,Yes,Yes,No,No,COVID-19,CRITICAL
P0360,72,Male,96,95,38.5,139,69,14,Yes,Yes,No,No,Yes,Yes,Viral Infection,HIGH
P0361,79,Female,107,94,36.2,177,83,18,No,No,Yes,No,No,Yes,Cardiac,MEDIUM
P0362,83,Female,95,88,37.8,124,91,24,No,Yes,Yes,Yes,No,No,Influenza,CRITICAL
P0363,34,Female,84,99,39.1,102,72,22,Yes,Yes,No,Yes,No,No,Pneumonia,HIGH
P0364,83,Female,92,98,38.1,126,89,21,Yes,Yes,Yes,No,No,No,Viral Infection,MEDIUM
P0365,26,Male,63,98,38.2,115,67,15,No,No,No,No,No,No,Viral Infection,LOW
P0366,55,Male,55,99,36.3,118,72,13,No,Yes,Yes,No,No,No,Healthy/Minor,LOW
P0367,52,Male,91,93,36.2,109,62,26,No,Yes,No,No,No,Yes,Asthma,MEDIUM
P0368,41,Female,65,94,37.5,120,58,12,Yes,No,No,No,No,Yes,Migraine,LOW
P0369,19,Female,77,100,37.8,145,73,13,Yes,Yes,Yes,No,No,No,Viral Infection,MEDIUM
P0370,74,Male,89,93,38.4,133,89,19,Yes,Yes,Yes,No,No,Yes,COVID-19,HIGH
P0371,42,Female,88,88,38.0,119,77,25,Yes,Yes,Yes,Yes,No,Yes,Pneumonia,CRITICAL
P0372,66,Female,92,96,38.4,137,94,19,No,No,No,Yes,No,No,Healthy/Minor,MEDIUM
P0373,47,Male,96,94,38.0,134,75,26,Yes,Yes,Yes,Yes,No,Yes,Influenza,CRITICAL
P0374,45,Male,89,97,37.0,150,62,13,No,No,No,No,No,No,Cardiac,LOW
P0375,82,Female,75,100,36.4,143,89,13,No,No,Yes,No,No,No,Gastroenteritis,LOW
P0376,24,Female,79,100,37.3,120,67,15,No,Yes,Yes,No,No,No,Gastroenteritis,LOW
P0377,71,Male,79,90,38.4,118,85,23,Yes,Yes,Yes,Yes,No,No,Pneumonia,CRITICAL
P0378,72,Male,78,95,36.4,146,61,20,No,No,Yes,No,No,No,Gastroenteritis,MEDIUM
P0379,45,Male,119,93,38.1,109,76,14,Yes,Yes,No,Yes,No,No,Pneumonia,HIGH
P0380,37,Female,80,96,38.6,106,85,19,Yes,No,No,No,No,Yes,Viral Infection,LOW
P0381,18,Male,91,91,38.5,123,84,18,Yes,No,No,Yes,No,No,Pneumonia,MEDIUM
P0382,86,Female,72,97,36.2,165,84,16,No,No,Yes,No,No,No,Gastroenteritis,MEDIUM
P0383,87,Male,95,100,36.9,153,86,24,No,Yes,Yes,No,No,No,Migraine,MEDIUM
P0384,35,Male,95,98,38.8,119,73,12,Yes,Yes,No,No,No,No,Pneumonia,MEDIUM
P0385,20,Male,95,96,37.9,104,75,23,No,Yes,Yes,No,No,No,Pneumonia,MEDIUM
P0386,26,Female,81,91,36.9,144,84,18,No,No,No,No,No,No,Migraine,LOW
P0387,22,Male,98,88,38.4,119,71,18,Yes,Yes,No,Yes,No,Yes,Influenza,HIGH
P0388,78,Female,104,94,37.3,132,78,22,No,Yes,Yes,Yes,No,Yes,Pneumonia,CRITICAL
P0389,83,Male,92,96,36.7,148,70,29,No,No,No,Yes,No,No,Asthma,HIGH
P0390,29,Female,77,100,36.7,113,84,26,No,No,No,No,No,No,Healthy/Minor,LOW
P0391,72,Male,100,95,37.4,128,85,24,No,No,No,No,No,No,Cardiac,MEDIUM
P0392,31,Male,73,97,38.7,109,65,30,Yes,Yes,Yes,Yes,No,No,COVID-19,CRITICAL
P0393,44,Female,69,100,37.2,111,87,14,No,No,No,No,No,No,Healthy/Minor,LOW
P0394,61,Female,85,97,36.8,111,81,15,No,No,No,Yes,No,No,Asthma,MEDIUM
P0395,70,Female,64,86,37.4,114,75,24,Yes,Yes,No,Yes,Yes,No,Asthma,CRITICAL
P0396,81,Male,99,92,36.8,154,94,28,No,Yes,No,Yes,No,No,Asthma,CRITICAL
P0397,21,Female,72,98,38.2,131,74,14,Yes,Yes,No,Yes,No,Yes,COVID-19,MEDIUM
P0398,32,Male,79,95,38.4,107,62,18,Yes,No,No,No,No,Yes,COVID-19,MEDIUM
P0399,38,Female,75,100,37.6,134,87,13,No,No,Yes,No,No,No,Gastroenteritis,LOW
P0400,40,Female,86,94,37.9,125,69,24,Yes,Yes,Yes,Yes,No,No,Influenza,HIGH
P0401,90,Female,78,96,37.0,137,117,20,No,No,Yes,No,No,No,Gastroenteritis,LOW
P0402,74,Female,87,95,38.5,116,79,21,Yes,Yes,Yes,No,No,No,Pneumonia,HIGH
P0403,41,Female,84,92,38.6,126,57,23,Yes,Yes,No,No,No,Yes,COVID-19,MEDIUM
P0404,88,Female,83,89,38.0,171,104,19,Yes,Yes,No,Yes,No,No,Pneumonia,CRITICAL
P0405,54,Male,75,90,36.3,127,79,20,No,Yes,No,Yes,No,No,COPD,HIGH
P0406,54,Male,92,98,37.7,142,83,11,No,No,Yes,No,No,No,Gastroenteritis,LOW
P0407,49,Female,58,89,37.2,121,83,21,Yes,Yes,No,Yes,No,No,COVID-19,HIGH
P0408,28,Female,82,96,37.2,135,64,18,Yes,No,Yes,No,No,No,Pneumonia,LOW
P0409,86,Female,83,91,37.8,138,64,27,No,Yes,Yes,Yes,No,Yes,Pneumonia,CRITICAL
P0410,19,Female,83,100,37.9,82,97,17,No,Yes,Yes,No,No,Yes,Viral Infection,LOW
P0411,30,Male,66,88,37.4,108,62,21,No,Yes,Yes,Yes,No,No,Pneumonia,HIGH
P0412,34,Male,72,100,36.9,122,94,25,No,No,Yes,No,No,No,Migraine,LOW
P0413,38,Female,84,97,38.0,137,83,24,Yes,Yes,Yes,No,No,No,COVID-19,MEDIUM
P0414,27,Female,99,95,37.7,118,79,20,Yes,No,Yes,Yes,No,No,Pneumonia,MEDIUM
P0415,19,Male,82,98,37.7,120,73,14,No,No,Yes,No,No,No,Gastroenteritis,LOW
P0416,67,Male,71,93,37.0,123,105,19,No,Yes,No,Yes,No,No,Asthma,MEDIUM
P0417,88,Male,82,95,38.4,167,79,24,Yes,Yes,Yes,Yes,No,Yes,Influenza,CRITICAL
P0418,26,Male,90,99,36.1,144,71,18,No,Yes,No,No,No,No,Healthy/Minor,LOW
P0419,39,Female,69,95,37.2,109,84,13,No,No,No,Yes,No,No,Pneumonia,LOW
P0420,54,Female,84,98,38.1,102,73,16,No,Yes,Yes,Yes,No,No,COVID-19,MEDIUM
P0421,85,Female,88,93,38.7,111,75,22,Yes,Yes,Yes,Yes,No,Yes,COVID-19,CRITICAL
P0422,68,Female,82,89,36.3,142,82,19,No,No,No,Yes,No,No,Asthma,HIGH
P0423,73,Male,115,99,36.9,137,90,19,No,No,Yes,No,No,No,Migraine,MEDIUM
P0424,60,Male,81,93,37.3,116,100,23,No,No,Yes,No,No,No,Influenza,MEDIUM
P0425,48,Male,84,98,36.5,128,100,16,No,No,Yes,No,No,No,Healthy/Minor,LOW
P0426,32,Male,76,98,36.9,106,64,19,Yes,No,No,No,Yes,No,Cardiac,MEDIUM
P0427,81,Female,88,98,36.9,151,95,16,No,No,No,No,No,Yes,Healthy/Minor,MEDIUM
P0428,76,Male,92,100,37.3,130,74,19,Yes,Yes,No,No,Yes,Yes,Viral Infection,HIGH
P0429,19,Male,70,98,36.5,103,68,12,No,Yes,No,No,No,No,Healthy/Minor,LOW
P0430,70,Female,87,100,36.0,134,81,20,No,Yes,No,No,Yes,No,Cardiac,MEDIUM
P0431,24,Female,73,94,38.1,114,71,22,Yes,No,Yes,Yes,No,No,COVID-19,HIGH
P0432,71,Male,72,95,37.1,140,72,19,No,Yes,No,Yes,No,No,Asthma,MEDIUM
P0433,78,Male,94,96,37.1,156,61,18,No,Yes,Yes,No,No,No,Gastroenteritis,MEDIUM
P0434,27,Female,78,92,36.4,138,92,22,No,Yes,No,Yes,No,No,Asthma,HIGH
P0435,49,Female,47,100,37.3,127,88,18,No,No,No,No,No,Yes,Migraine,LOW
P0436,27,Female,108,92,38.2,117,77,23,No,Yes,No,Yes,No,No,Influenza,MEDIUM
P0437,59,Male,68,96,37.9,119,71,14,Yes,No,Yes,Yes,No,No,Viral Infection,HIGH
P0438,85,Male,85,87,38.1,112,98,27,Yes,No,Yes,Yes,No,No,Pneumonia,CRITICAL
P0439,23,Male,99,100,36.5,120,77,19,Yes,No,No,No,No,Yes,Healthy/Minor,MEDIUM
P0440,47,Female,83,98,38.0,110,73,19,Yes,Yes,No,No,No,No,Pneumonia,MEDIUM
P0441,89,Female,87,92,38.6,162,70,19,Yes,Yes,Yes,No,No,Yes,Influenza,HIGH
P0442,39,Female,62,95,38.4,117,83,14,Yes,Yes,No,No,No,Yes,Viral Infection,MEDIUM
P0443,27,Female,57,98,37.8,132,74,10,No,No,No,No,No,No,Viral Infection,LOW
P0444,53,Female,76,97,37.0,118,82,18,No,No,No,No,No,No,Migraine,LOW
P0445,55,Male,83,95,36.3,116,82,22,No,No,No,No,No,No,Healthy/Minor,LOW
P0446,66,Male,91,90,38.5,141,89,30,Yes,Yes,Yes,Yes,Yes,No,COVID-19,CRITICAL
P0447,40,Female,72,99,37.5,124,80,12,Yes,Yes,Yes,No,No,No,Viral Infection,MEDIUM
P0448,87,Male,89,89,38.2,146,83,28,No,Yes,Yes,Yes,No,No,COVID-19,CRITICAL
P0449,56,Male,62,92,38.4,126,86,22,No,Yes,No,Yes,No,No,COPD,HIGH
P0450,38,Male,91,89,36.5,133,87,11,Yes,No,No,No,No,No,Asthma,LOW
P0451,88,Male,91,96,39.2,152,102,23,Yes,Yes,No,Yes,Yes,No,Influenza,CRITICAL
P0452,85,Female,115,94,37.3,111,78,17,No,No,No,No,Yes,Yes,Cardiac,MEDIUM
P0453,54,Female,78,100,36.5,122,91,22,No,No,Yes,No,No,No,Migraine,LOW
P0454,19,Female,73,94,37.5,136,62,18,Yes,Yes,Yes,Yes,No,No,Pneumonia,HIGH
P0455,61,Male,78,99,38.2,113,91,20,No,No,No,No,No,No,Healthy/Minor,LOW
P0456,58,Male,82,88,37.0,101,75,22,No,Yes,No,Yes,No,No,COPD,HIGH
P0457,28,Male,91,91,37.9,118,86,15,Yes,Yes,Yes,Yes,No,No,Pneumonia,HIGH
P0458,64,Male,88,96,36.7,145,101,15,No,No,No,No,No,Yes,Cardiac,MEDIUM
P0459,79,Female,72,91,38.1,130,87,31,Yes,Yes,Yes,Yes,No,Yes,Pneumonia,CRITICAL
P0460,25,Female,64,97,38.2,141,78,21,Yes,Yes,Yes,Yes,No,Yes,Influenza,HIGH
P0461,70,Female,83,97,37.0,163,82,23,No,No,Yes,No,No,No,Gastroenteritis,LOW
P0462,28,Male,103,91,38.7,89,73,26,Yes,Yes,No,Yes,No,Yes,Influenza,CRITICAL
P0463,72,Female,88,91,37.4,128,95,22,Yes,Yes,Yes,Yes,No,Yes,Influenza,CRITICAL
P0464,48,Male,89,98,37.4,87,78,11,No,No,No,No,Yes,No,Migraine,LOW
P0465,18,Male,98,93,38.2,131,56,17,Yes,Yes,Yes,No,No,Yes,Influenza,MEDIUM
P0466,88,Female,85,95,37.7,131,95,26,No,Yes,No,No,No,Yes,Viral Infection,MEDIUM
P0467,30,Male,67,100,37.3,112,86,18,No,No,No,No,No,No,Migraine,LOW
P0468,61,Male,89,91,37.2,148,82,14,No,Yes,No,Yes,No,No,Pneumonia,HIGH
P0469,31,Female,101,91,35.7,99,70,26,No,Yes,No,Yes,No,No,COPD,MEDIUM
P0470,86,Male,95,94,38.0,115,75,16,No,No,No,Yes,No,No,Influenza,HIGH
P0471,71,Female,98,97,36.7,104,80,15,Yes,No,No,No,Yes,No,Cardiac,HIGH
P0472,76,Male,82,95,37.6,157,86,24,No,Yes,Yes,Yes,No,Yes,Influenza,HIGH
P0473,49,Female,75,100,36.0,141,61,28,No,No,No,No,No,No,Healthy/Minor,LOW
P0474,52,Male,84,90,38.8,121,84,26,No,Yes,Yes,Yes,No,No,Pneumonia,HIGH
P0475,64,Male,79,99,37.0,110,83,15,No,No,No,No,Yes,No,Gastroenteritis,MEDIUM
P0476,75,Female,103,90,37.9,149,97,24,Yes,Yes,Yes,Yes,No,Yes,Influenza,CRITICAL
P0477,79,Male,57,88,38.9,182,92,28,Yes,Yes,No,Yes,No,Yes,Pneumonia,CRITICAL
P0478,19,Female,85,91,37.3,116,71,28,No,Yes,No,Yes,No,No,Asthma,HIGH
P0479,66,Male,87,95,37.9,118,70,18,No,No,Yes,No,No,No,Cardiac,MEDIUM
P0480,25,Female,60,97,36.3,140,70,16,No,No,No,No,No,No,Healthy/Minor,LOW
P0481,39,Female,94,92,37.4,102,92,18,No,Yes,Yes,Yes,No,No,Influenza,MEDIUM
P0482,78,Male,78,91,38.5,131,88,27,Yes,No,Yes,Yes,Yes,Yes,Influenza,CRITICAL
P0483,36,Male,80,100,38.1,78,84,27,Yes,Yes,Yes,Yes,No,No,COVID-19,CRITICAL
P0484,76,Female,112,86,38.5,131,78,15,Yes,Yes,No,Yes,No,No,COVID-19,CRITICAL
P0485,51,Female,91,100,37.2,104,85,15,Yes,Yes,No,No,No,No,Viral Infection,LOW
P0486,34,Male,85,98,38.2,140,63,12,Yes,No,No,No,No,No,Viral Infection,LOW
P0487,42,Male,83,97,38.3,105,88,18,Yes,Yes,Yes,No,No,Yes,Viral Infection,MEDIUM
P0488,56,Female,83,88,38.3,140,69,16,Yes,No,Yes,Yes,No,No,Pneumonia,HIGH
P0489,73,Female,113,93,36.6,133,64,18,No,Yes,Yes,No,No,No,Asthma,MEDIUM
P0490,62,Male,90,94,37.0,132,105,22,No,No,Yes,No,No,No,Migraine,LOW
P0491,86,Male,79,93,37.6,149,88,23,Yes,No,No,Yes,No,Yes,COVID-19,HIGH
P0492,81,Female,63,100,36.7,138,86,19,No,No,Yes,No,No,No,Gastroenteritis,LOW
P0493,72,Male,95,87,37.7,124,65,26,No,Yes,Yes,Yes,No,No,Pneumonia,CRITICAL
P0494,62,Male,85,97,37.6,117,88,26,No,No,Yes,No,No,No,COVID-19,MEDIUM
P0495,39,Female,59,98,37.8,128,87,15,No,No,No,No,No,No,Viral Infection,LOW
P0496,48,Male,91,88,37.7,93,77,20,No,No,Yes,Yes,No,No,Pneumonia,HIGH
P0497,26,Female,75,95,36.5,147,87,15,No,No,No,No,No,No,Healthy/Minor,LOW
P0498,45,Male,92,94,37.3,124,91,27,No,No,Yes,Yes,No,No,COVID-19,HIGH
P0499,85,Female,94,92,38.8,135,91,24,Yes,Yes,Yes,No,No,No,Influenza,CRITICAL
P0500,49,Male,77,89,37.7,128,58,21,No,Yes,No,Yes,No,No,Pneumonia,HIGH
P0501,26,Female,93,94,38.3,110,66,24,No,Yes,Yes,No,No,No,Pneumonia,MEDIUM
P0502,65,Male,80,94,36.0,128,99,30,No,Yes,No,Yes,No,No,COPD,HIGH
P0503,88,Male,83,94,38.5,123,87,24,Yes,Yes,Yes,Yes,No,Yes,Influenza,CRITICAL
P0504,81,Female,82,94,36.9,150,90,18,No,No,No,No,Yes,No,Cardiac,MEDIUM
P0505,38,Female,93,99,37.7,119,70,26,Yes,Yes,No,No,No,Yes,Viral Infection,MEDIUM
P0506,51,Female,81,97,37.7,128,74,28,No,No,No,No,Yes,No,COVID-19,MEDIUM
P0507,56,Male,103,96,38.3,151,93,27,No,No,Yes,Yes,No,No,Pneumonia,HIGH
P0508,36,Male,108,96,35.5,107,93,20,No,Yes,No,No,No,No,Asthma,LOW
P0509,37,Female,68,98,36.7,118,86,14,Yes,No,No,No,No,No,Migraine,LOW
P0510,35,Female,48,98,36.7,100,88,10,No,No,No,No,Yes,Yes,Cardiac,MEDIUM
P0511,90,Male,103,92,37.8,151,93,28,Yes,No,Yes,Yes,No,No,Influenza,CRITICAL
P0512,72,Female,83,87,38.2,134,83,24,No,No,Yes,Yes,No,No,COPD,HIGH
P0513,79,Female,77,94,36.6,138,73,16,No,Yes,Yes,Yes,No,No,Asthma,CRITICAL
P0514,77,Female,80,87,38.6,134,70,29,Yes,No,No,Yes,No,No,COVID-19,CRITICAL
P0515,88,Female,83,90,38.7,132,100,22,Yes,Yes,No,No,No,No,Influenza,HIGH
P0516,25,Female,95,98,37.1,160,78,16,No,No,No,No,No,No,Healthy/Minor,LOW
P0517,82,Female,90,92,37.6,140,90,17,No,Yes,Yes,Yes,No,No,Pneumonia,HIGH
P0518,22,Female,102,95,37.6,125,80,24,Yes,Yes,Yes,Yes,No,No,Pneumonia,CRITICAL
P0519,52,Female,92,98,38.2,107,83,24,Yes,Yes,Yes,Yes,No,No,Pneumonia,CRITICAL
P0520,61,Female,83,98,37.5,150,89,17,No,Yes,No,No,Yes,No,Cardiac,MEDIUM
P0521,44,Male,80,91,37.0,120,86,20,No,Yes,No,No,No,No,Asthma,LOW
P0522,28,Female,92,93,38.5,127,70,34,Yes,Yes,Yes,No,No,No,Pneumonia,HIGH
P0523,32,Female,96,93,38.3,134,90,17,No,Yes,No,No,No,No,Asthma,MEDIUM
P0524,78,Female,94,97,37.2,135,77,16,No,No,Yes,No,No,No,Gastroenteritis,LOW
P0525,41,Female,82,91,37.4,110,81,25,Yes,No,No,Yes,No,Yes,COVID-19,HIGH
P0526,40,Male,80,98,37.9,83,66,12,Yes,No,Yes,No,No,No,Viral Infection,LOW
P0527,85,Female,96,96,38.5,134,84,19,Yes,Yes,Yes,Yes,No,No,COVID-19,CRITICAL
P0528,28,Male,80,94,37.8,109,71,27,Yes,No,No,No,No,No,Pneumonia,MEDIUM
P0529,84,Male,67,93,37.5,122,86,22,No,No,Yes,No,No,No,Healthy/Minor,LOW
P0530,85,Male,71,95,37.9,163,93,21,Yes,No,Yes,No,No,Yes,Viral Infection,HIGH
P0531,61,Female,83,87,38.1,145,83,23,Yes,No,Yes,No,No,Yes,COVID-19,HIGH
P0532,30,Female,87,98,37.7,91,98,14,Yes,No,Yes,No,Yes,No,Viral Infection,HIGH
P0533,29,Female,101,96,36.9,122,86,21,No,Yes,No,Yes,No,No,COPD,MEDIUM
P0534,38,Male,67,90,38.0,107,76,22,Yes,No,Yes,Yes,No,No,COVID-19,HIGH
P0535,60,Male,71,94,37.2,135,81,21,Yes,No,Yes,No,Yes,No,Viral Infection,MEDIUM
P0536,29,Female,73,96,36.6,107,82,19,Yes,No,No,No,No,Yes,Migraine,LOW
P0537,51,Male,95,96,37.3,116,87,18,No,Yes,No,Yes,Yes,No,COVID-19,MEDIUM
P0538,26,Female,79,100,36.6,141,70,21,No,No,Yes,No,No,No,Cardiac,LOW
P0539,57,Female,80,95,37.5,141,87,14,No,No,No,No,No,Yes,COVID-19,LOW
P0540,19,Female,67,90,38.7,144,66,21,Yes,Yes,No,No,No,No,Influenza,MEDIUM
P0541,69,Male,86,95,37.3,130,89,14,No,No,Yes,No,No,No,Healthy/Minor,MEDIUM
P0542,22,Male,83,97,37.1,97,89,18,No,Yes,Yes,No,No,No,COPD,MEDIUM
P0543,32,Male,77,97,36.5,141,85,26,No,Yes,No,No,No,No,Cardiac,MEDIUM
P0544,30,Female,83,98,37.1,141,59,10,No,No,No,Yes,No,No,Cardiac,MEDIUM
P0545,78,Male,102,90,36.2,147,67,20,No,Yes,No,Yes,No,No,COPD,HIGH
P0546,21,Female,72,89,38.1,108,84,24,Yes,Yes,Yes,Yes,No,No,COVID-19,CRITICAL
P0547,49,Male,67,100,37.1,107,55,15,No,No,No,No,No,Yes,Healthy/Minor,LOW
P0548,61,Male,103,100,37.2,144,92,18,No,No,No,No,No,No,Cardiac,LOW
P0549,55,Male,79,92,37.0,113,91,23,No,No,No,No,No,No,Gastroenteritis,MEDIUM
P0550,67,Female,95,87,37.4,127,94,27,No,Yes,No,Yes,Yes,No,Asthma,CRITICAL
P0551,76,Female,93,88,38.3,183,82,22,Yes,Yes,Yes,Yes,Yes,No,COVID-19,CRITICAL
P0552,46,Male,85,96,37.8,157,83,21,Yes,Yes,Yes,No,No,Yes,Influenza,HIGH
P0553,78,Female,83,89,38.6,150,87,26,Yes,Yes,Yes,Yes,No,No,COVID-19,CRITICAL
P0554,41,Female,96,95,38.3,110,63,25,Yes,Yes,No,Yes,No,No,Pneumonia,HIGH
P0555,89,Female,97,95,36.6,130,94,19,No,No,No,No,No,No,Gastroenteritis,LOW
P0556,54,Female,92,98,38.1,138,94,19,Yes,Yes,Yes,No,No,No,Viral Infection,MEDIUM
P0557,71,Male,72,92,37.8,158,90,26,Yes,Yes,Yes,Yes,No,Yes,COVID-19,CRITICAL
P0558,81,Male,105,92,37.0,130,80,24,Yes,Yes,Yes,No,No,Yes,COVID-19,CRITICAL
P0559,75,Female,76,95,37.3,128,92,16,Yes,No,Yes,No,No,No,Gastroenteritis,MEDIUM
P0560,80,Male,78,92,37.6,139,98,27,Yes,Yes,Yes,Yes,No,No,Pneumonia,CRITICAL
P0561,57,Male,76,99,36.9,105,93,18,No,No,No,No,No,No,Healthy/Minor,LOW
P0562,21,Male,96,93,37.2,98,88,13,Yes,Yes,Yes,Yes,No,Yes,COVID-19,HIGH
P0563,53,Female,92,92,37.6,107,64,18,Yes,Yes,No,Yes,No,No,Influenza,HIGH
P0564,31,Male,82,99,37.7,129,82,20,Yes,Yes,No,Yes,No,Yes,Pneumonia,HIGH
P0565,82,Male,92,94,37.3,143,92,18,No,No,Yes,No,No,No,Healthy/Minor,MEDIUM
P0566,35,Female,87,97,38.0,138,88,27,Yes,Yes,Yes,No,No,No,Pneumonia,HIGH
P0567,34,Male,71,96,36.3,92,83,31,No,Yes,Yes,No,No,No,Gastroenteritis,MEDIUM
P0568,36,Male,76,96,38.4,96,94,11,Yes,No,No,No,No,No,Pneumonia,MEDIUM
P0569,64,Male,92,98,37.8,138,64,23,Yes,Yes,Yes,Yes,Yes,No,Pneumonia,CRITICAL
P0570,59,Male,78,97,38.3,115,87,17,Yes,Yes,Yes,No,No,Yes,Viral Infection,MEDIUM
P0571,87,Female,71,89,37.4,128,91,23,Yes,Yes,No,Yes,No,No,Pneumonia,CRITICAL
P0572,48,Female,96,92,38.0,140,88,24,Yes,Yes,Yes,No,No,No,Influenza,HIGH
P0573,38,Male,79,91,37.9,111,93,23,No,Yes,No,Yes,No,Yes,COPD,HIGH
P0574,21,Female,99,99,38.1,113,69,15,Yes,No,No,No,No,No,Viral Infection,LOW
P0575,18,Female,67,93,38.0,116,93,22,Yes,Yes,Yes,Yes,No,No,COVID-19,HIGH
P0576,45,Female,83,92,37.2,119,87,25,No,Yes,No,Yes,No,No,Influenza,HIGH
P0577,85,Female,72,100,36.4,151,84,21,No,No,No,No,No,No,Healthy/Minor,LOW
P0578,56,Female,66,97,37.3,108,72,18,No,No,No,No,No,No,Gastroenteritis,LOW
P0579,83,Male,75,94,37.8,136,88,16,Yes,No,No,No,No,Yes,Viral Infection,MEDIUM
P0580,25,Male,101,100,37.1,139,81,30,No,No,No,No,No,No,Migraine,LOW
P0581,24,Female,80,100,37.0,154,81,19,No,No,No,No,Yes,Yes,Gastroenteritis,LOW
P0582,78,Female,78,95,37.3,115,79,27,Yes,Yes,No,Yes,No,Yes,COVID-19,CRITICAL
P0583,25,Female,61,99,38.4,125,84,20,Yes,No,No,Yes,No,Yes,COVID-19,HIGH
P0584,21,Male,56,99,36.2,117,74,18,No,No,No,No,No,No,Gastroenteritis,LOW
P0585,47,Male,71,97,36.8,122,91,18,No,No,No,No,No,No,Gastroenteritis,LOW
P0586,85,Female,73,90,36.9,128,103,10,No,No,Yes,No,No,No,Healthy/Minor,MEDIUM
P0587,68,Male,85,93,37.5,151,79,16,No,No,No,Yes,Yes,No,Cardiac,HIGH
P0588,25,Female,55,94,37.4,131,79,19,Yes,No,Yes,Yes,No,No,COVID-19,HIGH
P0589,79,Female,87,88,36.9,178,95,21,No,Yes,Yes,No,Yes,No,Asthma,HIGH
P0590,79,Female,102,91,37.2,122,92,14,No,No,No,No,No,No,Cardiac,MEDIUM
P0591,76,Male,109,91,37.1,108,71,24,No,Yes,Yes,Yes,No,No,Asthma,CRITICAL
P0592,83,Female,57,98,37.3,172,94,25,No,No,No,Yes,No,No,Migraine,HIGH
P0593,35,Female,76,97,36.6,125,76,18,No,No,No,No,No,No,Cardiac,MEDIUM
P0594,89,Female,78,94,38.4,135,89,19,Yes,Yes,No,No,Yes,No,Influenza,HIGH
P0595,41,Female,88,100,37.4,129,72,12,No,No,No,No,Yes,No,Cardiac,LOW
P0596,76,Male,73,99,37.6,120,96,17,No,No,No,No,Yes,No,Cardiac,MEDIUM
P0597,60,Female,101,100,38.1,135,77,11,Yes,Yes,Yes,No,No,Yes,Viral Infection,HIGH
P0598,74,Female,88,98,36.9,134,93,25,No,Yes,Yes,Yes,No,No,Asthma,HIGH
P0599,63,Female,86,100,36.6,154,84,23,No,No,No,No,No,No,Cardiac,MEDIUM
P0600,64,Female,107,92,36.1,145,78,19,No,Yes,No,No,No,Yes,Asthma,MEDIUM
P0601,62,Male,86,92,37.0,145,86,22,No,Yes,No,Yes,No,No,COPD,CRITICAL
P0602,74,Female,93,95,38.0,138,73,22,No,Yes,Yes,Yes,No,Yes,Influenza,HIGH
P0603,71,Male,70,93,37.9,160,102,16,Yes,No,Yes,No,No,No,Viral Infection,MEDIUM
P0604,27,Male,60,100,38.2,129,80,18,Yes,No,Yes,No,No,Yes,Viral Infection,MEDIUM
P0605,78,Female,80,89,36.1,129,79,21,No,No,No,Yes,No,No,COPD,HIGH
P0606,57,Male,114,92,36.7,115,77,18,No,Yes,No,Yes,No,No,COPD,MEDIUM
P0607,41,Male,93,91,39.1,109,78,15,Yes,Yes,Yes,Yes,Yes,No,Influenza,CRITICAL
P0608,55,Female,90,94,37.2,142,95,17,Yes,No,No,No,Yes,No,Cardiac,MEDIUM
P0609,88,Female,76,90,37.1,120,78,29,No,No,No,Yes,No,No,Asthma,HIGH
P0610,80,Male,93,99,37.0,140,82,22,No,No,Yes,No,No,Yes,Gastroenteritis,MEDIUM
P0611,78,Male,70,89,37.7,124,84,31,Yes,Yes,No,Yes,No,No,Influenza,CRITICAL
P0612,51,Male,58,100,36.0,105,95,14,No,No,No,No,No,No,Gastroenteritis,LOW
P0613,75,Female,80,89,38.4,118,94,28,Yes,No,No,No,No,Yes,COVID-19,CRITICAL
P0614,46,Male,103,95,36.0,122,95,12,Yes,No,Yes,No,No,No,Gastroenteritis,MEDIUM
P0615,68,Female,112,96,36.7,151,87,22,No,No,No,No,Yes,No,Cardiac,HIGH
P0616,64,Female,81,95,37.9,120,97,29,Yes,Yes,Yes,Yes,No,No,Pneumonia,CRITICAL
P0617,36,Female,76,94,36.6,87,91,24,No,Yes,No,Yes,No,No,Asthma,MEDIUM
P0618,37,Male,57,98,38.9,170,85,24,Yes,Yes,Yes,No,No,No,Viral Infection,MEDIUM
P0619,22,Female,87,100,37.9,144,90,14,No,No,No,No,No,No,Cardiac,LOW
P0620,28,Male,87,94,38.4,135,72,21,Yes,No,Yes,Yes,No,No,Influenza,HIGH
P0621,49,Male,95,92,36.4,150,98,18,No,Yes,No,Yes,No,No,Asthma,MEDIUM
P0622,52,Male,97,90,38.8,127,78,22,Yes,Yes,Yes,Yes,No,No,COVID-19,HIGH
P0623,30,Male,83,100,37.1,124,88,18,No,No,No,No,No,No,Cardiac,LOW
P0624,48,Female,93,97,36.4,151,90,17,No,No,No,No,Yes,No,Cardiac,LOW
P0625,62,Male,77,93,37.9,151,68,20,No,Yes,Yes,Yes,Yes,No,Influenza,CRITICAL
P0626,34,Female,93,100,37.5,136,81,15,Yes,No,No,No,No,No,Cardiac,LOW
P0627,42,Male,71,100,36.5,135,80,19,No,No,No,No,No,No,Migraine,LOW
P0628,44,Male,84,99,36.9,102,78,16,No,No,No,No,No,No,Migraine,LOW
P0629,54,Male,90,93,38.0,122,80,17,Yes,No,Yes,No,No,Yes,Influenza,MEDIUM
P0630,44,Male,86,93,37.4,149,94,13,Yes,Yes,Yes,Yes,No,No,COVID-19,HIGH
P0631,71,Male,97,90,36.7,147,75,21,No,Yes,No,No,No,No,Asthma,MEDIUM
P0632,41,Female,65,93,37.4,97,65,16,Yes,No,Yes,No,No,No,Pneumonia,MEDIUM
P0633,49,Female,71,93,37.2,116,74,18,No,Yes,No,Yes,No,No,Asthma,MEDIUM
P0634,45,Male,81,96,37.5,147,86,20,No,Yes,Yes,No,No,No,Influenza,MEDIUM
P0635,31,Female,66,93,38.3,127,86,21,Yes,Yes,No,Yes,No,No,Influenza,HIGH
P0636,68,Female,75,99,36.2,136,89,16,No,No,Yes,No,No,No,Gastroenteritis,LOW
P0637,35,Male,80,93,37.4,123,87,32,No,Yes,Yes,Yes,No,No,Pneumonia,HIGH
P0638,39,Male,95,97,36.3,119,81,11,No,No,No,No,No,No,Gastroenteritis,LOW
P0639,75,Male,89,95,37.8,127,79,29,Yes,Yes,Yes,No,No,Yes,Influenza,HIGH
P0640,87,Female,103,96,37.2,134,81,18,Yes,No,Yes,No,No,No,Cardiac,MEDIUM
P0641,66,Female,91,91,38.1,148,70,21,Yes,Yes,No,Yes,Yes,Yes,COVID-19,CRITICAL
P0642,84,Male,74,96,36.3,144,84,22,No,No,No,No,No,No,Migraine,LOW
P0643,80,Female,83,100,36.7,149,93,17,No,No,No,No,Yes,No,Migraine,MEDIUM
P0644,53,Female,95,94,37.6,135,83,18,No,No,No,No,No,No,COVID-19,LOW
P0645,74,Female,104,99,37.3,164,88,27,No,No,No,No,Yes,No,Cardiac,HIGH
P0646,41,Male,83,93,37.8,128,68,12,Yes,Yes,No,Yes,No,No,Pneumonia,MEDIUM
P0647,51,Female,65,100,36.8,144,110,16,No,No,No,No,Yes,No,Cardiac,LOW
P0648,57,Female,63,94,37.6,130,73,23,Yes,No,No,Yes,No,Yes,Influenza,HIGH
P0649,88,Female,85,93,37.9,126,88,30,No,Yes,Yes,No,No,Yes,Asthma,HIGH
P0650,79,Female,58,94,37.3,134,95,22,Yes,No,Yes,Yes,No,No,Pneumonia,HIGH
P0651,53,Female,102,95,37.7,135,81,29,Yes,Yes,No,No,No,No,Viral Infection,MEDIUM
P0652,65,Female,94,94,36.8,142,74,25,No,No,No,Yes,No,No,Asthma,MEDIUM
P0653,32,Male,78,100,36.7,149,90,10,No,No,No,No,Yes,Yes,Cardiac,LOW
P0654,76,Male,73,94,37.9,129,71,17,No,No,Yes,No,No,Yes,COVID-19,MEDIUM
P0655,58,Male,99,97,37.1,132,99,23,No,Yes,No,Yes,No,Yes,COVID-19,MEDIUM
P0656,56,Male,71,94,37.6,125,84,17,Yes,Yes,Yes,Yes,No,No,Pneumonia,HIGH
P0657,73,Female,67,100,37.5,161,81,21,No,Yes,Yes,No,No,No,Viral Infection,MEDIUM
P0658,64,Female,69,96,37.6,137,68,15,No,No,No,Yes,No,No,Migraine,MEDIUM
P0659,23,Female,86,89,38.9,126,66,17,Yes,Yes,Yes,Yes,No,Yes,Influenza,CRITICAL
P0660,39,Female,86,97,36.8,119,77,13,No,No,No,No,No,No,Migraine,LOW
P0661,30,Male,101,97,36.2,116,97,26,No,No,No,No,No,No,Asthma,LOW
P0662,71,Male,101,88,38.2,111,86,15,Yes,No,Yes,Yes,No,Yes,Influenza,CRITICAL
P0663,20,Female,85,87,36.4,100,81,27,No,No,No,Yes,No,No,COPD,MEDIUM
P0664,32,Male,98,89,37.7,123,82,27,Yes,Yes,No,Yes,No,No,Influenza,CRITICAL
P0665,61,Female,77,96,37.9,130,105,21,Yes,Yes,No,No,No,No,Pneumonia,MEDIUM
P0666,68,Male,56,91,36.6,136,79,13,No,No,Yes,No,No,No,Gastroenteritis,MEDIUM
P0667,54,Male,77,95,38.0,141,96,25,Yes,No,Yes,Yes,No,No,Pneumonia,CRITICAL
P0668,80,Female,71,95,37.3,139,81,17,Yes,No,No,No,No,No,Viral Infection,MEDIUM
P0669,85,Female,73,93,36.5,135,79,12,No,No,Yes,No,No,No,Gastroenteritis,HIGH
P0670,27,Female,66,95,38.4,117,77,26,Yes,Yes,Yes,No,No,No,Viral Infection,HIGH
P0671,87,Male,84,96,36.8,151,90,15,No,No,No,No,Yes,No,Cardiac,HIGH
P0672,62,Female,87,96,38.0,124,88,10,Yes,Yes,No,No,No,Yes,Viral Infection,MEDIUM
P0673,64,Female,109,93,36.9,148,59,23,Yes,No,Yes,Yes,Yes,Yes,COVID-19,CRITICAL
P0674,24,Female,63,93,37.2,120,79,22,No,Yes,No,No,No,No,COPD,LOW
P0675,63,Male,70,93,36.5,134,76,29,No,Yes,No,Yes,No,Yes,COPD,HIGH
P0676,70,Male,70,98,38.7,120,76,17,Yes,Yes,Yes,No,No,No,Viral Infection,MEDIUM
P0677,60,Female,96,94,38.3,146,69,20,Yes,Yes,Yes,No,No,No,Pneumonia,MEDIUM
P0678,24,Male,83,95,36.5,149,78,19,No,No,No,No,No,No,Cardiac,LOW
P0679,56,Female,69,99,36.0,105,76,18,No,No,No,No,No,No,Migraine,LOW
P0680,86,Male,98,93,38.9,147,82,25,Yes,Yes,No,No,No,Yes,COVID-19,HIGH
P0681,70,Male,92,95,38.3,132,67,20,Yes,Yes,Yes,No,No,No,Viral Infection,MEDIUM
P0682,28,Female,85,93,38.3,125,79,23,Yes,Yes,No,Yes,No,No,COVID-19,CRITICAL
P0683,88,Male,78,98,39.0,149,79,22,Yes,Yes,Yes,Yes,No,No,Pneumonia,CRITICAL
P0684,87,Male,93,92,36.9,111,74,23,No,Yes,No,No,Yes,No,Cardiac,MEDIUM
P0685,30,Female,82,95,37.4,132,73,20,No,Yes,No,No,No,No,Asthma,LOW
P0686,76,Male,84,94,37.7,154,77,28,Yes,No,Yes,Yes,No,Yes,Influenza,CRITICAL
P0687,47,Female,78,93,38.5,143,80,28,Yes,Yes,Yes,Yes,No,Yes,Influenza,CRITICAL
P0688,61,Male,98,93,37.6,114,76,19,No,No,Yes,No,No,No,Pneumonia,LOW
P0689,50,Female,81,97,36.6,124,65,28,No,No,No,No,No,No,Migraine,LOW
P0690,75,Male,94,96,37.9,127,75,16,Yes,Yes,Yes,No,No,No,Viral Infection,HIGH
P0691,90,Male,106,92,36.2,112,70,21,No,No,No,No,Yes,No,COPD,HIGH
P0692,76,Female,94,90,38.0,126,96,26,Yes,Yes,Yes,Yes,No,No,Influenza,CRITICAL
P0693,85,Female,82,98,36.7,123,99,26,No,No,Yes,No,No,Yes,COPD,MEDIUM
P0694,87,Male,95,94,37.0,147,101,19,Yes,Yes,Yes,No,No,No,Viral Infection,MEDIUM
P0695,24,Female,84,100,36.6,94,72,21,No,Yes,No,No,No,No,Migraine,LOW
P0696,36,Male,119,95,37.7,104,91,23,No,No,No,Yes,Yes,Yes,COVID-19,HIGH
P0697,70,Male,91,91,38.3,125,87,33,Yes,Yes,Yes,Yes,No,No,Influenza,CRITICAL
P0698,61,Female,88,100,38.3,142,74,17,No,Yes,No,No,No,No,Viral Infection,LOW
P0699,21,Female,82,94,38.6,164,72,13,Yes,No,Yes,No,No,No,Viral Infection,LOW
P0700,24,Male,84,95,38.1,125,76,20,Yes,Yes,Yes,No,No,No,Influenza,HIGH
P0701,55,Female,75,96,37.7,110,82,19,Yes,Yes,No,No,No,No,Viral Infection,MEDIUM
P0702,62,Male,90,92,37.9,119,86,24,Yes,Yes,Yes,Yes,No,No,Influenza,CRITICAL
P0703,30,Male,92,92,38.0,131,78,23,Yes,No,Yes,Yes,No,No,Influenza,HIGH
P0704,30,Male,93,95,37.0,98,75,13,No,No,No,No,No,Yes,Migraine,LOW
P0705,27,Male,89,87,37.1,138,92,27,No,Yes,No,Yes,No,No,COPD,HIGH
P0706,59,Female,80,95,36.5,133,80,31,No,No,No,No,No,No,Asthma,MEDIUM
P0707,18,Male,74,98,37.9,118,76,17,No,No,No,No,No,Yes,Viral Infection,LOW
P0708,59,Male,62,97,38.1,102,79,25,Yes,No,Yes,No,No,No,Viral Infection,MEDIUM
P0709,52,Female,107,96,37.4,140,79,26,Yes,Yes,No,Yes,No,No,Influenza,HIGH
P0710,52,Female,79,99,36.9,119,71,27,No,No,No,No,Yes,No,Cardiac,MEDIUM
P0711,67,Male,92,95,36.1,135,73,21,No,No,No,No,No,No,Migraine,LOW
P0712,56,Female,89,100,37.6,125,105,23,No,Yes,Yes,Yes,No,No,COPD,HIGH
P0713,71,Male,84,98,37.0,109,67,23,No,No,No,No,No,No,Healthy/Minor,LOW
P0714,73,Female,79,100,37.5,131,87,17,No,No,Yes,Yes,No,No,Gastroenteritis,MEDIUM
P0715,85,Female,78,90,37.4,121,90,26,Yes,Yes,Yes,No,No,Yes,Influenza,CRITICAL
P0716,76,Male,75,92,38.4,126,95,30,Yes,No,No,Yes,No,No,Pneumonia,HIGH
P0717,55,Male,101,95,38.3,134,84,21,Yes,Yes,Yes,Yes,No,Yes,Viral Infection,CRITICAL
P0718,53,Female,80,97,36.7,137,99,17,No,No,No,No,No,No,Healthy/Minor,LOW
P0719,35,Male,100,92,37.7,120,80,23,Yes,Yes,No,Yes,No,Yes,Influenza,HIGH
P0720,61,Male,104,100,37.4,115,95,25,Yes,Yes,No,Yes,No,No,Influenza,CRITICAL
P0721,28,Female,73,96,36.2,110,88,20,No,No,Yes,No,No,No,Migraine,LOW
P0722,85,Male,94,90,37.6,130,102,27,No,Yes,Yes,Yes,Yes,Yes,Influenza,CRITICAL
P0723,79,Female,88,87,37.3,103,85,26,Yes,Yes,No,Yes,Yes,No,Influenza,CRITICAL
P0724,26,Female,63,99,38.6,121,82,13,Yes,No,Yes,No,No,No,Viral Infection,MEDIUM
P0725,75,Male,78,93,37.2,109,81,16,Yes,Yes,Yes,No,No,No,Viral Infection,HIGH
P0726,26,Male,86,100,38.3,121,80,19,Yes,Yes,Yes,No,No,No,Viral Infection,MEDIUM
P0727,70,Female,74,90,37.0,110,86,23,No,No,No,No,No,No,Gastroenteritis,MEDIUM
P0728,24,Male,81,93,38.1,101,57,25,Yes,Yes,No,Yes,No,No,COVID-19,HIGH
P0729,53,Male,76,93,38.1,137,79,14,Yes,Yes,No,No,No,No,Viral Infection,LOW
P0730,66,Male,114,90,38.3,132,92,23,Yes,Yes,Yes,Yes,No,Yes,COVID-19,CRITICAL
P0731,71,Female,63,90,37.7,104,70,19,No,Yes,Yes,Yes,Yes,Yes,COVID-19,CRITICAL
P0732,48,Male,85,96,37.9,115,70,11,Yes,Yes,Yes,No,Yes,Yes,Viral Infection,HIGH
P0733,85,Female,78,94,36.7,144,98,19,No,Yes,No,No,No,No,Gastroenteritis,LOW
P0734,74,Male,72,98,38.8,125,98,25,No,Yes,No,No,No,Yes,Viral Infection,MEDIUM
P0735,33,Female,81,100,38.8,115,72,22,Yes,No,Yes,Yes,No,No,Pneumonia,HIGH
P0736,66,Female,88,96,36.6,136,84,28,No,No,No,Yes,No,No,Healthy/Minor,HIGH
P0737,71,Male,98,93,35.9,141,87,18,No,No,No,No,No,No,Cardiac,MEDIUM
P0738,42,Female,80,98,37.1,105,90,17,No,No,Yes,No,No,No,Gastroenteritis,LOW
P0739,71,Male,94,95,38.4,134,78,15,Yes,Yes,Yes,No,No,No,Viral Infection,MEDIUM
P0740,83,Male,105,93,38.8,135,82,22,Yes,Yes,No,Yes,No,No,COVID-19,HIGH
P0741,77,Female,91,96,37.4,164,98,14,No,No,Yes,Yes,No,No,Gastroenteritis,HIGH
P0742,73,Female,81,91,37.4,139,78,12,No,No,Yes,No,Yes,No,Cardiac,MEDIUM
P0743,64,Female,86,100,37.5,133,77,12,No,No,No,No,No,No,Migraine,LOW
P0744,37,Male,84,100,38.6,124,79,17,Yes,Yes,Yes,No,No,No,Viral Infection,LOW
P0745,76,Male,70,100,37.2,131,100,16,No,No,No,No,No,No,Gastroenteritis,MEDIUM
P0746,44,Male,65,92,37.3,110,67,20,Yes,Yes,Yes,No,No,Yes,Influenza,MEDIUM
P0747,56,Male,59,94,37.9,135,74,24,No,No,Yes,No,No,No,Pneumonia,MEDIUM
P0748,40,Male,79,95,36.9,127,84,10,No,No,Yes,No,No,No,Healthy/Minor,LOW
P0749,40,Female,82,98,37.1,153,85,17,No,No,No,No,No,No,Healthy/Minor,LOW
P0750,29,Male,63,99,36.8,132,80,21,No,No,No,No,No,No,Healthy/Minor,LOW
P0751,88,Female,102,89,38.6,154,85,28,Yes,Yes,Yes,Yes,No,Yes,Influenza,CRITICAL
P0752,28,Male,87,94,37.6,131,79,24,Yes,Yes,Yes,No,No,Yes,COVID-19,HIGH
P0753,24,Male,96,98,37.2,109,63,17,No,No,Yes,No,No,No,Migraine,LOW
P0754,86,Male,86,94,36.9,121,87,16,No,No,No,Yes,No,No,Migraine,MEDIUM
P0755,58,Male,72,97,37.5,112,96,22,Yes,Yes,Yes,Yes,No,No,Influenza,CRITICAL
P0756,49,Male,92,97,36.6,141,70,24,No,No,No,No,No,No,Cardiac,MEDIUM
P0757,71,Male,96,91,37.1,157,76,25,Yes,No,Yes,Yes,No,No,Pneumonia,CRITICAL
P0758,45,Female,78,87,37.3,134,75,22,No,Yes,No,Yes,No,No,COPD,HIGH
P0759,27,Female,66,95,37.9,117,75,25,No,Yes,Yes,Yes,Yes,No,Pneumonia,CRITICAL
P0760,71,Male,88,90,37.5,161,102,24,Yes,No,Yes,No,No,No,Influenza,HIGH
P0761,30,Male,72,96,37.1,113,69,23,No,Yes,Yes,Yes,No,No,Influenza,MEDIUM
P0762,58,Male,93,94,38.1,110,70,16,Yes,No,Yes,No,No,Yes,Viral Infection,MEDIUM
P0763,87,Male,76,97,36.7,145,94,17,No,No,No,No,No,No,Migraine,LOW
P0764,86,Male,104,89,36.5,161,80,23,No,No,Yes,Yes,No,No,Healthy/Minor,HIGH
P0765,44,Male,57,95,36.7,108,87,13,No,Yes,No,No,No,No,Asthma,LOW
P0766,74,Female,89,91,36.7,108,82,26,No,Yes,No,No,No,No,Asthma,MEDIUM
P0767,62,Male,105,95,38.4,131,87,20,Yes,No,No,No,No,Yes,COVID-19,MEDIUM
P0768,52,Male,75,96,36.7,144,68,10,No,No,No,No,No,Yes,Cardiac,LOW
P0769,28,Male,83,91,37.7,75,83,18,Yes,No,Yes,No,No,No,COVID-19,MEDIUM
P0770,45,Female,73,97,36.8,138,81,17,No,No,No,No,No,No,Migraine,LOW
P0771,65,Male,71,99,38.4,109,80,17,Yes,Yes,No,No,Yes,No,Viral Infection,MEDIUM
P0772,90,Male,85,97,37.9,154,75,22,Yes,Yes,Yes,No,No,No,Viral Infection,HIGH
P0773,18,Male,68,94,37.9,88,80,26,No,Yes,Yes,Yes,No,No,Pneumonia,HIGH
P0774,70,Male,86,86,37.0,110,91,17,No,No,No,Yes,No,No,COPD,HIGH
P0775,79,Male,95,96,37.5,147,80,26,Yes,Yes,Yes,Yes,Yes,No,Pneumonia,CRITICAL
P0776,87,Female,86,92,37.8,161,81,27,Yes,Yes,No,Yes,No,Yes,Influenza,CRITICAL
P0777,48,Male,65,96,36.1,123,87,18,No,No,Yes,No,No,No,Gastroenteritis,LOW
P0778,26,Male,98,93,37.3,158,95,24,No,Yes,No,No,No,Yes,COPD,MEDIUM
P0779,37,Female,87,99,37.0,104,87,10,No,Yes,No,No,No,No,Gastroenteritis,LOW
P0780,80,Male,74,91,37.9,121,87,20,Yes,Yes,Yes,Yes,No,No,Influenza,CRITICAL
P0781,82,Male,64,95,36.9,134,83,25,No,No,Yes,Yes,Yes,No,Healthy/Minor,HIGH
P0782,64,Male,67,100,37.0,125,82,16,No,No,No,No,No,No,Healthy/Minor,LOW
P0783,26,Female,92,98,36.5,125,65,32,No,No,No,Yes,No,No,Asthma,HIGH
P0784,26,Female,82,92,38.1,108,76,11,Yes,Yes,Yes,No,No,No,Viral Infection,MEDIUM
P0785,52,Female,95,97,37.7,134,91,29,Yes,Yes,Yes,Yes,No,Yes,Pneumonia,CRITICAL
P0786,60,Female,75,98,37.9,138,82,14,No,No,No,No,No,No,Migraine,LOW
P0787,20,Female,66,99,38.7,146,72,21,Yes,Yes,Yes,No,No,Yes,Viral Infection,HIGH
P0788,68,Female,92,99,38.0,125,76,18,Yes,No,Yes,No,No,Yes,Viral Infection,MEDIUM
P0789,57,Female,72,91,38.8,133,81,18,Yes,Yes,No,Yes,No,No,Viral Infection,HIGH
P0790,18,Female,87,96,37.4,130,66,25,No,Yes,No,Yes,No,Yes,Asthma,HIGH
P0791,24,Female,58,100,37.6,120,69,14,Yes,Yes,No,No,No,Yes,Viral Infection,LOW
P0792,51,Male,71,96,36.7,122,95,21,No,Yes,No,No,No,No,Gastroenteritis,LOW
P0793,70,Male,100,87,37.9,100,73,23,No,Yes,Yes,Yes,No,No,Influenza,HIGH
P0794,78,Female,78,96,38.2,138,77,25,No,No,No,Yes,No,Yes,Influenza,MEDIUM
P0795,49,Male,89,93,36.7,134,83,10,No,No,No,No,No,No,Migraine,LOW
P0796,39,Male,56,99,36.8,125,78,15,No,Yes,No,No,No,No,Cardiac,LOW
P0797,88,Female,82,92,36.6,129,88,30,No,No,Yes,No,No,No,COPD,HIGH
P0798,51,Female,76,99,38.7,98,89,20,Yes,No,Yes,No,No,No,Viral Infection,MEDIUM
P0799,41,Female,101,100,36.2,128,63,21,No,No,Yes,No,No,No,Gastroenteritis,LOW
P0800,50,Male,70,93,37.7,125,87,22,Yes,Yes,Yes,Yes,No,No,COVID-19,HIGH
P0801,18,Male,94,95,36.3,142,72,30,No,Yes,Yes,Yes,No,No,Asthma,CRITICAL
P0802,40,Male,100,96,36.3,103,79,18,No,No,No,No,No,No,Cardiac,LOW
P0803,55,Male,69,96,36.9,119,100,14,No,Yes,No,No,No,No,Migraine,LOW
P0804,85,Female,85,96,37.3,125,76,23,No,No,No,No,No,No,Cardiac,MEDIUM
P0805,71,Male,89,85,36.7,150,89,28,No,Yes,No,Yes,No,No,COPD,CRITICAL
P0806,75,Male,61,97,37.3,156,96,22,Yes,No,No,No,No,No,Gastroenteritis,MEDIUM
P0807,57,Male,73,91,37.4,158,74,15,No,No,No,Yes,No,No,Gastroenteritis,MEDIUM
P0808,26,Female,95,99,38.2,128,71,18,Yes,No,No,No,No,No,Viral Infection,LOW
P0809,46,Male,92,95,38.0,135,75,28,Yes,No,No,No,Yes,No,Influenza,MEDIUM
P0810,90,Male,80,93,36.6,149,80,21,No,No,No,No,No,No,Migraine,LOW
P0811,21,Female,86,88,37.1,129,79,15,No,Yes,No,Yes,No,No,COPD,HIGH
P0812,82,Female,96,90,37.4,140,94,21,Yes,Yes,Yes,No,No,Yes,Influenza,CRITICAL
P0813,67,Male,90,97,37.6,142,79,16,No,No,Yes,No,No,No,Gastroenteritis,MEDIUM
P0814,38,Female,71,99,37.3,154,87,14,No,No,Yes,No,No,No,Gastroenteritis,LOW
P0815,74,Female,107,86,36.6,139,98,14,No,Yes,Yes,Yes,Yes,No,COPD,CRITICAL
P0816,79,Male,98,96,36.4,138,89,28,No,No,No,No,No,Yes,Migraine,MEDIUM
P0817,21,Male,94,94,38.1,123,83,18,Yes,Yes,No,Yes,No,No,COVID-19,MEDIUM
P0818,25,Female,74,94,37.7,118,72,18,Yes,Yes,No,Yes,No,No,Pneumonia,HIGH
P0819,66,Male,73,88,38.1,136,56,15,Yes,Yes,Yes,Yes,No,Yes,COVID-19,CRITICAL
P0820,90,Female,85,91,36.9,140,93,28,No,Yes,No,Yes,No,No,Asthma,CRITICAL
P0821,19,Female,79,100,37.5,138,86,17,No,No,Yes,No,No,No,Gastroenteritis,LOW
P0822,66,Female,57,97,37.9,148,85,17,Yes,Yes,No,No,No,Yes,Viral Infection,MEDIUM
P0823,27,Female,84,99,37.9,155,87,16,No,No,Yes,No,No,No,Gastroenteritis,LOW
P0824,65,Male,103,98,38.2,131,77,25,Yes,Yes,Yes,Yes,No,Yes,Pneumonia,CRITICAL
P0825,63,Female,94,94,37.3,135,87,20,Yes,Yes,Yes,Yes,No,No,COVID-19,CRITICAL
P0826,24,Female,76,91,38.8,124,93,13,Yes,Yes,Yes,Yes,No,No,Pneumonia,HIGH
P0827,67,Male,69,93,37.3,135,90,13,No,No,Yes,No,No,No,Gastroenteritis,LOW
P0828,83,Female,92,91,38.4,157,99,18,Yes,Yes,No,No,No,No,Pneumonia,HIGH
P0829,81,Male,86,85,37.1,112,99,25,No,Yes,No,Yes,Yes,No,COPD,CRITICAL
P0830,20,Male,84,97,36.3,127,66,21,No,No,No,No,No,Yes,Migraine,LOW
P0831,35,Male,86,99,36.0,152,85,24,No,No,Yes,No,No,No,Gastroenteritis,LOW
P0832,35,Male,99,97,37.9,142,72,15,Yes,Yes,No,No,No,No,COVID-19,HIGH
P0833,51,Female,70,89,38.5,145,69,25,Yes,Yes,Yes,Yes,No,No,COVID-19,CRITICAL
P0834,28,Male,81,98,37.0,133,75,14,No,No,No,No,No,No,Gastroenteritis,LOW
P0835,80,Male,83,89,37.6,128,103,37,No,Yes,Yes,Yes,No,No,COPD,CRITICAL
P0836,74,Female,86,91,38.5,123,79,30,Yes,Yes,Yes,Yes,No,No,Influenza,CRITICAL
P0837,77,Female,92,96,38.2,125,67,27,Yes,No,Yes,No,No,No,Viral Infection,HIGH
P0838,32,Male,98,91,37.3,102,64,26,No,Yes,No,Yes,No,No,COPD,HIGH
P0839,19,Male,103,97,37.5,135,83,24,No,Yes,No,No,No,No,Asthma,MEDIUM
P0840,84,Female,94,94,37.9,163,78,22,Yes,Yes,Yes,Yes,No,No,Pneumonia,CRITICAL
P0841,39,Female,84,100,37.8,127,58,19,Yes,Yes,Yes,No,Yes,Yes,COVID-19,HIGH
P0842,65,Female,83,93,38.0,144,68,18,Yes,No,No,Yes,No,No,COVID-19,MEDIUM
P0843,84,Female,66,90,36.8,144,88,27,Yes,No,Yes,Yes,No,Yes,COVID-19,CRITICAL
P0844,20,Male,103,95,36.9,135,90,24,No,No,Yes,No,Yes,Yes,Cardiac,HIGH
P0845,18,Female,81,92,37.1,86,74,20,No,Yes,No,Yes,No,No,Asthma,MEDIUM
P0846,18,Male,85,100,38.0,125,84,14,Yes,Yes,Yes,No,No,Yes,Viral Infection,MEDIUM
P0847,29,Male,87,100,37.3,113,87,10,No,No,No,No,No,No,Healthy/Minor,LOW
P0848,21,Female,69,95,37.9,119,70,23,Yes,Yes,Yes,Yes,No,No,Pneumonia,HIGH
P0849,77,Female,76,89,37.3,140,83,30,No,Yes,No,Yes,No,No,Influenza,CRITICAL
P0850,62,Male,99,96,37.5,118,76,23,Yes,No,No,No,No,No,Migraine,LOW
P0851,89,Male,86,100,36.6,125,92,25,No,No,Yes,No,No,No,Healthy/Minor,MEDIUM
P0852,76,Female,73,93,37.9,124,78,21,Yes,Yes,Yes,No,No,Yes,Viral Infection,MEDIUM
P0853,88,Male,87,95,38.5,118,75,24,Yes,No,Yes,No,No,No,Influenza,MEDIUM
P0854,35,Female,99,95,38.6,102,79,28,Yes,Yes,No,Yes,No,No,Pneumonia,CRITICAL
P0855,39,Male,97,91,38.0,104,89,17,Yes,Yes,No,Yes,No,No,Influenza,HIGH
P0856,80,Female,62,92,38.2,115,90,17,Yes,Yes,Yes,No,No,Yes,Viral Infection,HIGH
P0857,35,Male,107,96,36.6,134,92,25,No,No,No,No,No,No,Cardiac,MEDIUM
P0858,22,Male,98,93,36.8,106,87,17,No,Yes,No,No,No,No,COPD,LOW
P0859,66,Male,85,86,37.4,102,83,24,No,No,No,No,No,No,COPD,MEDIUM
P0860,76,Female,72,95,37.6,130,79,27,Yes,No,No,No,No,No,Pneumonia,HIGH
P0861,88,Female,104,95,36.7,130,82,19,No,No,No,No,No,No,Cardiac,MEDIUM
P0862,85,Female,95,93,37.9,164,70,29,Yes,Yes,Yes,Yes,No,No,Influenza,CRITICAL
P0863,26,Female,67,100,36.8,128,94,24,Yes,No,No,No,No,No,Cardiac,LOW
P0864,74,Male,77,100,37.1,112,81,21,No,Yes,Yes,No,No,Yes,Migraine,MEDIUM
P0865,79,Female,122,94,36.2,147,68,25,No,No,Yes,No,No,No,Gastroenteritis,MEDIUM
P0866,68,Female,87,91,36.8,134,95,20,No,Yes,No,Yes,No,No,COVID-19,HIGH
P0867,77,Female,71,92,38.3,133,86,18,Yes,Yes,Yes,No,No,No,Viral Infection,MEDIUM
P0868,79,Female,68,96,36.3,163,95,30,No,No,Yes,No,No,No,Gastroenteritis,MEDIUM
P0869,50,Female,108,97,37.6,109,77,31,Yes,No,Yes,Yes,No,No,Influenza,CRITICAL
P0870,20,Female,96,94,36.9,137,70,16,Yes,Yes,Yes,Yes,No,No,Pneumonia,HIGH
P0871,51,Female,104,100,37.3,124,88,17,No,No,No,No,No,No,Cardiac,LOW
P0872,32,Male,88,95,38.4,120,83,23,Yes,Yes,No,Yes,No,Yes,COVID-19,HIGH
P0873,26,Female,101,92,38.3,108,75,24,Yes,No,No,Yes,No,Yes,Influenza,HIGH
P0874,27,Male,74,95,38.0,109,91,28,Yes,Yes,No,Yes,No,No,Pneumonia,HIGH
P0875,68,Female,89,87,37.0,126,92,32,Yes,Yes,Yes,Yes,No,No,Pneumonia,CRITICAL
P0876,54,Male,89,91,36.4,96,86,22,No,No,Yes,Yes,No,No,Asthma,HIGH
P0877,57,Female,105,95,36.6,139,74,22,No,No,No,No,Yes,No,Cardiac,MEDIUM
P0878,72,Male,91,91,37.6,136,71,27,Yes,Yes,Yes,Yes,No,No,Pneumonia,CRITICAL
P0879,58,Female,71,98,36.7,104,93,17,No,No,Yes,No,No,No,Gastroenteritis,LOW
P0880,63,Male,87,97,38.0,141,60,14,Yes,Yes,Yes,No,No,No,COVID-19,MEDIUM
P0881,24,Male,63,93,38.4,143,77,27,Yes,Yes,No,Yes,No,Yes,COVID-19,CRITICAL
P0882,80,Female,58,88,37.2,127,87,27,No,No,Yes,Yes,No,No,Pneumonia,CRITICAL
P0883,50,Female,89,100,36.8,112,75,19,No,No,No,No,No,No,Migraine,LOW
P0884,29,Male,73,90,37.1,138,78,13,No,No,No,No,No,No,Healthy/Minor,LOW
P0885,77,Male,84,89,36.7,143,89,33,No,Yes,No,Yes,No,No,COPD,CRITICAL
P0886,71,Female,98,92,37.8,132,78,25,Yes,No,Yes,Yes,No,Yes,Influenza,CRITICAL
P0887,21,Female,103,93,38.1,133,87,17,Yes,Yes,Yes,No,No,No,Pneumonia,HIGH
P0888,32,Male,92,95,37.9,124,84,16,Yes,Yes,No,Yes,No,No,Pneumonia,HIGH
P0889,19,Female,103,98,38.2,143,76,20,Yes,Yes,Yes,No,No,No,Viral Infection,MEDIUM
P0890,37,Male,92,95,37.9,120,70,25,Yes,No,Yes,No,No,No,Influenza,HIGH
P0891,25,Female,82,96,36.7,127,77,15,No,No,No,No,No,No,Healthy/Minor,LOW
P0892,69,Male,91,91,36.3,157,108,21,No,No,No,No,No,No,Cardiac,MEDIUM
P0893,56,Male,69,91,36.9,88,73,25,No,Yes,No,Yes,No,No,COPD,HIGH
P0894,89,Male,94,93,37.9,160,102,20,No,No,Yes,No,No,No,Viral Infection,MEDIUM
P0895,72,Female,55,89,37.5,126,66,21,Yes,Yes,No,Yes,No,No,Influenza,CRITICAL
P0896,62,Female,72,100,37.1,138,73,21,No,No,No,Yes,No,No,Migraine,MEDIUM
P0897,55,Male,86,98,38.5,153,75,26,Yes,Yes,Yes,Yes,No,Yes,Influenza,CRITICAL
P0898,21,Female,68,100,37.6,115,87,20,Yes,Yes,Yes,No,No,Yes,Viral Infection,MEDIUM
P0899,23,Female,79,94,36.5,113,79,18,No,Yes,No,No,No,Yes,COPD,LOW
P0900,62,Female,110,94,37.6,129,95,16,Yes,Yes,No,Yes,No,No,Influenza,CRITICAL
P0901,18,Female,92,100,37.4,97,75,17,Yes,Yes,Yes,No,No,No,Viral Infection,MEDIUM
P0902,21,Male,76,94,38.8,155,77,26,Yes,Yes,No,Yes,No,No,Influenza,HIGH
P0903,33,Male,79,99,37.7,119,75,27,No,Yes,No,Yes,No,No,Influenza,HIGH
P0904,82,Female,65,93,36.4,165,106,22,No,No,Yes,No,No,No,Migraine,LOW
P0905,51,Male,94,95,36.3,120,69,20,No,Yes,No,No,No,No,Asthma,LOW
P0906,69,Male,77,92,37.7,134,78,15,Yes,Yes,Yes,No,Yes,No,Viral Infection,HIGH
P0907,48,Male,60,100,36.5,145,74,17,No,No,No,No,Yes,No,Cardiac,MEDIUM
P0908,30,Female,87,93,37.7,108,88,17,No,No,No,No,Yes,No,Cardiac,LOW
P0909,45,Female,91,90,37.3,121,67,27,Yes,Yes,Yes,Yes,No,Yes,COVID-19,CRITICAL
P0910,24,Female,98,90,37.2,135,96,20,No,Yes,No,Yes,No,Yes,Influenza,HIGH
P0911,74,Male,79,96,37.0,132,85,17,Yes,No,No,No,No,No,Healthy/Minor,LOW
P0912,31,Male,80,94,37.9,112,82,31,Yes,No,Yes,No,No,No,Influenza,HIGH
P0913,45,Female,111,98,36.7,140,84,29,No,Yes,No,Yes,No,No,COPD,HIGH
P0914,89,Male,89,91,38.2,164,87,20,Yes,Yes,No,Yes,No,No,COVID-19,CRITICAL
P0915,61,Female,95,96,38.0,154,83,29,Yes,Yes,No,Yes,No,No,Pneumonia,CRITICAL
P0916,51,Male,79,98,36.8,120,85,12,No,No,Yes,No,No,No,Cardiac,LOW
P0917,57,Male,88,100,36.2,118,86,15,No,Yes,No,No,No,No,Migraine,MEDIUM
P0918,75,Male,62,96,36.0,128,76,18,No,No,No,No,Yes,No,Migraine,MEDIUM
P0919,36,Female,72,100,37.6,131,68,17,No,Yes,Yes,No,No,Yes,Viral Infection,LOW
P0920,64,Female,71,91,37.4,112,91,25,No,Yes,Yes,Yes,No,Yes,COVID-19,HIGH
P0921,81,Male,80,84,36.9,120,85,24,No,Yes,Yes,Yes,No,No,Asthma,CRITICAL
P0922,59,Female,102,95,37.1,117,61,25,No,Yes,No,Yes,No,No,Influenza,HIGH
P0923,50,Female,70,93,36.6,109,75,15,No,No,No,No,No,No,Migraine,LOW
P0924,28,Female,94,97,37.8,134,93,24,Yes,Yes,No,Yes,No,Yes,COVID-19,CRITICAL
P0925,36,Female,106,96,36.8,139,80,17,No,No,No,No,Yes,No,Cardiac,MEDIUM
P0926,87,Male,88,88,38.1,133,81,18,Yes,Yes,Yes,Yes,No,No,Pneumonia,CRITICAL
P0927,57,Female,92,100,37.8,125,66,19,Yes,Yes,Yes,No,No,No,Viral Infection,MEDIUM
P0928,39,Female,85,98,37.6,79,72,17,No,Yes,No,No,No,No,Viral Infection,LOW
P0929,48,Male,80,97,38.5,116,68,14,No,Yes,Yes,No,No,No,Viral Infection,MEDIUM
P0930,60,Male,96,96,37.8,149,86,20,Yes,Yes,Yes,Yes,No,No,Influenza,HIGH
P0931,57,Female,103,100,37.4,119,82,15,Yes,Yes,No,No,No,No,Healthy/Minor,LOW
P0932,69,Female,79,94,37.8,116,80,23,Yes,Yes,Yes,No,No,No,Pneumonia,HIGH
P0933,36,Male,73,90,37.9,142,70,30,Yes,No,No,Yes,No,Yes,COVID-19,CRITICAL
P0934,65,Male,73,95,37.8,113,98,31,Yes,No,Yes,Yes,No,No,Pneumonia,HIGH
P0935,50,Female,98,93,38.3,149,73,10,Yes,Yes,Yes,No,No,No,Pneumonia,HIGH
P0936,86,Male,103,86,36.6,187,79,26,No,Yes,No,Yes,No,No,COPD,CRITICAL
P0937,29,Male,78,94,37.9,118,76,26,Yes,Yes,Yes,No,No,No,Pneumonia,HIGH
P0938,28,Female,57,88,38.9,140,77,21,Yes,Yes,No,Yes,No,No,COVID-19,CRITICAL
P0939,51,Female,69,100,37.6,98,85,21,No,No,No,No,No,No,Gastroenteritis,LOW
P0940,55,Male,86,97,38.4,99,90,24,Yes,Yes,No,No,No,Yes,Viral Infection,MEDIUM
P0941,68,Male,79,94,36.2,120,92,13,No,No,Yes,No,No,No,Gastroenteritis,LOW
P0942,47,Male,88,98,36.3,142,108,18,No,No,No,No,Yes,Yes,Cardiac,MEDIUM
P0943,84,Male,82,91,38.0,140,69,33,Yes,Yes,No,Yes,No,No,Pneumonia,CRITICAL
P0944,52,Female,91,100,38.2,122,82,11,Yes,Yes,No,No,No,No,Viral Infection,LOW
P0945,27,Male,89,90,38.0,99,73,21,Yes,Yes,No,Yes,No,No,Influenza,HIGH
P0946,26,Male,93,92,37.6,118,98,20,Yes,Yes,No,Yes,No,No,Pneumonia,HIGH
P0947,89,Male,91,90,38.8,132,89,29,No,Yes,Yes,Yes,No,No,Influenza,CRITICAL
P0948,27,Female,85,95,37.4,105,58,22,No,No,Yes,No,No,No,Gastroenteritis,LOW
P0949,87,Female,95,91,38.4,125,91,25,No,Yes,Yes,Yes,No,No,COVID-19,CRITICAL
P0950,38,Female,66,96,36.6,123,81,17,No,No,No,No,No,No,Gastroenteritis,LOW
P0951,24,Male,90,90,37.7,108,86,14,Yes,Yes,Yes,Yes,No,No,COVID-19,CRITICAL
P0952,40,Female,95,95,37.2,120,71,28,No,No,No,Yes,No,Yes,Asthma,HIGH
P0953,62,Male,101,98,36.7,102,85,20,No,Yes,No,Yes,No,No,Asthma,MEDIUM
P0954,49,Female,90,94,37.6,132,77,21,Yes,No,No,Yes,No,No,Influenza,HIGH
P0955,75,Female,75,91,36.4,140,78,28,No,No,No,Yes,No,No,Asthma,HIGH
P0956,62,Female,77,98,36.9,132,89,18,No,No,No,No,Yes,No,Cardiac,LOW
P0957,47,Male,79,90,37.2,126,81,27,No,No,No,Yes,No,No,COPD,HIGH
P0958,64,Female,89,97,37.2,146,93,25,No,Yes,No,No,No,No,Influenza,MEDIUM
P0959,88,Female,80,96,37.1,118,87,20,No,No,Yes,No,Yes,No,Gastroenteritis,HIGH
P0960,48,Female,70,87,37.6,125,85,23,No,Yes,No,Yes,No,Yes,COVID-19,HIGH
P0961,29,Male,70,97,38.1,99,66,17,Yes,Yes,No,Yes,No,No,Influenza,HIGH
P0962,47,Female,58,96,38.1,125,93,21,Yes,No,No,Yes,No,No,Pneumonia,MEDIUM
P0963,79,Female,47,91,36.7,133,77,29,No,Yes,Yes,Yes,No,Yes,COPD,CRITICAL
P0964,33,Male,83,86,37.8,120,87,18,No,Yes,No,No,No,No,COVID-19,LOW
P0965,87,Female,112,95,36.6,155,89,16,No,No,Yes,No,No,No,Gastroenteritis,MEDIUM
P0966,60,Male,109,96,37.9,142,83,18,Yes,Yes,Yes,No,No,No,Pneumonia,HIGH
P0967,61,Female,66,99,37.4,147,89,18,No,No,No,No,No,No,Migraine,LOW
P0968,41,Female,87,94,37.9,114,57,28,Yes,Yes,No,Yes,No,Yes,COVID-19,CRITICAL
P0969,85,Male,70,98,36.7,158,84,21,No,No,No,No,No,Yes,Cardiac,MEDIUM
P0970,20,Male,61,98,36.5,128,85,10,No,No,No,No,No,No,Migraine,LOW
P0971,39,Female,69,97,37.7,114,97,25,No,Yes,Yes,No,No,Yes,COVID-19,MEDIUM
P0972,48,Male,82,94,37.6,125,79,20,Yes,Yes,Yes,Yes,No,No,Influenza,HIGH
P0973,52,Male,83,92,37.1,123,56,24,No,Yes,No,No,No,No,COPD,MEDIUM
P0974,52,Male,81,100,36.5,148,77,16,No,No,Yes,No,No,No,Healthy/Minor,LOW
P0975,28,Female,87,97,36.1,133,77,13,No,No,No,No,No,No,Healthy/Minor,LOW
P0976,34,Female,81,90,37.9,115,89,22,No,Yes,Yes,Yes,No,No,Pneumonia,HIGH
P0977,24,Female,78,98,36.7,114,78,15,No,No,No,No,No,No,Migraine,LOW
P0978,59,Male,72,95,37.6,144,69,23,Yes,No,Yes,Yes,No,Yes,COVID-19,HIGH
P0979,43,Male,68,96,38.3,143,88,18,Yes,Yes,Yes,Yes,No,No,Pneumonia,HIGH
P0980,59,Female,59,100,35.6,134,87,12,No,No,Yes,No,No,No,Gastroenteritis,LOW
P0981,61,Female,95,91,37.5,140,75,25,No,Yes,Yes,Yes,No,No,COPD,CRITICAL
P0982,69,Female,83,89,37.3,154,90,29,No,Yes,No,Yes,No,No,COPD,HIGH
P0983,57,Female,54,96,37.9,125,76,20,No,Yes,No,No,No,No,Viral Infection,LOW
P0984,65,Female,86,94,37.7,133,80,19,Yes,Yes,No,Yes,No,Yes,COVID-19,HIGH
P0985,60,Male,63,93,37.0,137,76,14,No,No,Yes,No,No,Yes,Gastroenteritis,MEDIUM
P0986,65,Male,108,94,38.1,124,79,19,Yes,Yes,Yes,No,No,Yes,COVID-19,HIGH
P0987,63,Female,79,100,37.6,158,91,26,Yes,Yes,Yes,Yes,No,No,Influenza,CRITICAL
P0988,41,Female,94,89,37.2,113,60,18,Yes,Yes,No,No,No,No,COVID-19,MEDIUM
P0989,35,Female,92,98,37.8,121,89,21,No,Yes,No,No,No,No,Healthy/Minor,LOW
P0990,75,Female,75,92,37.2,166,86,27,No,Yes,No,Yes,No,No,Asthma,HIGH
P0991,43,Male,86,95,38.3,92,75,28,Yes,No,Yes,Yes,No,Yes,Influenza,HIGH
P0992,58,Male,86,95,36.9,132,81,22,No,No,No,No,No,No,Gastroenteritis,LOW
P0993,32,Female,80,99,37.1,109,69,19,No,No,No,No,No,No,Healthy/Minor,LOW
P0994,49,Female,83,97,38.2,124,63,10,Yes,No,Yes,No,No,No,Viral Infection,MEDIUM
P0995,56,Male,69,94,35.9,114,76,20,No,No,No,No,No,No,Cardiac,LOW
P0996,63,Male,94,96,37.7,124,63,23,Yes,No,Yes,Yes,No,No,COVID-19,HIGH
P0997,56,Female,80,100,36.6,134,71,15,No,No,No,No,No,No,Cardiac,LOW
P0998,44,Female,83,95,37.8,126,62,23,Yes,Yes,Yes,No,No,Yes,Viral Infection,MEDIUM
P0999,88,Female,94,94,38.5,156,99,18,Yes,Yes,No,No,No,Yes,Viral Infection,MEDIUM
P1000,55,Male,87,96,37.1,90,68,15,No,Yes,Yes,No,No,No,Viral Infection,MEDIUM
P1001,77,Female,92,86,36.2,135,84,29,No,Yes,No,Yes,Yes,No,Asthma,CRITICAL
P1002,71,Female,95,93,37.6,131,95,22,Yes,No,Yes,No,No,No,Influenza,HIGH
P1003,58,Female,96,100,36.9,133,94,14,No,No,No,No,Yes,No,Cardiac,MEDIUM
P1004,82,Female,108,90,38.3,139,83,19,Yes,Yes,Yes,Yes,Yes,No,Pneumonia,CRITICAL
P1005,27,Male,85,93,38.6,107,75,18,Yes,Yes,Yes,Yes,No,No,Influenza,HIGH
P1006,85,Male,91,89,36.7,115,88,21,No,No,Yes,Yes,No,No,COPD,HIGH
P1007,80,Male,93,96,37.5,141,106,22,No,No,Yes,No,Yes,No,Gastroenteritis,MEDIUM
P1008,54,Female,72,94,38.2,110,85,12,No,Yes,Yes,No,No,Yes,Viral Infection,LOW
P1009,71,Male,63,97,37.0,140,90,11,No,No,No,No,No,Yes,Migraine,LOW
P1010,55,Male,85,95,37.9,112,103,18,Yes,Yes,Yes,No,No,No,Viral Infection,MEDIUM
P1011,37,Male,75,100,36.6,131,81,14,No,Yes,No,No,No,No,Migraine,LOW
P1012,76,Female,65,93,36.3,135,96,19,Yes,No,Yes,No,No,No,Gastroenteritis,HIGH
P1013,35,Female,92,90,37.4,120,83,28,Yes,No,Yes,Yes,Yes,Yes,Influenza,CRITICAL
P1014,40,Female,105,98,37.0,122,87,17,No,No,No,No,No,No,Cardiac,LOW
P1015,55,Female,64,93,38.2,120,71,29,Yes,No,No,Yes,No,Yes,Influenza,HIGH
P1016,79,Male,101,91,37.7,134,74,24,Yes,No,No,Yes,No,No,Influenza,CRITICAL
P1017,46,Male,52,91,38.2,142,74,27,Yes,Yes,Yes,Yes,No,No,Pneumonia,CRITICAL
P1018,54,Male,73,99,38.1,102,89,15,Yes,Yes,No,No,No,No,Viral Infection,LOW
P1019,21,Female,102,99,36.4,110,86,17,No,No,Yes,No,No,No,Migraine,LOW
P1020,26,Female,74,100,37.0,137,91,13,No,Yes,No,No,No,No,Healthy/Minor,LOW
P1021,22,Male,79,99,37.2,133,78,13,No,No,No,No,No,No,Healthy/Minor,LOW
P1022,23,Male,88,96,37.4,141,83,16,Yes,No,Yes,No,No,Yes,Viral Infection,LOW
P1023,81,Male,66,87,38.0,138,91,18,Yes,Yes,Yes,Yes,No,Yes,Influenza,CRITICAL
P1024,79,Female,82,91,37.9,116,84,20,No,Yes,Yes,No,No,No,Viral Infection,LOW
P1025,77,Male,82,96,37.6,119,81,18,Yes,No,Yes,No,No,No,Viral Infection,MEDIUM
P1026,22,Female,102,100,37.8,115,63,18,Yes,No,No,Yes,No,Yes,Viral Infection,LOW
P1027,23,Male,69,91,37.2,132,76,16,Yes,No,No,No,No,No,Pneumonia,LOW
P1028,38,Female,80,94,37.9,116,77,25,Yes,Yes,Yes,Yes,No,Yes,Influenza,CRITICAL
P1029,59,Female,67,98,36.2,123,93,25,No,No,No,No,No,No,Healthy/Minor,MEDIUM
P1030,42,Male,72,96,38.4,127,91,29,Yes,Yes,Yes,No,No,No,Pneumonia,CRITICAL
P1031,53,Female,100,96,37.9,126,82,31,Yes,Yes,Yes,Yes,No,No,COVID-19,CRITICAL
P1032,30,Female,85,87,36.8,113,99,22,Yes,Yes,Yes,Yes,No,Yes,Asthma,CRITICAL
P1033,71,Female,80,94,38.7,118,85,22,Yes,No,No,Yes,No,Yes,Influenza,HIGH
P1034,40,Female,78,94,37.7,135,88,24,No,No,No,Yes,No,No,Influenza,MEDIUM
P1035,22,Male,71,97,36.5,137,77,16,No,No,No,Yes,No,No,Healthy/Minor,LOW
P1036,72,Male,74,94,37.1,117,72,11,No,No,No,No,No,No,Viral Infection,LOW
P1037,83,Female,65,96,38.5,133,81,23,Yes,Yes,Yes,No,No,Yes,Viral Infection,HIGH
P1038,19,Male,82,92,38.7,131,93,21,Yes,Yes,No,No,No,Yes,COVID-19,MEDIUM
P1039,49,Male,80,91,37.1,106,77,15,No,Yes,Yes,No,No,No,Pneumonia,LOW
P1040,78,Male,78,89,36.7,143,80,22,No,Yes,No,No,No,No,Asthma,MEDIUM
P1041,69,Male,89,88,36.8,128,83,23,No,No,Yes,Yes,No,No,Asthma,HIGH
P1042,80,Male,91,95,38.0,119,81,24,Yes,Yes,Yes,Yes,No,Yes,Influenza,CRITICAL
P1043,48,Male,71,98,36.8,152,91,17,No,No,No,No,No,Yes,Migraine,LOW
P1044,45,Female,76,100,36.7,117,98,23,No,No,Yes,No,No,No,Healthy/Minor,LOW
P1045,69,Female,115,90,37.0,141,83,18,No,Yes,No,Yes,No,No,COPD,HIGH
P1046,29,Male,113,95,37.5,102,83,21,Yes,Yes,Yes,Yes,No,Yes,COVID-19,HIGH
P1047,35,Male,71,91,38.0,145,88,18,Yes,Yes,No,Yes,No,Yes,COVID-19,HIGH
P1048,61,Female,74,93,37.4,161,83,28,Yes,Yes,No,Yes,No,No,Influenza,CRITICAL
P1049,66,Male,73,91,37.7,108,74,21,No,Yes,Yes,Yes,No,No,Pneumonia,HIGH
P1050,26,Male,99,90,36.0,117,74,20,No,Yes,No,Yes,No,No,COPD,MEDIUM
P1051,55,Male,80,92,36.6,148,85,27,Yes,Yes,Yes,No,Yes,No,Asthma,CRITICAL
P1052,44,Male,88,93,36.8,114,83,28,No,Yes,No,Yes,Yes,No,COPD,CRITICAL
P1053,54,Male,104,99,38.6,133,63,24,Yes,Yes,No,No,No,Yes,Viral Infection,HIGH
P1054,87,Male,89,87,38.2,114,82,17,Yes,No,Yes,Yes,No,No,Pneumonia,CRITICAL
P1055,23,Female,94,94,38.0,107,71,24,Yes,Yes,No,Yes,Yes,No,Influenza,CRITICAL
P1056,90,Female,96,93,37.9,147,96,25,Yes,Yes,Yes,Yes,No,Yes,Influenza,CRITICAL
P1057,50,Male,77,92,36.9,115,73,22,No,No,No,No,No,No,Influenza,LOW
P1058,74,Female,102,94,36.2,136,84,19,No,No,No,No,Yes,No,Cardiac,MEDIUM
P1059,48,Female,67,99,37.8,99,74,23,Yes,Yes,No,No,No,No,Viral Infection,MEDIUM
P1060,40,Male,95,91,38.3,130,86,22,Yes,Yes,No,Yes,No,No,Viral Infection,MEDIUM
P1061,74,Male,81,96,36.7,120,98,23,No,No,No,No,No,No,Cardiac,LOW
P1062,68,Female,81,96,36.4,157,88,25,No,Yes,No,Yes,No,No,Asthma,HIGH
P1063,28,Male,71,86,37.8,109,89,32,Yes,Yes,No,Yes,No,No,Pneumonia,CRITICAL
P1064,69,Male,75,93,36.7,146,96,22,No,Yes,No,Yes,No,No,Asthma,HIGH
P1065,72,Male,82,93,38.3,146,66,17,No,No,Yes,Yes,No,Yes,COVID-19,MEDIUM
P1066,46,Male,46,94,38.2,107,85,16,Yes,Yes,Yes,No,No,Yes,Viral Infection,MEDIUM
P1067,85,Male,85,92,36.6,131,82,24,No,No,No,No,No,No,Asthma,MEDIUM
P1068,64,Male,80,96,37.9,123,70,28,Yes,Yes,Yes,Yes,No,Yes,Pneumonia,CRITICAL
P1069,42,Male,95,90,38.0,115,75,20,Yes,Yes,Yes,Yes,No,Yes,COVID-19,HIGH
P1070,18,Female,90,92,38.1,99,85,24,No,Yes,Yes,Yes,No,No,Influenza,HIGH
P1071,67,Male,71,96,38.6,141,97,12,Yes,No,Yes,No,No,No,Viral Infection,LOW
P1072,33,Female,79,96,37.9,109,65,27,Yes,Yes,No,Yes,No,Yes,Influenza,HIGH
P1073,73,Female,84,89,38.4,133,90,24,Yes,Yes,Yes,Yes,No,Yes,Influenza,CRITICAL
P1074,56,Female,105,93,37.4,143,101,21,Yes,Yes,No,No,No,No,Pneumonia,MEDIUM
P1075,52,Female,68,96,37.6,135,98,27,Yes,Yes,Yes,No,No,Yes,Viral Infection,HIGH
P1076,29,Male,76,92,35.8,110,45,27,No,No,No,Yes,No,No,COPD,MEDIUM
P1077,69,Male,73,98,36.9,156,109,14,No,No,No,No,Yes,No,Cardiac,MEDIUM
P1078,30,Male,66,94,38.5,131,88,22,Yes,Yes,Yes,Yes,No,Yes,COVID-19,CRITICAL
P1079,48,Female,89,92,36.8,112,56,34,Yes,No,Yes,No,No,No,Influenza,HIGH
P1080,79,Female,84,95,38.0,129,77,28,Yes,Yes,No,No,No,No,Viral Infection,MEDIUM
P1081,85,Female,105,89,38.2,156,99,28,No,No,Yes,Yes,No,Yes,Pneumonia,CRITICAL
P1082,90,Male,103,88,38.4,155,91,16,No,Yes,Yes,Yes,No,No,Influenza,CRITICAL
P1083,87,Male,121,99,36.3,123,85,25,No,No,No,No,Yes,Yes,Cardiac,HIGH
P1084,58,Female,85,98,38.2,112,82,19,Yes,Yes,Yes,Yes,No,No,Influenza,HIGH
P1085,32,Female,82,88,37.9,131,83,28,Yes,Yes,Yes,Yes,No,Yes,Influenza,CRITICAL
P1086,79,Female,64,97,38.2,119,79,16,Yes,Yes,Yes,No,No,No,Viral Infection,MEDIUM
P1087,76,Male,97,91,36.7,149,83,26,No,Yes,No,Yes,No,No,COPD,CRITICAL
P1088,90,Male,91,88,38.1,173,96,21,Yes,Yes,Yes,Yes,No,No,Pneumonia,CRITICAL
P1089,65,Male,95,92,38.4,137,75,20,Yes,Yes,No,No,No,Yes,COVID-19,MEDIUM
P1090,28,Female,63,96,36.7,105,64,20,No,Yes,Yes,No,No,Yes,Gastroenteritis,LOW
P1091,54,Male,90,99,38.0,129,74,16,Yes,Yes,Yes,Yes,No,Yes,Influenza,HIGH
P1092,50,Female,88,98,38.5,141,71,33,Yes,Yes,Yes,Yes,No,Yes,Influenza,CRITICAL
P1093,79,Male,91,93,36.7,145,83,14,No,No,No,No,Yes,No,Cardiac,MEDIUM
P1094,46,Male,77,94,36.3,136,66,12,No,Yes,No,No,Yes,No,Cardiac,MEDIUM
P1095,41,Male,93,100,37.1,108,81,20,No,No,No,No,No,No,Healthy/Minor,LOW
P1096,23,Female,112,95,38.5,108,87,28,Yes,Yes,Yes,No,No,No,COVID-19,HIGH
P1097,78,Female,73,94,38.5,152,77,23,Yes,Yes,No,Yes,No,No,Influenza,HIGH
P1098,73,Female,97,86,37.1,123,77,19,No,Yes,Yes,No,No,No,COPD,MEDIUM
P1099,21,Female,49,100,36.0,85,80,13,Yes,No,No,No,Yes,No,Cardiac,MEDIUM
P1100,49,Male,94,91,37.6,119,71,17,Yes,No,Yes,Yes,Yes,No,Influenza,CRITICAL
P1101,53,Male,61,93,36.5,131,90,23,No,Yes,No,No,No,No,COPD,MEDIUM
P1102,52,Female,78,93,37.9,142,71,22,No,No,No,Yes,No,No,Pneumonia,MEDIUM
P1103,85,Male,64,100,38.7,167,81,21,Yes,Yes,Yes,No,No,No,Viral Infection,HIGH
P1104,28,Male,75,99,37.7,121,70,19,Yes,Yes,No,No,No,No,Viral Infection,LOW
P1105,40,Female,96,93,37.8,131,88,26,No,Yes,No,Yes,No,No,Asthma,HIGH
P1106,31,Female,54,98,36.6,122,76,15,No,Yes,No,No,No,No,Healthy/Minor,LOW
P1107,35,Male,73,98,36.8,126,98,14,No,Yes,No,No,No,No,Healthy/Minor,LOW
P1108,84,Female,82,88,38.3,137,89,25,No,Yes,No,Yes,No,No,Influenza,HIGH
P1109,86,Female,109,96,38.3,147,98,24,Yes,Yes,No,Yes,No,No,COVID-19,CRITICAL
P1110,21,Female,92,100,37.1,114,79,18,No,No,No,No,No,No,Cardiac,LOW
P1111,64,Female,71,93,37.6,162,73,19,Yes,No,Yes,No,No,No,Influenza,MEDIUM
P1112,34,Male,79,95,38.4,82,78,25,Yes,Yes,Yes,Yes,No,Yes,COVID-19,CRITICAL
P1113,32,Male,105,99,37.4,129,71,17,Yes,No,No,Yes,No,No,Pneumonia,MEDIUM
P1114,39,Female,87,100,36.4,125,58,15,No,No,No,No,No,No,Healthy/Minor,LOW
P1115,32,Male,73,93,36.8,126,88,27,No,Yes,No,Yes,No,Yes,Asthma,HIGH
P1116,53,Male,75,98,36.7,107,81,12,No,No,No,No,No,Yes,Migraine,LOW
P1117,90,Female,86,86,38.4,116,80,29,No,No,Yes,Yes,Yes,No,COVID-19,CRITICAL
P1118,60,Male,79,96,37.6,139,85,16,Yes,Yes,Yes,No,No,No,Influenza,HIGH
P1119,70,Female,58,99,38.1,155,84,12,No,Yes,Yes,No,No,No,Viral Infection,MEDIUM
P1120,54,Male,77,97,37.5,130,95,15,No,No,Yes,Yes,No,Yes,Influenza,MEDIUM
P1121,19,Male,103,95,38.4,133,82,23,Yes,No,Yes,No,No,Yes,Influenza,HIGH
P1122,24,Female,80,94,37.9,113,76,25,Yes,No,Yes,Yes,No,No,COVID-19,HIGH
P1123,37,Female,77,95,37.6,125,85,23,No,No,Yes,No,No,No,Gastroenteritis,LOW
P1124,35,Male,87,94,38.7,140,78,27,Yes,Yes,Yes,Yes,No,No,COVID-19,CRITICAL
P1125,79,Male,117,89,37.7,133,87,28,Yes,Yes,Yes,No,No,No,Influenza,CRITICAL
P1126,79,Male,88,92,38.2,157,97,20,Yes,Yes,No,No,No,No,COVID-19,HIGH
P1127,80,Male,102,89,37.7,112,74,20,Yes,Yes,Yes,No,No,No,Pneumonia,HIGH
P1128,64,Female,79,95,38.1,121,74,26,Yes,Yes,No,No,No,Yes,Influenza,MEDIUM
P1129,58,Male,82,95,37.0,137,77,28,No,Yes,No,Yes,No,No,COPD,HIGH
P1130,65,Male,87,95,37.7,162,80,17,No,No,No,No,No,No,Influenza,LOW
P1131,47,Male,75,94,37.9,123,91,28,Yes,Yes,Yes,Yes,No,Yes,COVID-19,CRITICAL
P1132,66,Male,85,98,36.4,121,73,10,No,No,No,No,Yes,No,Cardiac,MEDIUM
P1133,75,Female,92,100,36.8,166,84,21,No,No,Yes,No,No,No,Gastroenteritis,LOW
P1134,73,Male,77,91,38.2,133,78,24,Yes,Yes,No,Yes,No,No,Pneumonia,CRITICAL
P1135,62,Female,86,95,38.0,141,99,21,Yes,Yes,Yes,Yes,No,Yes,COVID-19,CRITICAL
P1136,22,Male,94,98,38.6,115,87,22,Yes,Yes,Yes,Yes,No,No,Pneumonia,HIGH
P1137,70,Male,69,97,36.6,136,86,15,No,No,No,No,No,No,Healthy/Minor,LOW
P1138,44,Female,99,88,37.7,113,88,24,Yes,No,Yes,Yes,No,No,Pneumonia,HIGH
P1139,72,Male,88,89,37.4,171,71,24,No,No,No,Yes,No,No,Pneumonia,HIGH
P1140,57,Male,84,96,36.6,147,101,26,No,Yes,Yes,Yes,No,No,Asthma,HIGH
P1141,82,Male,62,90,39.1,167,77,31,Yes,No,Yes,Yes,No,No,Pneumonia,CRITICAL
P1142,42,Male,80,98,38.0,108,91,23,Yes,Yes,Yes,Yes,No,No,Pneumonia,CRITICAL
P1143,85,Female,93,96,37.6,111,92,20,No,Yes,No,Yes,Yes,Yes,Influenza,CRITICAL
P1144,79,Female,112,94,36.6,139,92,14,No,No,No,No,No,Yes,Cardiac,LOW
P1145,42,Male,93,95,36.4,167,95,25,No,No,No,No,No,No,Cardiac,MEDIUM
P1146,53,Female,93,97,36.4,121,90,24,No,No,No,No,No,Yes,Gastroenteritis,LOW
P1147,56,Female,63,97,37.1,144,82,21,No,No,No,No,No,No,Migraine,LOW
P1148,74,Female,86,95,38.0,119,80,24,Yes,Yes,Yes,Yes,No,No,COVID-19,HIGH
P1149,68,Male,96,93,37.5,119,84,23,Yes,No,Yes,No,Yes,Yes,Viral Infection,HIGH
P1150,80,Female,69,98,36.4,137,84,25,No,No,No,No,No,No,Migraine,LOW
P1151,45,Male,91,100,38.2,156,82,14,No,Yes,No,No,No,No,Viral Infection,LOW
P1152,54,Female,88,100,36.8,144,91,17,No,No,No,No,No,No,Gastroenteritis,LOW
P1153,49,Female,89,95,37.6,91,84,17,No,Yes,Yes,No,No,No,COVID-19,LOW
P1154,84,Male,84,91,37.8,150,88,23,Yes,Yes,Yes,Yes,Yes,Yes,COVID-19,CRITICAL
P1155,40,Male,72,99,37.8,102,71,29,No,No,No,Yes,No,No,Asthma,HIGH
P1156,60,Female,109,93,38.4,118,85,27,Yes,Yes,No,No,No,No,Influenza,MEDIUM
P1157,26,Male,93,96,37.8,128,61,23,No,No,No,No,No,No,Asthma,MEDIUM
P1158,80,Female,92,91,37.1,160,77,12,Yes,No,No,Yes,No,Yes,Influenza,CRITICAL
P1159,46,Female,80,88,37.8,144,85,19,Yes,No,Yes,Yes,No,No,Influenza,HIGH
P1160,42,Male,78,97,36.5,126,87,17,No,No,No,No,No,No,Healthy/Minor,LOW
P1161,60,Male,81,98,37.0,135,81,16,No,No,No,No,No,No,Gastroenteritis,LOW
P1162,54,Male,92,98,37.3,154,87,17,No,No,No,No,Yes,No,Cardiac,LOW
P1163,79,Male,97,89,38.0,112,89,25,Yes,Yes,No,Yes,No,Yes,COVID-19,CRITICAL
P1164,56,Male,76,100,36.4,162,92,15,No,No,Yes,No,No,No,Cardiac,LOW
P1165,55,Male,59,100,37.9,115,79,17,No,Yes,Yes,No,No,Yes,Viral Infection,LOW
P1166,25,Female,79,97,37.1,124,68,16,Yes,No,No,No,No,No,Gastroenteritis,LOW
P1167,19,Male,63,97,37.1,118,86,14,Yes,No,No,No,No,Yes,Cardiac,MEDIUM
P1168,47,Female,81,91,36.9,105,99,30,No,Yes,No,Yes,No,No,Asthma,HIGH
P1169,90,Female,82,92,38.0,150,78,22,Yes,Yes,No,Yes,No,Yes,COVID-19,CRITICAL
P1170,84,Female,88,99,36.8,144,85,10,No,No,No,No,No,No,Gastroenteritis,LOW
P1171,63,Female,105,100,36.9,129,78,25,No,No,No,No,No,No,Healthy/Minor,LOW
P1172,64,Male,61,92,37.1,128,106,18,No,Yes,No,Yes,No,No,Asthma,HIGH
P1173,46,Female,115,99,38.2,147,69,26,Yes,Yes,Yes,Yes,No,Yes,COVID-19,CRITICAL
P1174,30,Male,82,92,36.8,155,76,19,No,Yes,No,Yes,No,Yes,Asthma,HIGH
P1175,18,Male,90,91,36.8,140,74,25,No,Yes,No,Yes,No,No,Asthma,CRITICAL
P1176,42,Male,60,94,36.8,125,66,17,No,No,No,No,No,No,Healthy/Minor,LOW
P1177,41,Female,91,95,36.4,94,65,22,Yes,No,Yes,No,No,No,Gastroenteritis,MEDIUM
P1178,31,Female,86,94,37.5,130,84,21,No,No,Yes,Yes,No,No,COVID-19,MEDIUM
P1179,36,Female,84,93,38.1,131,85,19,Yes,Yes,Yes,Yes,No,No,COVID-19,HIGH
P1180,19,Female,60,92,36.5,132,72,23,No,Yes,No,No,No,No,Asthma,MEDIUM
P1181,62,Male,87,91,38.3,112,96,20,Yes,Yes,No,Yes,No,Yes,Influenza,HIGH
P1182,85,Female,99,86,36.8,154,64,15,No,Yes,Yes,Yes,No,Yes,COPD,CRITICAL
P1183,68,Male,77,93,38.6,158,70,16,No,Yes,Yes,No,No,Yes,Viral Infection,MEDIUM
P1184,50,Female,93,100,37.1,109,72,30,Yes,No,Yes,Yes,No,No,Gastroenteritis,HIGH
P1185,48,Male,100,99,38.3,135,79,14,Yes,Yes,Yes,No,No,No,Pneumonia,MEDIUM
P1186,40,Female,70,100,36.6,107,73,18,No,No,No,No,No,No,Gastroenteritis,LOW
P1187,28,Male,99,100,37.0,118,76,16,No,No,No,No,No,No,Gastroenteritis,LOW
P1188,61,Female,87,92,38.2,114,87,30,Yes,Yes,Yes,Yes,No,Yes,Pneumonia,CRITICAL
P1189,59,Male,88,96,36.1,129,100,12,No,No,No,No,No,No,Cardiac,LOW
P1190,18,Male,87,100,37.6,121,90,17,Yes,No,No,No,No,No,Cardiac,LOW
P1191,48,Female,79,97,38.9,130,80,20,Yes,Yes,No,No,No,Yes,Viral Infection,MEDIUM
P1192,38,Male,51,95,38.3,134,77,21,Yes,No,Yes,No,No,No,Influenza,MEDIUM
P1193,30,Male,83,99,38.6,139,89,19,Yes,Yes,No,Yes,No,No,Pneumonia,HIGH
P1194,69,Male,69,92,37.1,123,102,24,No,Yes,No,Yes,No,No,Asthma,HIGH
P1195,56,Male,107,100,37.8,133,87,21,Yes,Yes,Yes,Yes,No,No,Influenza,CRITICAL
P1196,64,Male,107,90,36.8,113,77,21,No,Yes,No,Yes,No,Yes,Asthma,HIGH
P1197,70,Female,91,97,37.5,132,86,23,Yes,No,No,No,No,No,Migraine,MEDIUM
P1198,89,Male,86,92,37.8,143,93,26,No,No,Yes,Yes,No,No,Pneumonia,HIGH
P1199,76,Male,74,88,36.3,121,79,26,No,Yes,No,Yes,No,No,Asthma,CRITICAL
P1200,63,Male,71,100,36.6,139,91,18,No,No,No,No,No,No,Healthy/Minor,LOW
P1201,82,Female,113,93,37.1,136,88,28,No,Yes,Yes,Yes,No,Yes,COPD,CRITICAL
P1202,52,Female,76,98,36.4,128,92,28,No,Yes,No,Yes,No,No,COPD,HIGH
P1203,89,Male,58,90,36.7,162,77,23,No,No,Yes,Yes,No,No,COPD,HIGH
P1204,73,Male,101,86,37.9,128,67,28,No,Yes,Yes,Yes,No,No,Pneumonia,CRITICAL
P1205,65,Male,106,95,37.7,145,79,16,Yes,Yes,Yes,Yes,No,No,Pneumonia,CRITICAL
P1206,83,Female,103,98,35.7,162,86,10,No,No,Yes,No,No,No,Gastroenteritis,MEDIUM
P1207,55,Female,99,93,37.4,149,63,30,Yes,No,Yes,Yes,No,Yes,COVID-19,CRITICAL
P1208,70,Female,103,92,38.3,130,77,22,Yes,No,No,Yes,No,No,COVID-19,HIGH
P1209,38,Male,86,92,38.1,104,91,23,Yes,Yes,No,Yes,No,No,Influenza,CRITICAL
P1210,88,Female,55,95,38.1,130,92,13,Yes,Yes,Yes,No,No,Yes,Viral Infection,MEDIUM
P1211,63,Male,87,96,38.2,105,84,16,Yes,Yes,Yes,No,No,Yes,Influenza,HIGH
P1212,75,Female,89,99,36.8,147,74,16,No,No,No,No,Yes,Yes,Migraine,HIGH
P1213,51,Female,83,90,37.5,137,92,25,Yes,No,No,Yes,No,No,COVID-19,HIGH
P1214,81,Male,87,94,37.3,146,85,17,No,No,Yes,Yes,No,Yes,Cardiac,HIGH
P1215,23,Female,72,89,37.8,98,79,20,Yes,Yes,No,Yes,No,No,Pneumonia,HIGH
P1216,26,Female,72,99,38.3,114,82,19,No,Yes,No,Yes,No,No,Pneumonia,MEDIUM
P1217,55,Male,109,94,37.0,149,82,27,No,Yes,No,Yes,No,No,COPD,HIGH
P1218,71,Male,104,90,37.4,144,98,23,No,No,Yes,No,No,No,Gastroenteritis,MEDIUM
P1219,77,Male,88,91,38.0,149,90,22,Yes,No,Yes,Yes,No,No,Pneumonia,CRITICAL
P1220,50,Female,89,93,37.3,177,83,25,Yes,No,No,No,No,No,Asthma,MEDIUM
P1221,65,Male,74,91,37.7,136,82,21,No,No,No,No,No,No,Asthma,MEDIUM
P1222,58,Male,94,96,37.9,94,86,20,No,Yes,No,Yes,No,No,Pneumonia,MEDIUM
P1223,88,Female,113,98,37.0,130,89,19,Yes,No,No,No,No,No,Cardiac,MEDIUM
P1224,65,Male,67,94,37.5,136,84,25,Yes,Yes,Yes,Yes,No,No,Pneumonia,CRITICAL
P1225,48,Male,91,90,37.2,124,76,18,No,Yes,No,No,Yes,No,COPD,MEDIUM
P1226,88,Female,96,89,38.4,139,82,26,Yes,Yes,No,Yes,Yes,Yes,Influenza,CRITICAL
P1227,25,Female,92,94,36.6,118,69,33,No,Yes,No,Yes,No,No,Asthma,HIGH
P1228,89,Female,110,90,38.2,129,84,25,Yes,Yes,Yes,Yes,Yes,Yes,COVID-19,CRITICAL
P1229,29,Male,111,93,36.9,126,75,22,No,Yes,No,Yes,No,Yes,Asthma,HIGH
P1230,39,Male,82,95,37.0,142,96,22,No,Yes,No,Yes,No,No,Asthma,HIGH
P1231,77,Male,89,91,38.3,164,95,21,Yes,No,No,No,Yes,Yes,Viral Infection,MEDIUM
P1232,71,Female,88,89,37.0,161,82,17,No,Yes,No,Yes,Yes,No,Asthma,HIGH
P1233,88,Male,74,95,37.8,126,82,27,Yes,Yes,Yes,Yes,No,No,Viral Infection,CRITICAL
P1234,72,Male,91,95,38.6,134,90,28,Yes,Yes,Yes,No,No,No,Pneumonia,HIGH
P1235,64,Female,95,96,38.4,126,102,19,Yes,Yes,Yes,Yes,No,No,COVID-19,CRITICAL
P1236,43,Female,88,93,37.7,131,87,22,Yes,No,Yes,No,No,No,Influenza,MEDIUM
P1237,18,Female,74,95,36.8,119,61,19,No,Yes,Yes,Yes,No,No,Asthma,MEDIUM
P1238,27,Male,72,98,36.0,116,87,18,Yes,No,No,No,No,No,Gastroenteritis,LOW
P1239,39,Female,72,100,38.2,143,88,17,Yes,Yes,Yes,Yes,No,No,Viral Infection,HIGH
P1240,20,Male,75,99,37.4,128,104,18,No,No,No,No,No,No,Cardiac,LOW
P1241,55,Female,91,100,36.7,135,82,12,No,No,No,No,Yes,No,Cardiac,MEDIUM
P1242,74,Male,93,87,38.0,142,86,22,Yes,Yes,Yes,No,No,Yes,Pneumonia,HIGH
P1243,88,Female,102,89,37.8,152,91,29,Yes,Yes,Yes,Yes,No,No,Influenza,CRITICAL
P1244,53,Male,67,99,36.6,137,73,15,No,No,No,No,No,Yes,Migraine,LOW
P1245,81,Female,81,92,38.3,163,77,12,No,No,Yes,No,No,No,Pneumonia,MEDIUM
P1246,89,Male,109,98,37.5,121,91,23,Yes,Yes,No,No,No,No,Influenza,HIGH
P1247,80,Female,79,90,37.0,143,70,30,No,No,Yes,No,No,No,Healthy/Minor,MEDIUM
P1248,51,Male,78,98,36.4,123,67,21,No,No,No,No,No,No,Healthy/Minor,LOW
P1249,41,Male,84,98,37.1,122,90,14,No,No,No,No,Yes,No,Cardiac,LOW
P1250,89,Male,104,92,38.0,154,92,24,Yes,Yes,Yes,No,Yes,Yes,COVID-19,CRITICAL
P1251,35,Female,93,100,37.7,141,90,20,Yes,Yes,Yes,No,No,Yes,Viral Infection,MEDIUM
P1252,48,Male,99,96,38.2,114,84,14,Yes,Yes,Yes,Yes,No,No,Pneumonia,HIGH
P1253,23,Male,85,89,36.7,147,78,18,No,Yes,No,No,No,No,Asthma,MEDIUM
P1254,75,Female,76,95,38.4,113,97,26,Yes,Yes,No,No,No,No,COVID-19,HIGH
P1255,65,Male,105,100,37.7,141,78,24,No,Yes,Yes,No,No,No,Viral Infection,MEDIUM
P1256,24,Male,89,99,38.2,106,75,15,Yes,Yes,Yes,No,Yes,Yes,Viral Infection,HIGH
P1257,34,Female,72,93,36.5,110,77,24,No,No,Yes,Yes,No,No,Gastroenteritis,MEDIUM
P1258,58,Female,104,93,38.3,129,86,19,Yes,Yes,No,Yes,No,Yes,Influenza,HIGH
P1259,57,Female,79,95,37.3,121,80,10,No,No,No,Yes,No,No,Asthma,MEDIUM
P1260,76,Female,106,94,38.4,90,70,27,Yes,Yes,Yes,Yes,No,Yes,Pneumonia,CRITICAL
P1261,37,Male,97,93,38.6,130,75,19,Yes,No,Yes,No,No,No,Viral Infection,MEDIUM
P1262,85,Male,77,89,38.0,153,86,27,Yes,Yes,Yes,Yes,No,Yes,Influenza,CRITICAL
P1263,50,Male,93,97,38.8,122,81,25,Yes,Yes,No,No,No,Yes,Influenza,HIGH
P1264,78,Female,91,100,37.5,133,80,20,No,No,Yes,No,No,No,Gastroenteritis,MEDIUM
P1265,35,Female,119,95,36.3,114,83,21,No,No,No,Yes,Yes,No,Asthma,HIGH
P1266,20,Male,68,100,37.6,93,62,16,Yes,No,Yes,No,No,No,Viral Infection,MEDIUM
P1267,22,Female,104,95,37.2,91,82,20,Yes,No,Yes,Yes,No,No,Influenza,HIGH
P1268,45,Male,78,100,38.4,135,97,15,Yes,Yes,No,No,No,No,Viral Infection,MEDIUM
P1269,87,Male,73,91,37.2,158,80,16,Yes,No,Yes,Yes,No,No,Influenza,HIGH
P1270,21,Female,83,95,37.1,130,79,17,Yes,No,Yes,Yes,No,No,Influenza,HIGH
P1271,44,Female,85,90,36.3,128,76,21,No,No,No,No,No,No,Asthma,LOW
P1272,25,Female,71,96,37.1,133,76,12,Yes,Yes,No,Yes,No,No,Pneumonia,CRITICAL
P1273,86,Female,94,92,36.9,158,80,10,No,No,No,No,No,No,Cardiac,MEDIUM
P1274,67,Female,99,93,37.4,120,103,22,Yes,Yes,Yes,No,No,Yes,Influenza,CRITICAL
P1275,73,Female,90,90,37.1,138,88,23,Yes,Yes,Yes,No,No,No,Influenza,HIGH
P1276,70,Male,73,97,36.8,129,77,18,No,No,Yes,No,No,No,Gastroenteritis,LOW
P1277,65,Male,85,91,37.9,127,75,11,Yes,Yes,Yes,Yes,No,No,Pneumonia,CRITICAL
P1278,74,Female,80,94,36.0,154,85,26,No,No,No,Yes,No,No,Gastroenteritis,HIGH
P1279,18,Male,81,99,36.8,145,56,11,Yes,No,No,No,No,No,Migraine,LOW
P1280,81,Male,103,93,37.9,101,96,20,No,Yes,Yes,Yes,No,No,Influenza,CRITICAL
P1281,72,Male,84,99,36.6,130,79,13,No,No,No,No,No,No,Migraine,LOW
P1282,71,Male,69,88,37.8,129,87,30,No,Yes,Yes,Yes,No,No,Pneumonia,CRITICAL
P1283,46,Female,78,89,38.4,141,83,24,Yes,Yes,No,Yes,No,Yes,COVID-19,CRITICAL
P1284,76,Male,90,88,38.9,113,94,22,Yes,No,Yes,Yes,Yes,Yes,Influenza,CRITICAL
P1285,45,Male,93,95,37.8,75,84,15,Yes,Yes,No,No,No,No,Viral Infection,MEDIUM
P1286,21,Female,103,100,36.2,139,89,18,No,No,No,No,No,No,Cardiac,LOW
P1287,84,Male,111,93,36.7,155,96,18,No,Yes,No,No,No,No,COPD,MEDIUM
P1288,35,Male,80,95,37.2,91,75,19,No,Yes,No,No,No,No,Healthy/Minor,LOW
P1289,25,Male,95,98,37.9,118,100,20,Yes,Yes,Yes,Yes,No,No,COVID-19,CRITICAL
P1290,63,Female,60,100,38.2,155,86,19,Yes,Yes,No,No,No,Yes,Viral Infection,MEDIUM
P1291,35,Male,84,93,37.8,103,78,19,Yes,No,Yes,No,No,No,Gastroenteritis,MEDIUM
P1292,80,Female,67,93,36.0,140,77,16,No,No,No,No,No,No,Healthy/Minor,LOW
P1293,50,Male,77,93,37.7,133,78,10,No,No,Yes,No,No,Yes,Viral Infection,LOW
P1294,18,Female,117,98,37.8,97,82,16,No,No,No,No,No,No,Healthy/Minor,LOW
P1295,87,Male,93,91,37.7,132,87,17,Yes,Yes,Yes,Yes,No,No,Influenza,HIGH
P1296,55,Female,67,98,37.5,100,99,17,No,No,No,No,No,Yes,Migraine,LOW
P1297,37,Male,83,92,38.5,117,74,16,Yes,No,Yes,No,No,Yes,Viral Infection,MEDIUM
P1298,67,Female,81,92,37.7,125,94,16,No,No,No,No,No,No,Cardiac,MEDIUM
P1299,56,Male,73,94,38.8,131,70,16,Yes,Yes,Yes,No,No,No,COVID-19,MEDIUM
P1300,20,Male,105,100,36.9,130,100,22,No,No,No,No,No,No,Healthy/Minor,LOW
P1301,73,Male,101,85,37.1,157,72,22,Yes,Yes,Yes,Yes,No,No,Pneumonia,CRITICAL
P1302,47,Male,89,88,36.5,160,100,33,No,Yes,No,Yes,No,No,COPD,CRITICAL
P1303,69,Male,82,92,38.1,136,82,24,No,Yes,No,Yes,No,Yes,COPD,HIGH
P1304,83,Female,84,88,37.3,134,63,26,Yes,Yes,Yes,Yes,No,No,Pneumonia,CRITICAL
P1305,62,Male,99,98,37.0,124,95,17,Yes,No,Yes,No,No,No,Gastroenteritis,MEDIUM
P1306,67,Male,91,87,36.8,117,84,26,No,Yes,Yes,Yes,No,Yes,Influenza,HIGH
P1307,36,Female,45,100,36.2,127,73,22,No,No,No,No,No,No,Gastroenteritis,LOW
P1308,35,Male,109,92,38.3,112,84,22,Yes,Yes,Yes,No,No,No,Viral Infection,HIGH
P1309,48,Male,87,93,37.9,132,86,14,No,Yes,No,Yes,No,No,COVID-19,HIGH
P1310,80,Male,85,98,36.6,123,89,23,No,No,Yes,No,No,No,Gastroenteritis,MEDIUM
P1311,56,Male,100,95,37.5,120,92,24,No,Yes,Yes,No,No,No,Pneumonia,MEDIUM
P1312,43,Male,84,97,37.0,128,81,17,No,Yes,No,No,Yes,No,Viral Infection,LOW
P1313,74,Male,90,94,37.1,133,91,27,No,No,No,No,No,No,Healthy/Minor,MEDIUM
P1314,80,Male,82,90,37.8,107,80,32,Yes,Yes,Yes,Yes,No,No,Pneumonia,CRITICAL
P1315,83,Female,65,92,36.1,139,93,23,No,No,Yes,No,No,No,Gastroenteritis,MEDIUM
P1316,39,Male,89,91,37.1,107,73,20,No,Yes,No,No,Yes,No,COPD,MEDIUM
P1317,69,Female,106,89,37.4,152,72,19,No,Yes,No,Yes,No,No,COPD,HIGH
P1318,61,Female,71,97,36.7,145,80,20,No,No,No,No,No,No,Gastroenteritis,LOW
P1319,50,Male,76,96,36.9,88,77,28,No,Yes,No,Yes,No,No,Asthma,HIGH
P1320,46,Male,102,95,36.8,142,92,10,No,No,No,No,Yes,No,Cardiac,MEDIUM
P1321,26,Female,79,89,37.6,126,63,27,Yes,No,No,Yes,No,No,Pneumonia,HIGH
P1322,38,Female,80,92,37.9,96,89,21,Yes,Yes,Yes,Yes,No,Yes,COVID-19,CRITICAL
P1323,58,Male,74,98,38.5,142,75,10,Yes,No,No,No,No,Yes,Viral Infection,MEDIUM
P1324,82,Female,87,91,38.4,118,61,26,Yes,No,Yes,Yes,No,No,Influenza,CRITICAL
P1325,81,Female,69,95,37.2,163,77,23,No,No,Yes,No,No,No,Cardiac,MEDIUM
P1326,31,Male,78,90,37.6,110,75,20,No,No,Yes,Yes,No,No,Pneumonia,MEDIUM
P1327,67,Male,83,93,38.2,108,87,14,No,Yes,Yes,No,No,No,Viral Infection,LOW
P1328,24,Female,89,97,37.0,160,81,25,Yes,No,No,No,Yes,No,Cardiac,HIGH
P1329,67,Male,102,89,36.5,107,71,21,No,No,No,Yes,No,No,Asthma,HIGH
P1330,42,Female,109,97,37.7,108,71,27,Yes,Yes,Yes,No,No,No,Pneumonia,HIGH
P1331,50,Male,105,94,37.4,115,68,15,No,Yes,Yes,No,Yes,No,Asthma,HIGH
P1332,70,Female,92,94,37.7,126,86,21,No,No,No,No,No,No,Healthy/Minor,LOW
P1333,49,Male,83,95,36.0,135,79,24,No,Yes,No,Yes,No,Yes,COPD,HIGH
P1334,76,Male,80,92,37.5,137,91,28,No,Yes,No,Yes,No,No,Asthma,CRITICAL
P1335,56,Male,79,94,37.3,143,63,24,No,No,No,No,No,Yes,Migraine,LOW
P1336,90,Male,97,82,38.0,148,82,20,Yes,Yes,Yes,Yes,No,No,COVID-19,CRITICAL
P1337,64,Female,97,90,36.7,104,103,24,No,Yes,No,No,No,No,Asthma,MEDIUM
P1338,39,Male,93,95,38.1,129,84,16,Yes,No,No,Yes,No,No,COVID-19,MEDIUM
P1339,74,Female,86,93,37.6,139,81,18,Yes,Yes,No,No,No,No,Pneumonia,MEDIUM
P1340,47,Female,88,93,36.7,113,69,14,Yes,No,No,No,No,No,Gastroenteritis,LOW
P1341,56,Male,95,100,37.2,160,92,19,Yes,No,No,No,No,Yes,Viral Infection,MEDIUM
P1342,27,Female,89,100,37.1,130,93,25,Yes,No,Yes,No,Yes,No,Viral Infection,HIGH
P1343,26,Female,78,100,38.9,135,67,25,No,Yes,Yes,No,No,Yes,Viral Infection,MEDIUM
P1344,59,Female,75,96,36.8,144,71,20,No,Yes,No,Yes,No,No,Asthma,HIGH
P1345,31,Male,74,97,38.0,113,81,23,Yes,Yes,No,No,No,Yes,COVID-19,MEDIUM
P1346,90,Female,81,97,36.8,159,95,23,No,No,No,No,No,No,Cardiac,MEDIUM
P1347,80,Female,84,97,36.4,143,90,22,No,No,No,No,No,No,Healthy/Minor,MEDIUM
P1348,69,Female,87,95,36.7,124,102,18,No,No,No,No,No,No,Gastroenteritis,MEDIUM
P1349,71,Male,69,91,36.8,114,74,24,No,Yes,Yes,Yes,No,No,COPD,CRITICAL
P1350,61,Female,73,94,36.7,130,82,17,No,No,Yes,No,No,No,Gastroenteritis,LOW
P1351,22,Male,81,98,36.5,129,85,16,No,No,No,No,No,Yes,Migraine,LOW
P1352,46,Male,66,100,38.1,123,86,15,Yes,Yes,Yes,No,No,Yes,Viral Infection,MEDIUM
P1353,54,Male,84,100,36.9,123,74,16,No,No,No,No,No,No,Migraine,LOW
P1354,84,Female,84,90,37.0,140,80,22,No,No,No,Yes,No,No,Asthma,HIGH
P1355,34,Female,76,96,38.2,115,73,17,Yes,No,Yes,No,No,No,COVID-19,MEDIUM
P1356,54,Male,86,91,36.7,151,98,26,No,Yes,Yes,Yes,No,Yes,COPD,HIGH
P1357,43,Female,90,96,37.8,126,69,24,Yes,No,Yes,No,No,Yes,COVID-19,MEDIUM
P1358,27,Male,67,96,37.5,112,75,25,No,No,No,No,No,No,Healthy/Minor,LOW
P1359,25,Male,82,94,36.4,91,86,24,No,Yes,No,Yes,Yes,No,COPD,HIGH
P1360,44,Female,91,93,36.3,119,68,20,No,No,No,Yes,No,No,Asthma,MEDIUM
P1361,24,Female,75,90,38.1,111,81,19,Yes,No,No,Yes,No,No,COVID-19,MEDIUM
P1362,22,Female,64,98,36.5,116,63,17,No,No,No,No,Yes,No,Cardiac,LOW
P1363,43,Female,65,95,36.6,136,80,24,No,Yes,No,No,No,No,COPD,MEDIUM
P1364,32,Male,80,91,38.3,121,79,21,Yes,Yes,Yes,No,No,Yes,Influenza,MEDIUM
P1365,58,Female,62,94,37.8,101,83,10,Yes,Yes,Yes,No,No,No,Viral Infection,MEDIUM
P1366,19,Male,80,95,37.3,130,69,19,Yes,Yes,No,Yes,No,No,COVID-19,HIGH
P1367,40,Female,107,89,37.7,95,80,22,No,Yes,No,Yes,No,No,Asthma,HIGH
P1368,51,Male,67,98,37.2,136,80,25,Yes,No,Yes,Yes,No,No,Pneumonia,HIGH
P1369,88,Male,85,93,36.8,134,100,17,No,Yes,No,Yes,No,No,COPD,HIGH
P1370,64,Male,107,100,36.2,132,89,18,No,No,No,No,No,No,Gastroenteritis,LOW
P1371,82,Female,87,95,38.3,139,71,20,Yes,Yes,No,No,No,No,Viral Infection,MEDIUM
P1372,43,Male,80,98,37.6,119,70,20,Yes,No,Yes,Yes,No,Yes,Influenza,HIGH
P1373,50,Female,76,100,37.2,128,74,14,No,No,No,No,No,No,Healthy/Minor,LOW
P1374,48,Female,84,97,36.8,125,81,14,No,No,Yes,No,No,No,Gastroenteritis,LOW
P1375,82,Male,110,95,38.5,169,84,25,Yes,Yes,Yes,Yes,Yes,Yes,COVID-19,CRITICAL
P1376,88,Female,82,88,37.7,145,85,29,Yes,No,No,Yes,No,No,Pneumonia,CRITICAL
P1377,88,Male,79,90,37.2,146,115,29,Yes,No,Yes,No,No,Yes,COVID-19,HIGH
P1378,72,Male,62,90,38.3,123,79,14,Yes,Yes,Yes,No,No,Yes,Viral Infection,MEDIUM
P1379,54,Female,87,94,37.8,132,94,21,Yes,Yes,No,No,No,No,COVID-19,HIGH
P1380,57,Male,67,93,36.3,111,80,12,No,Yes,No,No,No,No,Asthma,MEDIUM
P1381,89,Male,76,94,36.3,160,65,19,No,No,Yes,No,Yes,Yes,Gastroenteritis,MEDIUM
P1382,38,Male,66,98,37.6,96,80,20,No,No,Yes,No,No,No,Viral Infection,LOW
P1383,43,Female,92,96,37.8,108,90,24,No,No,Yes,No,No,No,Gastroenteritis,LOW
P1384,83,Male,75,96,37.1,113,92,11,No,No,Yes,No,No,Yes,Migraine,LOW
P1385,46,Male,90,97,37.7,129,82,17,No,Yes,No,Yes,No,No,Pneumonia,MEDIUM
P1386,35,Female,57,95,38.1,113,78,18,Yes,Yes,Yes,No,No,No,Viral Infection,MEDIUM
P1387,58,Male,88,96,37.0,139,76,15,No,No,No,Yes,Yes,Yes,COVID-19,HIGH
P1388,41,Female,69,94,37.6,105,87,23,Yes,Yes,Yes,Yes,No,No,Influenza,CRITICAL
P1389,83,Male,76,97,37.0,148,81,22,No,No,No,No,No,No,Healthy/Minor,LOW
P1390,84,Female,117,91,38.3,149,80,18,Yes,Yes,No,Yes,Yes,No,Pneumonia,CRITICAL
P1391,40,Female,97,91,37.7,123,82,23,No,Yes,Yes,Yes,No,Yes,Influenza,CRITICAL
P1392,56,Male,85,99,37.1,134,82,12,Yes,No,No,No,Yes,No,Cardiac,MEDIUM
P1393,89,Male,130,92,38.1,144,100,30,Yes,No,Yes,Yes,No,Yes,COVID-19,CRITICAL
P1394,72,Female,75,89,37.9,120,88,25,No,Yes,Yes,Yes,No,Yes,Influenza,CRITICAL
P1395,33,Female,101,94,37.2,109,74,14,No,No,No,No,Yes,No,Cardiac,MEDIUM
P1396,61,Male,59,98,37.2,138,70,11,No,No,Yes,No,No,Yes,Migraine,LOW
P1397,63,Female,76,100,37.3,124,76,19,Yes,No,No,No,No,Yes,Migraine,MEDIUM
P1398,65,Male,69,96,39.0,139,106,28,Yes,Yes,Yes,Yes,No,No,Pneumonia,CRITICAL
P1399,19,Female,88,95,37.2,145,76,19,No,Yes,No,No,No,No,COPD,LOW
P1400,39,Female,79,99,39.0,113,86,15,Yes,Yes,Yes,No,No,No,Viral Infection,MEDIUM
P1401,80,Female,84,90,37.6,128,72,21,Yes,Yes,No,Yes,No,No,Pneumonia,CRITICAL
P1402,35,Female,99,93,37.2,115,67,29,No,Yes,No,No,No,Yes,Pneumonia,MEDIUM
P1403,39,Male,78,90,37.8,121,76,13,No,Yes,No,Yes,No,Yes,Influenza,MEDIUM
P1404,41,Female,89,90,37.0,130,95,28,No,Yes,No,Yes,No,No,COPD,CRITICAL
P1405,30,Female,96,93,38.6,120,65,20,Yes,No,No,No,No,No,Pneumonia,LOW
P1406,29,Female,59,97,36.3,153,72,17,No,No,Yes,No,No,No,Gastroenteritis,LOW
P1407,43,Female,68,98,36.8,128,88,15,No,No,No,No,No,No,Healthy/Minor,LOW
P1408,81,Female,89,87,38.4,151,101,25,No,No,Yes,Yes,Yes,No,Pneumonia,CRITICAL
P1409,18,Female,94,95,36.8,125,86,14,No,No,No,No,Yes,No,Cardiac,MEDIUM
P1410,38,Female,103,96,37.8,136,85,27,No,Yes,No,Yes,No,No,Pneumonia,HIGH
P1411,22,Female,82,91,38.1,117,69,27,Yes,No,No,Yes,No,No,Influenza,HIGH
P1412,58,Male,75,96,37.3,118,68,13,No,No,No,No,No,No,Migraine,LOW
P1413,36,Male,74,94,37.5,134,67,25,Yes,Yes,No,Yes,No,No,Asthma,HIGH
P1414,75,Male,85,93,36.8,135,76,17,No,No,No,No,No,No,Healthy/Minor,LOW
P1415,60,Male,82,95,36.4,133,84,22,No,No,Yes,No,No,No,COPD,MEDIUM
P1416,75,Male,84,87,38.6,151,72,31,Yes,Yes,Yes,No,No,No,Pneumonia,CRITICAL
P1417,64,Male,85,94,36.3,133,85,19,Yes,No,No,Yes,No,No,Asthma,HIGH
P1418,50,Male,92,91,38.7,122,77,26,Yes,Yes,Yes,Yes,No,No,Pneumonia,CRITICAL
P1419,80,Female,74,96,38.5,129,80,21,Yes,Yes,Yes,No,No,Yes,Viral Infection,MEDIUM
P1420,52,Male,68,97,37.5,142,89,16,No,No,Yes,No,No,Yes,Gastroenteritis,LOW
P1421,87,Female,94,91,38.2,136,77,26,Yes,Yes,Yes,Yes,No,No,COVID-19,CRITICAL
P1422,90,Male,50,92,35.8,142,101,25,Yes,Yes,No,Yes,No,No,COPD,HIGH
P1423,60,Male,71,96,36.3,134,90,12,No,No,No,No,No,No,Gastroenteritis,LOW
P1424,67,Female,65,94,37.2,137,73,16,No,No,Yes,Yes,No,No,Migraine,HIGH
P1425,36,Female,101,93,37.6,136,90,17,Yes,Yes,No,Yes,No,Yes,Influenza,HIGH
P1426,77,Female,82,95,37.8,136,74,23,No,Yes,Yes,Yes,No,Yes,Influenza,CRITICAL
P1427,67,Female,79,91,38.2,154,96,30,No,Yes,Yes,Yes,No,Yes,Influenza,CRITICAL
P1428,83,Female,88,94,38.1,135,89,27,Yes,Yes,Yes,Yes,No,No,COVID-19,CRITICAL
P1429,37,Female,77,93,36.3,126,62,16,Yes,No,Yes,No,No,No,Asthma,MEDIUM
P1430,75,Male,82,94,38.3,133,71,23,Yes,Yes,No,Yes,Yes,No,Influenza,CRITICAL
P1431,52,Female,86,95,37.3,159,76,23,No,No,Yes,No,No,No,Asthma,MEDIUM
P1432,31,Female,80,95,36.7,114,87,25,Yes,Yes,No,No,No,No,Asthma,MEDIUM
P1433,30,Male,79,89,38.2,116,76,19,Yes,Yes,No,Yes,No,No,Influenza,HIGH
P1434,59,Male,66,94,37.9,130,79,11,Yes,Yes,Yes,No,No,Yes,Viral Infection,MEDIUM
P1435,41,Female,71,100,37.7,122,83,17,No,No,No,No,Yes,No,Cardiac,MEDIUM
P1436,25,Male,86,96,38.0,125,58,25,Yes,Yes,Yes,Yes,No,Yes,COVID-19,CRITICAL
P1437,49,Female,89,98,37.4,144,88,23,No,Yes,No,Yes,No,No,COPD,HIGH
P1438,65,Male,68,89,37.4,134,96,18,No,Yes,No,Yes,No,Yes,COVID-19,HIGH
P1439,41,Male,88,99,38.1,123,86,25,Yes,Yes,No,No,No,Yes,Viral Infection,MEDIUM
P1440,87,Male,100,93,36.6,143,86,19,No,No,Yes,No,Yes,Yes,Cardiac,HIGH
P1441,74,Female,100,87,36.4,127,75,25,No,No,No,Yes,No,No,COPD,HIGH
P1442,55,Male,82,97,38.7,128,70,14,Yes,No,No,No,No,No,Viral Infection,LOW
P1443,86,Female,90,97,38.3,141,75,24,Yes,Yes,No,No,No,No,Viral Infection,MEDIUM
P1444,49,Female,106,96,37.0,143,102,20,Yes,Yes,No,No,No,Yes,Viral Infection,MEDIUM
P1445,28,Male,81,94,38.5,105,77,23,Yes,Yes,Yes,Yes,No,No,Pneumonia,CRITICAL
P1446,20,Female,71,96,38.5,143,87,17,Yes,No,Yes,No,No,No,Pneumonia,MEDIUM
P1447,86,Male,62,99,36.5,138,95,24,No,No,No,Yes,No,No,Gastroenteritis,MEDIUM
P1448,88,Female,112,93,36.7,144,88,27,No,No,No,Yes,No,No,Asthma,HIGH
P1449,71,Male,103,97,36.1,117,74,24,No,No,Yes,No,No,No,Gastroenteritis,MEDIUM
P1450,25,Male,66,98,36.6,129,83,17,No,No,No,No,No,No,Migraine,LOW
P1451,39,Female,76,92,38.1,105,67,22,Yes,Yes,No,No,No,No,COVID-19,MEDIUM
P1452,20,Female,81,95,38.3,126,84,21,Yes,Yes,Yes,Yes,No,No,COVID-19,CRITICAL
P1453,21,Female,101,89,36.9,124,68,32,No,No,No,Yes,No,No,COPD,HIGH
P1454,35,Female,68,94,37.7,115,74,20,Yes,Yes,Yes,No,No,No,COVID-19,MEDIUM
P1455,59,Male,53,95,36.9,96,77,12,No,Yes,No,Yes,No,Yes,Gastroenteritis,HIGH
P1456,22,Male,106,98,36.7,155,92,15,No,No,No,No,No,Yes,Migraine,LOW
P1457,89,Male,93,88,36.4,125,62,22,No,No,No,Yes,Yes,No,Asthma,CRITICAL
P1458,51,Female,84,97,36.1,129,103,23,No,No,Yes,No,No,No,Gastroenteritis,LOW
P1459,37,Male,82,90,37.1,108,70,16,No,Yes,No,Yes,No,No,COPD,MEDIUM
P1460,55,Male,85,96,37.0,144,79,14,No,Yes,Yes,No,No,No,Gastroenteritis,LOW
P1461,75,Male,68,91,38.2,130,88,25,Yes,Yes,Yes,Yes,No,No,Pneumonia,CRITICAL
P1462,40,Male,67,91,36.5,108,81,23,No,No,No,No,Yes,No,Migraine,MEDIUM
P1463,21,Male,79,93,36.9,130,86,20,No,No,No,No,No,No,Gastroenteritis,LOW
P1464,21,Male,55,96,37.3,100,84,29,Yes,Yes,No,Yes,No,No,Pneumonia,CRITICAL
P1465,80,Male,84,89,36.4,131,106,26,No,No,No,Yes,No,No,COPD,HIGH
P1466,26,Female,73,96,38.2,131,85,16,Yes,Yes,Yes,No,No,Yes,Viral Infection,MEDIUM
P1467,64,Male,82,96,38.0,155,81,26,Yes,Yes,Yes,Yes,No,No,Pneumonia,CRITICAL
P1468,46,Male,71,96,36.1,107,74,11,No,No,No,No,No,No,Migraine,LOW
P1469,74,Female,67,94,36.3,126,78,11,No,No,No,No,No,No,Healthy/Minor,LOW
P1470,22,Male,54,96,37.7,126,91,21,Yes,No,Yes,No,No,Yes,Viral Infection,MEDIUM
P1471,83,Male,90,96,37.5,107,103,25,No,Yes,No,No,No,No,Asthma,MEDIUM
P1472,68,Male,84,96,36.7,160,97,23,No,No,No,No,No,No,Cardiac,MEDIUM
P1473,50,Male,60,99,36.9,109,48,13,No,Yes,No,No,No,No,Healthy/Minor,LOW
P1474,33,Female,87,99,37.2,119,60,23,Yes,Yes,No,No,No,No,Cardiac,MEDIUM
P1475,89,Male,85,86,37.8,146,87,27,No,Yes,Yes,Yes,No,Yes,Influenza,CRITICAL
P1476,40,Male,79,92,38.0,121,76,22,Yes,Yes,No,Yes,No,No,Influenza,HIGH
P1477,53,Male,50,99,36.5,110,81,18,No,No,No,No,No,Yes,Migraine,LOW
P1478,46,Male,94,93,36.5,150,92,24,No,Yes,No,Yes,No,No,Asthma,HIGH
P1479,34,Female,69,100,38.5,79,90,18,No,No,No,Yes,No,No,Pneumonia,MEDIUM
P1480,48,Male,86,92,38.6,106,81,20,Yes,No,Yes,Yes,No,No,COVID-19,HIGH
P1481,29,Female,67,100,37.5,110,63,18,No,No,No,No,No,Yes,Migraine,LOW
P1482,18,Female,80,96,37.3,105,66,20,No,Yes,Yes,No,No,No,Asthma,MEDIUM
P1483,39,Female,93,98,37.1,140,79,10,No,Yes,Yes,No,No,Yes,Viral Infection,MEDIUM
P1484,26,Female,85,99,36.4,93,82,18,Yes,No,No,No,No,No,Migraine,LOW
P1485,48,Female,93,97,36.7,149,67,21,No,Yes,No,No,No,No,Healthy/Minor,LOW
P1486,80,Female,85,90,39.0,134,92,24,Yes,Yes,Yes,Yes,No,Yes,Viral Infection,CRITICAL
P1487,29,Female,90,94,37.8,98,60,24,No,Yes,Yes,Yes,No,No,Pneumonia,HIGH
P1488,18,Male,55,99,37.1,86,51,21,No,No,Yes,No,No,No,Gastroenteritis,LOW
P1489,26,Male,81,95,38.1,117,69,26,Yes,Yes,Yes,Yes,No,Yes,Influenza,CRITICAL
P1490,55,Male,76,98,37.0,116,94,17,No,No,Yes,No,No,No,Healthy/Minor,LOW
P1491,38,Female,101,96,37.9,124,93,12,Yes,Yes,Yes,Yes,No,No,Pneumonia,HIGH
P1492,53,Female,72,96,36.3,119,64,22,No,No,No,No,No,No,Gastroenteritis,LOW
P1493,20,Male,81,100,37.0,135,63,13,Yes,Yes,No,No,No,No,Viral Infection,MEDIUM
P1494,42,Male,88,91,38.5,119,86,17,Yes,Yes,Yes,Yes,No,No,Pneumonia,CRITICAL
P1495,47,Male,93,98,37.6,116,75,12,Yes,No,Yes,No,No,No,Viral Infection,LOW
P1496,49,Female,83,95,37.1,140,93,33,Yes,No,No,Yes,No,Yes,Influenza,CRITICAL
P1497,58,Female,97,92,37.3,132,89,24,Yes,No,No,Yes,No,No,Asthma,HIGH
P1498,74,Female,65,93,37.3,148,93,19,No,Yes,No,Yes,No,No,Asthma,HIGH
P1499,52,Male,64,93,38.5,144,72,19,Yes,No,No,No,No,No,COVID-19,MEDIUM
P1500,79,Male,59,96,37.6,139,93,19,No,No,No,No,No,No,Cardiac,LOW
P1501,56,Male,89,97,37.8,128,101,19,Yes,No,No,No,No,No,Viral Infection,LOW
P1502,37,Female,94,92,37.8,134,79,23,Yes,Yes,No,Yes,No,Yes,COVID-19,HIGH
P1503,34,Female,98,100,36.7,87,82,13,No,No,No,No,Yes,No,Cardiac,MEDIUM
P1504,41,Female,69,96,38.3,119,74,18,No,Yes,Yes,No,No,No,Viral Infection,MEDIUM
P1505,61,Male,72,92,35.9,126,66,14,No,No,No,No,No,No,Migraine,LOW
P1506,35,Male,83,91,38.0,126,67,27,Yes,Yes,Yes,No,No,No,Influenza,HIGH
P1507,84,Female,100,96,37.5,127,77,19,No,No,No,No,No,No,Healthy/Minor,LOW
P1508,53,Male,107,92,38.3,143,64,19,Yes,No,Yes,No,No,No,Influenza,MEDIUM
P1509,81,Female,99,98,37.1,133,74,22,No,No,Yes,No,Yes,No,Cardiac,MEDIUM
P1510,67,Male,92,98,37.3,131,62,21,No,No,No,No,No,No,Cardiac,LOW
P1511,42,Male,95,97,35.6,110,71,15,No,No,No,No,No,No,Migraine,LOW
P1512,34,Female,82,89,38.6,140,85,25,Yes,Yes,No,Yes,No,No,Pneumonia,HIGH
P1513,72,Male,82,87,38.0,101,81,27,Yes,Yes,No,Yes,No,No,Pneumonia,CRITICAL
P1514,42,Male,76,98,37.4,149,75,22,No,No,No,No,No,No,Migraine,LOW
P1515,36,Female,72,89,37.4,144,86,25,No,Yes,Yes,Yes,No,No,Pneumonia,HIGH
P1516,85,Male,86,90,36.0,131,103,23,Yes,Yes,No,No,Yes,No,Asthma,CRITICAL
P1517,53,Male,64,100,37.6,142,103,10,No,No,No,No,No,Yes,Migraine,LOW
P1518,21,Female,91,99,36.4,122,79,18,No,No,Yes,No,No,No,Gastroenteritis,LOW
P1519,54,Male,92,94,37.8,153,78,24,Yes,Yes,Yes,No,No,No,Pneumonia,HIGH
P1520,51,Male,104,91,38.1,140,76,22,Yes,Yes,Yes,Yes,No,Yes,COVID-19,CRITICAL
P1521,81,Male,60,96,37.1,174,91,10,No,No,Yes,No,No,No,Healthy/Minor,MEDIUM
P1522,69,Male,112,90,37.3,108,82,27,No,Yes,No,Yes,No,No,Asthma,CRITICAL
P1523,31,Male,65,94,38.3,123,76,18,Yes,Yes,No,Yes,No,No,Influenza,HIGH
P1524,28,Female,69,96,37.4,92,77,25,Yes,Yes,No,No,No,No,Pneumonia,HIGH
P1525,62,Male,78,96,38.2,122,73,30,Yes,No,No,Yes,No,No,COVID-19,HIGH
P1526,21,Male,95,98,37.1,156,55,16,No,No,No,Yes,No,No,Healthy/Minor,LOW
P1527,41,Male,88,95,37.1,128,71,24,Yes,Yes,No,Yes,No,No,COVID-19,CRITICAL
P1528,28,Male,82,92,38.5,136,93,22,Yes,Yes,No,No,No,No,Influenza,MEDIUM
P1529,19,Female,75,95,36.0,128,92,24,No,Yes,No,Yes,No,No,COPD,MEDIUM
P1530,85,Male,71,89,38.4,147,95,24,No,No,Yes,Yes,No,No,Influenza,HIGH
P1531,24,Male,100,93,37.6,112,73,20,Yes,No,No,Yes,No,No,COVID-19,MEDIUM
P1532,18,Male,88,100,37.1,109,70,13,No,No,No,No,No,No,Healthy/Minor,LOW
P1533,86,Male,99,94,37.0,132,103,26,No,No,Yes,No,No,No,Gastroenteritis,MEDIUM
P1534,31,Male,90,90,38.2,76,67,24,No,Yes,Yes,Yes,No,Yes,Influenza,HIGH
P1535,77,Female,53,90,37.0,135,85,28,No,Yes,No,Yes,No,No,Asthma,HIGH
P1536,20,Female,69,97,37.9,124,95,24,Yes,Yes,No,No,No,No,Pneumonia,MEDIUM
P1537,29,Male,91,87,38.2,110,79,26,Yes,No,Yes,Yes,No,Yes,Influenza,HIGH
P1538,26,Female,81,98,37.8,124,79,13,No,No,No,No,Yes,No,Cardiac,LOW
P1539,69,Male,80,87,36.2,141,95,24,No,Yes,Yes,Yes,No,No,COPD,CRITICAL
P1540,63,Male,65,98,35.4,145,83,19,No,No,No,No,No,No,Migraine,LOW
P1541,52,Female,91,97,38.0,106,82,23,Yes,Yes,Yes,No,No,No,Viral Infection,LOW
P1542,35,Female,91,96,37.7,107,93,34,No,Yes,Yes,Yes,No,Yes,Pneumonia,CRITICAL
P1543,24,Male,85,98,36.6,132,53,19,No,No,No,No,No,Yes,Healthy/Minor,LOW
P1544,59,Female,78,94,36.4,138,85,19,No,Yes,No,Yes,No,No,COPD,HIGH
P1545,34,Male,87,97,38.3,142,70,17,Yes,Yes,Yes,Yes,No,No,Pneumonia,CRITICAL
P1546,61,Female,62,98,37.3,150,80,13,Yes,Yes,Yes,No,No,Yes,Viral Infection,MEDIUM
P1547,68,Female,85,90,38.1,171,84,21,Yes,Yes,No,Yes,No,No,Influenza,CRITICAL
P1548,80,Female,55,90,37.1,133,78,11,No,Yes,No,Yes,No,Yes,COPD,HIGH
P1549,54,Female,58,100,36.9,152,83,14,No,No,Yes,No,No,No,Gastroenteritis,LOW
P1550,18,Female,81,90,38.1,105,82,25,Yes,Yes,Yes,Yes,Yes,No,COVID-19,CRITICAL
P1551,38,Female,109,99,38.3,158,80,17,Yes,Yes,No,No,No,No,Viral Infection,MEDIUM
P1552,80,Female,65,90,37.9,145,86,23,Yes,No,Yes,No,No,No,Pneumonia,CRITICAL
P1553,56,Male,62,97,37.7,136,80,10,Yes,Yes,Yes,No,No,Yes,Viral Infection,MEDIUM
P1554,63,Male,89,92,38.1,146,81,27,Yes,Yes,No,Yes,No,No,Influenza,CRITICAL
P1555,51,Male,108,92,38.2,103,81,24,Yes,No,No,No,No,No,Pneumonia,MEDIUM
P1556,29,Female,88,97,38.3,103,69,22,Yes,Yes,No,Yes,No,No,COVID-19,HIGH
P1557,83,Male,90,94,37.1,141,98,10,Yes,No,Yes,No,No,No,Viral Infection,MEDIUM
P1558,74,Male,83,94,37.8,141,83,22,Yes,No,No,Yes,No,No,Pneumonia,MEDIUM
P1559,90,Female,75,96,37.7,176,83,21,Yes,Yes,Yes,No,No,No,Viral Infection,HIGH
P1560,80,Male,89,88,38.2,123,89,24,Yes,Yes,No,Yes,No,No,Pneumonia,CRITICAL
P1561,39,Female,76,94,37.1,145,77,23,No,Yes,No,No,No,Yes,Asthma,LOW
P1562,36,Female,94,90,38.1,116,90,25,Yes,Yes,Yes,Yes,No,No,COVID-19,CRITICAL
P1563,36,Male,64,95,37.6,116,87,23,Yes,No,Yes,Yes,No,No,Influenza,HIGH
P1564,85,Male,93,95,37.1,138,87,22,No,No,No,No,No,No,Healthy/Minor,MEDIUM
P1565,58,Male,86,96,37.0,123,91,18,Yes,Yes,No,No,No,No,Asthma,MEDIUM
P1566,51,Male,75,100,37.4,133,82,11,No,No,No,No,No,No,Gastroenteritis,LOW
P1567,88,Male,68,91,37.6,141,79,21,No,No,No,Yes,Yes,No,Cardiac,CRITICAL
P1568,62,Male,73,90,37.3,107,91,25,No,Yes,No,Yes,No,No,COPD,HIGH
P1569,84,Male,105,92,36.9,142,71,21,No,No,No,No,No,No,Cardiac,MEDIUM
P1570,89,Male,79,100,39.0,149,52,20,Yes,Yes,Yes,No,Yes,No,Viral Infection,CRITICAL
P1571,23,Female,82,97,37.2,98,85,16,Yes,No,Yes,No,No,No,Gastroenteritis,MEDIUM
P1572,44,Female,74,88,36.6,131,83,23,No,Yes,No,No,No,No,COPD,LOW
P1573,71,Male,88,100,36.5,159,91,21,No,No,No,No,No,No,Cardiac,MEDIUM
P1574,77,Female,71,93,36.5,166,103,21,No,No,Yes,No,Yes,No,Cardiac,HIGH
P1575,28,Male,86,89,36.8,125,78,34,No,No,No,Yes,No,No,Asthma,HIGH
P1576,41,Male,91,95,37.0,98,78,13,Yes,No,No,No,Yes,No,Cardiac,HIGH
P1577,58,Male,90,94,36.2,138,89,37,No,Yes,No,Yes,No,No,Asthma,HIGH
P1578,76,Male,69,96,36.6,152,77,13,No,No,Yes,No,No,No,Migraine,LOW
P1579,26,Male,74,96,37.2,109,76,19,Yes,No,No,No,No,No,Healthy/Minor,LOW
P1580,61,Male,86,97,37.1,128,84,12,No,No,No,No,No,No,Healthy/Minor,LOW
P1581,39,Male,75,98,37.9,128,81,18,Yes,Yes,No,No,No,Yes,Viral Infection,LOW
P1582,33,Male,82,100,36.9,155,79,21,No,No,No,No,Yes,No,Cardiac,LOW
P1583,55,Female,103,99,36.5,123,76,17,No,No,No,No,No,No,Migraine,LOW
P1584,48,Female,73,92,37.8,138,68,26,Yes,Yes,Yes,Yes,No,No,Pneumonia,CRITICAL
P1585,64,Female,100,93,36.8,136,74,20,No,No,Yes,No,No,No,Asthma,MEDIUM
P1586,41,Female,70,96,38.1,124,96,13,Yes,No,Yes,No,No,No,Pneumonia,MEDIUM
P1587,78,Female,96,96,38.0,158,82,27,Yes,Yes,Yes,Yes,No,Yes,Influenza,CRITICAL
P1588,23,Male,87,95,36.4,107,80,17,No,No,No,No,No,No,Healthy/Minor,LOW
P1589,80,Male,74,99,37.8,142,70,17,Yes,Yes,Yes,Yes,No,No,Viral Infection,HIGH
P1590,20,Male,69,91,37.5,120,104,20,No,No,No,Yes,No,No,COPD,LOW
P1591,71,Male,61,86,38.1,110,75,26,Yes,Yes,Yes,Yes,No,No,Pneumonia,CRITICAL
P1592,43,Female,70,93,37.0,141,67,13,No,No,No,No,No,No,Gastroenteritis,LOW
P1593,45,Male,92,97,36.3,136,78,24,No,Yes,No,No,No,No,Asthma,MEDIUM
P1594,19,Female,64,100,37.6,121,69,22,Yes,Yes,Yes,No,No,No,Viral Infection,MEDIUM
P1595,69,Female,81,94,36.8,129,87,28,No,No,No,No,No,Yes,Healthy/Minor,MEDIUM
P1596,30,Male,66,93,38.0,120,63,28,Yes,No,No,Yes,No,No,COVID-19,CRITICAL
P1597,66,Female,84,86,38.2,143,94,25,Yes,No,Yes,Yes,No,Yes,Pneumonia,CRITICAL
P1598,70,Male,72,93,38.1,134,93,25,Yes,Yes,Yes,Yes,No,No,Pneumonia,CRITICAL
P1599,79,Male,87,91,38.0,127,84,22,No,No,Yes,Yes,No,No,Influenza,HIGH
P1600,69,Male,80,87,37.7,125,67,22,No,Yes,No,No,No,Yes,COVID-19,HIGH
P1601,40,Male,70,94,38.8,120,70,26,Yes,Yes,No,Yes,No,No,Influenza,HIGH
P1602,71,Female,79,87,37.6,119,84,23,No,Yes,Yes,Yes,No,No,Influenza,HIGH
P1603,78,Male,76,93,37.3,142,73,26,Yes,Yes,Yes,Yes,No,Yes,COVID-19,CRITICAL
P1604,41,Male,68,90,37.2,108,68,18,No,No,Yes,Yes,No,No,Pneumonia,MEDIUM
P1605,27,Male,92,99,36.6,105,88,23,No,No,No,No,No,Yes,Migraine,LOW
P1606,82,Male,84,89,38.3,190,87,23,Yes,Yes,Yes,Yes,No,No,Influenza,CRITICAL
P1607,28,Female,49,91,37.6,151,79,22,Yes,Yes,Yes,No,No,No,Viral Infection,LOW
P1608,61,Female,78,96,38.6,132,87,19,Yes,Yes,Yes,No,No,No,Pneumonia,HIGH
P1609,35,Male,97,96,37.9,134,76,19,No,Yes,No,Yes,No,Yes,Influenza,MEDIUM
P1610,27,Female,75,92,38.4,136,77,28,Yes,Yes,Yes,Yes,No,Yes,Influenza,CRITICAL
P1611,74,Male,100,96,36.5,134,89,16,No,No,Yes,No,No,No,Gastroenteritis,MEDIUM
P1612,28,Male,74,95,37.6,125,86,15,No,Yes,No,Yes,No,No,Pneumonia,MEDIUM
P1613,66,Female,93,90,37.1,128,88,19,No,No,No,Yes,No,No,COPD,MEDIUM
P1614,68,Male,100,96,38.1,153,98,28,No,Yes,Yes,Yes,No,No,Influenza,HIGH
P1615,22,Male,84,99,37.0,140,78,20,No,No,No,No,No,No,Healthy/Minor,LOW
P1616,30,Male,67,92,38.0,145,65,19,Yes,Yes,Yes,Yes,No,No,Influenza,HIGH
P1617,75,Male,75,92,37.1,140,95,21,Yes,Yes,No,Yes,Yes,No,Asthma,CRITICAL
P1618,55,Female,94,97,37.3,161,78,20,No,Yes,Yes,No,No,No,Viral Infection,LOW
P1619,26,Male,75,91,37.7,119,70,28,Yes,No,Yes,Yes,No,No,Pneumonia,HIGH
P1620,90,Male,102,94,37.7,175,94,24,No,Yes,Yes,No,Yes,No,Pneumonia,CRITICAL
P1621,37,Male,72,99,37.7,113,82,19,Yes,No,No,No,No,No,Viral Infection,MEDIUM
P1622,18,Female,87,88,38.1,99,65,26,Yes,Yes,Yes,Yes,No,No,COVID-19,CRITICAL
P1623,85,Female,70,89,37.7,173,93,34,Yes,Yes,Yes,No,No,No,Influenza,CRITICAL
P1624,19,Female,77,96,35.9,131,97,17,No,Yes,No,Yes,No,No,Asthma,MEDIUM
P1625,58,Female,74,89,37.8,136,84,19,Yes,No,Yes,Yes,No,No,Influenza,CRITICAL
P1626,90,Female,85,93,37.4,137,84,17,Yes,Yes,Yes,No,No,Yes,Viral Infection,HIGH
P1627,60,Female,88,100,37.0,121,69,21,No,No,No,No,Yes,No,Cardiac,MEDIUM
P1628,60,Female,93,97,37.2,123,106,16,No,No,No,No,No,No,Cardiac,LOW
P1629,46,Male,79,97,36.9,125,74,23,No,Yes,No,Yes,No,No,Pneumonia,MEDIUM
P1630,27,Male,66,100,36.5,118,64,18,No,No,No,No,No,Yes,Gastroenteritis,LOW
P1631,59,Male,81,95,37.0,98,83,17,No,No,No,No,No,No,Gastroenteritis,LOW
P1632,83,Male,75,92,37.6,166,96,24,Yes,Yes,Yes,Yes,No,Yes,Influenza,CRITICAL
P1633,24,Male,92,100,38.3,113,90,22,Yes,Yes,Yes,No,No,No,Viral Infection,HIGH
P1634,82,Female,88,97,37.3,165,83,15,No,No,No,No,No,No,Cardiac,LOW
P1635,48,Female,74,100,37.0,112,78,16,No,No,No,No,No,No,Migraine,LOW
P1636,57,Male,92,92,37.6,130,81,17,Yes,Yes,No,No,No,No,Pneumonia,MEDIUM
P1637,30,Male,84,99,36.9,136,88,23,No,Yes,Yes,Yes,No,No,Influenza,MEDIUM
P1638,63,Male,58,98,37.5,144,88,16,No,No,Yes,No,No,No,Gastroenteritis,MEDIUM
P1639,31,Female,64,97,37.7,116,81,22,Yes,No,No,No,No,Yes,Migraine,MEDIUM
P1640,37,Male,99,95,38.7,128,87,22,Yes,Yes,No,Yes,No,Yes,COVID-19,HIGH
P1641,70,Male,88,91,37.8,144,70,22,Yes,Yes,Yes,No,No,No,Influenza,HIGH
P1642,21,Male,56,98,37.7,118,82,16,No,No,Yes,No,No,Yes,Viral Infection,LOW
P1643,50,Female,90,95,38.3,107,82,30,Yes,Yes,No,Yes,No,No,Pneumonia,CRITICAL
P1644,61,Male,79,88,37.8,119,81,15,Yes,Yes,Yes,Yes,No,No,COVID-19,CRITICAL
P1645,27,Female,75,96,37.0,120,80,14,No,Yes,No,No,No,No,Cardiac,LOW
P1646,39,Female,70,96,38.0,120,79,22,Yes,Yes,Yes,No,No,No,Influenza,MEDIUM
P1647,43,Male,98,96,37.9,147,73,19,Yes,Yes,Yes,Yes,No,Yes,Influenza,CRITICAL
P1648,66,Female,61,92,38.7,146,110,26,Yes,Yes,Yes,Yes,Yes,No,Influenza,CRITICAL
P1649,89,Female,71,96,38.4,129,100,19,Yes,Yes,Yes,No,No,Yes,Viral Infection,MEDIUM
P1650,79,Female,89,92,37.7,167,96,25,Yes,Yes,Yes,Yes,No,Yes,COVID-19,CRITICAL
P1651,31,Male,99,100,36.7,119,73,18,No,Yes,No,No,No,No,Gastroenteritis,LOW
P1652,19,Female,85,94,36.0,131,68,17,No,No,Yes,No,No,No,Healthy/Minor,LOW
P1653,21,Female,67,97,36.6,105,76,11,No,No,Yes,No,No,No,Gastroenteritis,LOW
P1654,61,Male,106,91,36.3,122,83,23,No,Yes,No,Yes,No,No,COPD,HIGH
P1655,29,Male,67,92,37.0,137,64,14,No,No,No,No,No,No,COPD,LOW
P1656,34,Female,88,88,38.0,106,83,19,Yes,Yes,No,Yes,No,Yes,COVID-19,HIGH
P1657,79,Female,95,92,36.7,144,100,21,No,Yes,No,No,Yes,No,Cardiac,MEDIUM
P1658,81,Female,70,95,37.2,146,63,24,No,No,No,No,No,No,Healthy/Minor,LOW
P1659,79,Female,90,98,37.0,121,76,30,No,No,No,Yes,Yes,No,Migraine,HIGH
P1660,36,Male,78,92,36.7,92,90,20,No,Yes,No,No,No,No,Asthma,LOW
P1661,63,Male,95,92,38.7,145,86,18,Yes,Yes,No,No,No,Yes,COVID-19,MEDIUM
P1662,62,Female,55,99,38.2,176,73,19,Yes,Yes,No,No,No,Yes,Viral Infection,MEDIUM
P1663,31,Male,89,93,37.7,127,85,30,Yes,Yes,Yes,No,No,Yes,Influenza,CRITICAL
P1664,58,Male,73,100,37.7,139,75,24,Yes,Yes,Yes,No,No,Yes,Viral Infection,HIGH
P1665,56,Female,101,93,38.3,113,79,17,Yes,Yes,No,Yes,No,No,Pneumonia,MEDIUM
P1666,46,Male,77,95,36.9,146,68,16,No,No,Yes,No,No,No,Gastroenteritis,LOW
P1667,72,Male,96,99,37.4,128,84,23,Yes,Yes,Yes,No,No,Yes,Viral Infection,HIGH
P1668,67,Male,93,94,37.2,151,93,28,No,No,Yes,Yes,No,No,Asthma,CRITICAL
P1669,56,Male,84,91,38.5,137,76,25,No,Yes,No,Yes,No,No,Pneumonia,HIGH
P1670,70,Male,90,97,38.4,144,90,17,Yes,Yes,Yes,No,Yes,No,Viral Infection,CRITICAL
P1671,73,Male,98,90,38.6,144,83,27,Yes,Yes,Yes,Yes,No,Yes,COVID-19,CRITICAL
P1672,59,Male,92,95,38.8,138,92,26,No,Yes,Yes,Yes,No,No,COVID-19,CRITICAL
P1673,37,Male,55,89,37.9,125,73,18,No,Yes,Yes,No,No,No,COPD,MEDIUM
P1674,73,Female,75,93,37.0,150,99,30,No,Yes,No,Yes,No,No,Asthma,CRITICAL
P1675,70,Female,98,99,36.7,122,90,23,No,No,Yes,No,No,No,Gastroenteritis,LOW
P1676,89,Female,73,88,37.4,138,89,21,Yes,No,No,Yes,Yes,No,Influenza,CRITICAL
P1677,28,Female,96,94,36.8,143,81,26,No,Yes,No,Yes,No,No,Asthma,HIGH
P1678,48,Male,87,100,38.1,126,75,21,Yes,Yes,Yes,No,No,No,Viral Infection,MEDIUM
P1679,85,Female,79,88,37.9,135,81,28,Yes,Yes,No,Yes,No,No,Influenza,CRITICAL
P1680,55,Female,60,92,36.0,143,83,29,No,Yes,No,Yes,No,No,Asthma,HIGH
P1681,86,Male,74,97,36.7,154,74,19,No,No,Yes,Yes,No,No,Gastroenteritis,MEDIUM
P1682,18,Male,105,98,38.2,99,72,18,Yes,Yes,Yes,No,No,No,Viral Infection,MEDIUM
P1683,20,Female,75,94,36.3,138,73,10,No,No,No,No,Yes,No,Cardiac,MEDIUM
P1684,76,Female,70,95,38.0,138,90,24,Yes,Yes,No,No,No,No,Viral Infection,MEDIUM
P1685,44,Male,72,98,38.1,133,85,27,Yes,Yes,Yes,Yes,No,No,Pneumonia,CRITICAL
P1686,55,Male,101,99,38.7,127,93,28,Yes,Yes,Yes,Yes,No,No,COVID-19,HIGH
P1687,49,Male,75,96,37.6,131,76,13,No,No,Yes,No,No,No,Healthy/Minor,LOW
P1688,47,Male,70,95,37.7,94,71,21,No,Yes,No,No,No,Yes,Viral Infection,LOW
P1689,86,Female,107,88,36.9,126,72,29,No,No,No,No,No,Yes,COPD,HIGH
P1690,24,Female,93,99,36.9,132,81,19,No,Yes,Yes,No,No,Yes,Asthma,LOW
P1691,74,Male,75,93,37.1,177,98,29,No,Yes,No,No,No,No,Asthma,HIGH
P1692,82,Female,72,95,38.1,145,85,26,Yes,Yes,Yes,Yes,No,No,Influenza,CRITICAL
P1693,65,Female,95,100,38.8,120,83,10,Yes,No,No,No,No,Yes,Viral Infection,LOW
P1694,46,Female,78,94,36.9,125,79,20,Yes,No,Yes,No,No,No,Viral Infection,LOW
P1695,29,Male,65,91,37.0,106,81,19,No,Yes,No,Yes,No,No,Asthma,MEDIUM
P1696,67,Female,64,89,38.4,152,93,16,Yes,No,No,Yes,No,No,COVID-19,HIGH
P1697,52,Female,71,92,37.8,126,99,24,Yes,No,No,No,No,Yes,COVID-19,MEDIUM
P1698,28,Female,69,92,36.9,137,83,22,Yes,Yes,Yes,Yes,No,Yes,Influenza,HIGH
P1699,44,Male,51,96,36.8,119,84,23,No,No,Yes,No,No,No,Gastroenteritis,LOW
P1700,88,Male,75,91,36.5,160,84,25,No,No,No,Yes,Yes,Yes,COPD,CRITICAL
P1701,37,Female,73,94,39.0,94,77,26,Yes,Yes,Yes,Yes,No,No,Pneumonia,CRITICAL
P1702,31,Male,80,100,37.0,126,81,19,No,No,No,No,No,Yes,Cardiac,LOW
P1703,67,Female,102,96,36.4,141,79,24,Yes,No,No,No,No,Yes,Healthy/Minor,MEDIUM
P1704,32,Male,82,92,37.0,116,79,18,Yes,Yes,Yes,Yes,No,Yes,Influenza,HIGH
P1705,85,Female,86,92,37.1,146,92,25,No,No,Yes,Yes,No,No,Asthma,HIGH
P1706,80,Male,95,85,37.1,143,86,23,No,Yes,Yes,No,Yes,No,COPD,CRITICAL
P1707,89,Male,86,85,37.8,159,84,27,Yes,No,No,Yes,No,No,Pneumonia,CRITICAL
P1708,84,Male,94,91,37.1,150,87,25,Yes,No,No,Yes,No,No,COPD,CRITICAL
P1709,35,Male,90,100,36.6,132,72,14,No,No,No,No,No,No,Cardiac,LOW
P1710,33,Male,87,94,38.4,134,86,20,Yes,Yes,No,No,Yes,No,Pneumonia,HIGH
P1711,43,Male,121,92,38.3,100,74,29,Yes,Yes,No,No,No,No,Pneumonia,HIGH
P1712,52,Male,90,94,37.2,113,69,10,Yes,Yes,No,No,No,No,Viral Infection,LOW
P1713,82,Female,74,94,37.3,117,90,27,Yes,Yes,Yes,Yes,No,No,COVID-19,CRITICAL
P1714,71,Female,93,97,38.0,149,93,25,No,No,No,Yes,Yes,No,Cardiac,HIGH
P1715,65,Female,77,99,37.2,144,78,20,No,No,Yes,No,Yes,No,Cardiac,MEDIUM
P1716,82,Male,87,95,37.6,161,92,28,No,Yes,Yes,Yes,No,Yes,Viral Infection,CRITICAL
P1717,65,Female,62,97,36.4,137,89,21,No,No,No,No,No,No,Migraine,LOW
P1718,45,Female,64,95,38.0,112,99,19,Yes,Yes,Yes,No,No,Yes,Viral Infection,MEDIUM
P1719,48,Male,90,99,36.3,132,81,15,No,No,Yes,Yes,Yes,No,Cardiac,HIGH
P1720,55,Female,98,92,36.7,97,80,24,No,Yes,Yes,Yes,No,No,Asthma,CRITICAL
P1721,24,Female,92,92,38.2,113,72,25,Yes,Yes,Yes,Yes,No,No,COVID-19,HIGH
P1722,72,Male,98,96,37.9,97,89,24,Yes,Yes,Yes,Yes,No,Yes,COVID-19,CRITICAL
P1723,65,Male,91,93,37.3,137,82,19,No,Yes,No,No,No,No,Asthma,LOW
P1724,71,Male,89,84,38.7,129,93,19,Yes,No,Yes,Yes,No,Yes,Influenza,CRITICAL
P1725,56,Male,79,92,36.6,125,77,23,No,Yes,No,Yes,No,No,Asthma,MEDIUM
P1726,75,Female,98,88,37.4,121,89,17,Yes,Yes,No,Yes,No,No,COVID-19,HIGH
P1727,87,Female,102,91,38.4,130,84,22,Yes,Yes,No,Yes,No,No,Influenza,CRITICAL
P1728,59,Female,85,90,38.6,140,63,11,Yes,No,Yes,Yes,No,Yes,COVID-19,CRITICAL
P1729,50,Male,76,99,36.6,102,86,21,No,No,No,No,No,No,Migraine,LOW
P1730,25,Male,107,97,37.2,134,65,22,No,No,No,No,Yes,No,Cardiac,LOW
P1731,74,Female,80,94,37.8,122,83,19,Yes,Yes,No,No,No,No,Viral Infection,MEDIUM
P1732,83,Male,89,89,37.1,112,84,32,No,Yes,No,Yes,No,No,COPD,CRITICAL
P1733,69,Female,86,95,37.4,153,83,25,No,Yes,No,No,No,Yes,Viral Infection,MEDIUM
P1734,81,Female,80,95,36.8,160,86,21,No,No,No,No,No,No,Migraine,LOW
P1735,80,Male,77,90,37.8,129,86,23,No,No,Yes,Yes,No,No,Influenza,HIGH
P1736,76,Female,86,95,37.1,127,88,17,No,No,No,No,No,No,Healthy/Minor,LOW
P1737,54,Male,85,94,39.0,122,79,25,Yes,Yes,Yes,Yes,No,No,Influenza,CRITICAL
P1738,25,Male,110,99,36.6,113,108,16,No,No,No,No,Yes,No,Cardiac,MEDIUM
P1739,18,Male,88,100,35.9,110,75,19,No,No,Yes,No,No,No,Migraine,LOW
P1740,32,Male,77,92,37.8,127,66,25,No,No,Yes,Yes,No,No,COVID-19,HIGH
P1741,49,Male,95,99,36.9,163,70,16,No,No,Yes,No,No,No,Cardiac,LOW
P1742,72,Female,91,98,38.0,129,90,29,No,Yes,No,Yes,No,No,COVID-19,HIGH
P1743,51,Female,102,93,37.8,141,64,21,No,Yes,Yes,Yes,No,Yes,Influenza,CRITICAL
P1744,19,Male,78,93,38.9,126,66,22,Yes,No,Yes,Yes,No,Yes,Influenza,HIGH
P1745,33,Female,87,90,38.0,93,64,18,Yes,Yes,No,Yes,No,Yes,Influenza,MEDIUM
P1746,89,Female,88,89,38.2,142,91,23,Yes,Yes,Yes,No,No,No,Influenza,CRITICAL
P1747,90,Male,91,95,36.5,146,104,29,No,No,No,No,Yes,No,Cardiac,HIGH
P1748,45,Male,73,93,36.0,146,69,18,No,Yes,No,Yes,No,No,COPD,MEDIUM
P1749,76,Male,95,93,36.9,160,89,26,No,Yes,No,No,No,Yes,Asthma,MEDIUM
P1750,70,Female,85,96,37.2,140,57,17,No,No,Yes,No,No,No,Gastroenteritis,LOW
P1751,85,Female,105,93,37.4,160,79,14,Yes,No,Yes,Yes,Yes,Yes,Influenza,CRITICAL
P1752,82,Male,88,88,37.9,137,92,27,Yes,Yes,Yes,Yes,No,No,COVID-19,CRITICAL
P1753,63,Female,74,99,36.7,148,79,14,No,No,No,No,No,Yes,Migraine,LOW
P1754,46,Male,88,98,37.6,124,89,18,Yes,No,Yes,No,No,Yes,Viral Infection,MEDIUM
P1755,63,Female,76,94,36.4,148,60,26,No,No,Yes,Yes,Yes,No,Asthma,CRITICAL
P1756,41,Female,99,92,38.1,140,71,23,Yes,Yes,Yes,No,No,No,Influenza,MEDIUM
P1757,43,Female,92,95,37.0,133,83,18,No,No,No,No,No,Yes,Migraine,LOW
P1758,62,Male,96,95,37.6,118,86,13,No,Yes,Yes,No,No,No,Viral Infection,LOW
P1759,59,Male,91,94,36.7,122,87,25,No,Yes,No,Yes,No,No,Asthma,HIGH
P1760,60,Female,80,95,37.8,141,84,21,No,Yes,No,No,No,No,Pneumonia,MEDIUM
P1761,46,Male,86,93,38.3,137,68,13,Yes,Yes,Yes,Yes,No,No,Influenza,HIGH
P1762,47,Male,91,98,36.9,132,75,21,No,No,No,No,No,No,Cardiac,LOW
P1763,18,Male,71,96,38.1,115,101,22,Yes,No,Yes,No,No,No,Viral Infection,MEDIUM
P1764,61,Female,96,99,36.9,133,69,24,No,No,Yes,No,No,No,Gastroenteritis,LOW
P1765,60,Male,94,94,38.5,125,67,32,Yes,Yes,Yes,Yes,No,Yes,COVID-19,CRITICAL
P1766,86,Female,78,94,37.0,142,97,22,No,No,No,No,Yes,No,Cardiac,HIGH
P1767,54,Female,103,100,38.0,158,70,19,Yes,Yes,Yes,No,No,No,Viral Infection,MEDIUM
P1768,52,Female,86,95,37.1,118,98,27,No,Yes,No,Yes,No,No,Asthma,HIGH
P1769,22,Female,64,94,38.1,128,105,13,Yes,Yes,Yes,No,No,Yes,Viral Infection,MEDIUM
P1770,32,Male,74,94,38.3,122,76,14,Yes,Yes,No,Yes,No,No,COVID-19,HIGH
P1771,42,Female,104,91,37.7,101,81,20,No,No,Yes,Yes,No,Yes,COVID-19,MEDIUM
P1772,45,Female,110,98,36.1,108,65,23,No,No,No,No,Yes,No,Cardiac,MEDIUM
P1773,44,Female,98,85,37.0,121,89,19,No,No,No,No,No,No,Asthma,LOW
P1774,46,Female,95,99,37.0,91,57,19,Yes,No,No,No,No,No,Healthy/Minor,LOW
P1775,74,Female,103,91,36.7,165,71,27,No,Yes,No,Yes,Yes,No,COPD,CRITICAL
P1776,27,Female,92,93,38.4,114,79,23,Yes,Yes,Yes,Yes,No,No,COVID-19,CRITICAL
P1777,42,Female,89,90,37.6,114,84,16,No,Yes,Yes,Yes,No,No,COVID-19,MEDIUM
P1778,29,Male,92,97,36.0,140,63,24,No,Yes,No,Yes,No,No,COPD,MEDIUM
P1779,40,Male,95,97,37.6,118,73,20,Yes,Yes,No,Yes,No,Yes,COVID-19,MEDIUM
P1780,67,Male,70,94,36.1,143,66,27,No,No,Yes,Yes,No,Yes,Gastroenteritis,HIGH
P1781,21,Female,95,93,38.1,111,75,27,Yes,Yes,Yes,No,No,No,COVID-19,HIGH
P1782,42,Male,104,88,37.6,122,70,20,Yes,Yes,Yes,Yes,No,Yes,COVID-19,CRITICAL
P1783,19,Male,83,99,37.2,141,76,25,No,No,No,Yes,No,No,Cardiac,MEDIUM
P1784,87,Female,85,87,38.3,127,93,26,Yes,Yes,Yes,Yes,No,Yes,Influenza,CRITICAL
P1785,71,Male,86,97,36.4,142,86,11,No,No,No,No,No,No,Gastroenteritis,LOW
P1786,35,Female,77,94,36.7,81,84,22,No,No,No,No,No,No,COPD,LOW
P1787,32,Female,68,93,37.3,140,77,29,No,Yes,No,Yes,No,Yes,Asthma,HIGH
P1788,25,Male,93,95,37.5,111,85,13,No,No,Yes,No,No,No,Gastroenteritis,LOW
P1789,52,Male,72,100,36.2,124,80,17,No,No,Yes,No,No,No,Migraine,MEDIUM
P1790,73,Female,81,96,38.0,133,79,13,Yes,Yes,No,No,No,Yes,Viral Infection,MEDIUM
P1791,60,Female,78,94,36.9,113,87,17,No,Yes,Yes,Yes,No,No,COVID-19,CRITICAL
P1792,82,Female,105,88,37.7,122,81,20,Yes,Yes,No,Yes,No,Yes,COVID-19,CRITICAL
P1793,43,Female,89,99,37.3,130,75,11,No,No,Yes,No,No,No,Gastroenteritis,LOW
P1794,38,Male,83,97,38.2,135,93,14,No,No,No,Yes,Yes,No,Cardiac,MEDIUM
P1795,52,Female,71,94,36.7,117,94,25,No,No,Yes,No,No,Yes,Cardiac,MEDIUM
P1796,32,Male,80,95,36.2,129,75,22,No,No,No,Yes,No,No,COPD,MEDIUM
P1797,89,Male,89,100,36.9,151,96,23,No,No,No,No,No,No,Migraine,LOW
P1798,31,Female,87,96,38.2,114,65,27,Yes,Yes,Yes,No,No,No,Pneumonia,MEDIUM
P1799,52,Male,87,94,36.5,105,77,17,No,No,No,Yes,No,No,COPD,LOW
P1800,56,Female,88,98,37.8,127,73,18,Yes,No,No,Yes,No,No,Pneumonia,HIGH
P1801,22,Female,95,91,36.6,126,78,25,No,Yes,No,Yes,No,No,Asthma,HIGH
P1802,52,Male,78,95,37.0,124,88,14,Yes,No,Yes,No,No,No,Gastroenteritis,MEDIUM
P1803,51,Female,91,90,36.7,115,86,25,Yes,Yes,No,Yes,No,No,COPD,HIGH
P1804,36,Female,72,94,37.5,127,82,30,Yes,Yes,No,Yes,No,No,COVID-19,HIGH
P1805,27,Male,111,97,37.6,140,79,10,Yes,Yes,Yes,No,No,No,Viral Infection,MEDIUM
P1806,21,Female,74,95,36.6,108,76,15,No,No,No,No,No,No,Migraine,LOW
P1807,18,Male,88,92,36.4,115,90,21,No,Yes,No,Yes,No,No,COPD,HIGH
P1808,53,Female,86,98,36.8,170,65,15,Yes,No,No,No,No,No,Healthy/Minor,LOW
P1809,24,Male,80,96,37.1,125,71,19,Yes,Yes,Yes,No,No,No,Asthma,MEDIUM
P1810,88,Female,82,96,36.7,121,91,17,No,No,Yes,No,No,No,Migraine,LOW
P1811,35,Female,85,88,37.1,112,93,22,Yes,No,Yes,Yes,No,No,Pneumonia,HIGH
P1812,65,Female,75,95,38.4,119,79,23,Yes,Yes,Yes,No,No,Yes,COVID-19,HIGH
P1813,67,Male,92,95,38.1,138,80,28,No,No,Yes,No,No,Yes,COVID-19,HIGH
P1814,54,Female,64,94,37.3,131,68,22,Yes,Yes,Yes,Yes,No,No,Influenza,HIGH
P1815,82,Male,111,92,36.6,129,80,29,No,Yes,No,Yes,Yes,No,COPD,CRITICAL
P1816,26,Male,95,92,37.5,150,85,19,No,No,No,Yes,No,Yes,Pneumonia,MEDIUM
P1817,35,Female,94,100,37.1,127,98,12,No,No,No,No,Yes,No,Cardiac,MEDIUM
P1818,36,Female,62,91,37.7,113,75,21,Yes,No,Yes,Yes,No,No,Pneumonia,HIGH
P1819,27,Female,75,93,37.9,100,70,24,No,Yes,No,Yes,No,No,Influenza,HIGH
P1820,39,Male,96,97,36.7,106,79,21,No,Yes,No,No,No,No,Healthy/Minor,LOW
P1821,40,Female,132,99,36.1,100,62,24,No,No,Yes,No,No,No,Gastroenteritis,MEDIUM
P1822,73,Female,96,93,37.4,132,96,20,No,No,No,No,No,No,Healthy/Minor,MEDIUM
P1823,40,Female,98,89,37.1,106,66,25,No,Yes,No,Yes,No,No,Asthma,HIGH
P1824,81,Male,95,92,37.9,151,89,30,Yes,Yes,No,Yes,No,No,Influenza,CRITICAL
P1825,74,Female,77,97,37.2,132,91,15,No,No,No,No,Yes,No,Cardiac,MEDIUM
P1826,83,Female,101,89,37.2,153,92,23,Yes,Yes,No,Yes,No,No,COPD,CRITICAL
P1827,25,Female,71,96,37.9,128,81,34,No,Yes,No,Yes,No,No,Influenza,HIGH
P1828,89,Male,66,95,38.9,152,87,23,No,No,Yes,No,No,No,Viral Infection,MEDIUM
P1829,62,Male,71,99,38.1,150,90,19,No,No,No,No,Yes,No,Cardiac,MEDIUM
P1830,89,Male,95,95,36.7,174,95,23,No,No,Yes,No,No,No,Migraine,HIGH
P1831,43,Female,84,91,36.5,108,97,16,No,Yes,No,No,No,No,COPD,LOW
P1832,87,Male,91,96,36.4,161,79,16,No,No,Yes,No,Yes,No,Cardiac,MEDIUM
P1833,60,Male,86,100,36.9,135,63,17,Yes,Yes,No,No,No,No,Pneumonia,MEDIUM
P1834,23,Female,63,100,37.4,137,63,19,No,No,No,No,No,No,Healthy/Minor,LOW
P1835,47,Male,76,95,36.6,125,61,20,No,Yes,No,No,No,No,Asthma,LOW
P1836,28,Female,77,96,38.3,139,66,22,Yes,Yes,Yes,Yes,No,No,Pneumonia,HIGH
P1837,86,Female,70,84,38.7,120,73,23,Yes,Yes,Yes,No,No,No,Influenza,CRITICAL
P1838,40,Male,79,99,36.3,110,78,10,No,No,No,No,No,No,Cardiac,LOW
P1839,34,Male,64,100,36.4,111,87,21,No,No,No,No,No,No,Healthy/Minor,LOW
P1840,58,Female,86,98,38.7,127,88,10,Yes,Yes,Yes,Yes,No,Yes,Viral Infection,HIGH
P1841,49,Male,87,98,36.8,125,73,14,No,No,Yes,No,No,No,Gastroenteritis,LOW
P1842,25,Female,61,95,36.8,108,73,11,No,No,No,No,No,No,Healthy/Minor,LOW
P1843,77,Male,77,94,36.3,121,105,15,No,No,Yes,No,No,No,Gastroenteritis,LOW
P1844,79,Male,112,89,38.1,127,91,25,Yes,No,No,Yes,No,No,COVID-19,CRITICAL
P1845,72,Male,75,98,37.8,113,89,25,Yes,No,No,No,Yes,Yes,Cardiac,HIGH
P1846,63,Female,92,98,38.2,126,83,15,Yes,Yes,Yes,No,Yes,No,Influenza,HIGH
P1847,47,Male,86,99,38.0,122,76,19,Yes,Yes,No,No,No,No,Pneumonia,MEDIUM
P1848,57,Male,100,91,37.5,135,101,14,No,Yes,No,No,No,No,Asthma,MEDIUM
P1849,56,Male,89,92,38.5,130,79,19,Yes,No,Yes,Yes,No,No,Pneumonia,HIGH
P1850,30,Male,72,96,37.0,149,79,17,No,No,No,No,Yes,No,Healthy/Minor,LOW
P1851,23,Male,79,95,38.3,133,62,20,No,No,No,No,No,No,Healthy/Minor,LOW
P1852,36,Female,86,91,38.1,132,72,12,Yes,Yes,No,No,No,Yes,COVID-19,MEDIUM
P1853,51,Female,77,97,37.3,131,74,19,No,No,No,No,No,No,Gastroenteritis,LOW
P1854,29,Male,68,96,36.6,129,83,18,No,No,No,No,No,No,Asthma,LOW
P1855,25,Female,101,91,38.6,116,70,17,Yes,Yes,Yes,Yes,No,No,Influenza,HIGH
P1856,80,Female,102,94,37.8,140,86,24,Yes,No,Yes,Yes,No,Yes,COVID-19,HIGH
P1857,45,Female,71,97,38.1,153,73,25,Yes,Yes,Yes,Yes,No,Yes,Pneumonia,HIGH
P1858,60,Female,82,94,39.0,128,71,22,Yes,Yes,No,Yes,No,Yes,COVID-19,CRITICAL
P1859,56,Male,83,97,38.3,106,69,17,Yes,Yes,No,No,No,No,Pneumonia,MEDIUM
P1860,71,Female,72,87,38.1,145,82,24,Yes,No,Yes,Yes,No,No,Influenza,CRITICAL
P1861,72,Female,63,89,37.6,148,85,21,Yes,No,Yes,Yes,No,No,Pneumonia,HIGH
P1862,39,Female,69,99,38.0,122,76,20,Yes,No,No,No,No,Yes,Viral Infection,LOW
P1863,79,Male,83,92,37.4,107,77,29,Yes,Yes,Yes,Yes,Yes,Yes,Influenza,CRITICAL
P1864,45,Female,66,98,38.6,143,78,27,Yes,Yes,No,Yes,No,No,COVID-19,CRITICAL
P1865,78,Female,90,86,37.2,141,82,24,No,Yes,No,Yes,No,No,COPD,CRITICAL
P1866,47,Female,100,92,37.8,118,69,27,No,Yes,No,Yes,Yes,No,COVID-19,HIGH
P1867,26,Male,96,91,37.5,139,79,17,No,Yes,No,Yes,No,No,COPD,MEDIUM
P1868,73,Male,86,90,38.6,102,102,32,Yes,Yes,Yes,Yes,No,No,Influenza,CRITICAL
P1869,20,Female,62,95,36.9,128,81,12,No,No,No,No,No,No,Cardiac,MEDIUM
P1870,74,Male,98,94,37.4,133,74,10,No,No,No,No,Yes,No,Cardiac,MEDIUM
P1871,21,Male,80,97,36.5,144,93,23,No,No,Yes,No,No,No,Gastroenteritis,LOW
P1872,33,Female,92,100,36.7,130,95,14,No,No,No,No,No,Yes,Cardiac,LOW
P1873,62,Female,111,91,36.3,116,96,23,No,No,No,Yes,No,No,Asthma,HIGH
P1874,86,Male,78,93,37.7,159,86,19,Yes,Yes,Yes,No,No,No,COVID-19,HIGH
P1875,47,Male,48,97,37.9,84,71,33,Yes,Yes,No,Yes,No,No,Pneumonia,HIGH
P1876,26,Male,71,90,36.1,128,69,30,No,Yes,No,Yes,No,No,COPD,HIGH
P1877,35,Male,91,94,38.2,100,89,29,No,Yes,Yes,Yes,No,No,Influenza,HIGH
P1878,83,Male,89,93,38.4,132,102,24,Yes,Yes,Yes,No,No,No,COVID-19,CRITICAL
P1879,71,Female,64,97,37.1,130,74,23,No,No,Yes,No,No,Yes,Gastroenteritis,MEDIUM
P1880,25,Female,67,94,37.0,135,53,22,Yes,Yes,Yes,Yes,No,No,Influenza,HIGH
P1881,46,Male,80,92,37.8,158,79,27,Yes,Yes,Yes,No,Yes,Yes,Influenza,HIGH
P1882,37,Male,62,100,36.2,92,69,15,No,No,No,No,No,No,Gastroenteritis,LOW
P1883,30,Female,92,92,37.6,127,71,29,No,No,No,Yes,No,No,COVID-19,HIGH
P1884,79,Male,76,96,38.9,173,83,17,Yes,Yes,Yes,No,No,No,Viral Infection,HIGH
P1885,63,Male,71,98,35.7,121,86,15,No,No,No,No,Yes,No,Healthy/Minor,MEDIUM
P1886,31,Male,68,100,36.4,110,70,15,No,No,No,No,No,No,Healthy/Minor,LOW
P1887,65,Female,90,99,37.2,135,84,23,Yes,Yes,No,Yes,No,No,Asthma,HIGH
P1888,48,Male,86,91,37.6,137,78,20,No,Yes,No,No,No,No,Pneumonia,LOW
P1889,22,Male,89,98,36.4,137,59,19,No,No,Yes,No,Yes,No,Cardiac,MEDIUM
P1890,50,Female,88,94,38.0,125,89,15,No,No,No,No,Yes,No,Cardiac,MEDIUM
P1891,31,Male,85,100,37.3,113,77,21,Yes,Yes,No,No,Yes,No,Cardiac,HIGH
P1892,35,Male,72,94,38.3,141,65,29,Yes,No,Yes,Yes,No,No,COVID-19,CRITICAL
P1893,82,Male,79,90,38.4,127,78,24,Yes,Yes,No,Yes,No,No,Influenza,CRITICAL
P1894,69,Female,82,91,38.3,102,85,34,Yes,Yes,Yes,Yes,No,No,Pneumonia,CRITICAL
P1895,27,Female,112,94,38.5,97,78,27,Yes,Yes,No,Yes,No,No,Pneumonia,HIGH
P1896,80,Female,70,89,38.8,129,92,34,Yes,Yes,Yes,Yes,No,No,Influenza,CRITICAL
P1897,59,Male,73,100,36.0,152,86,17,No,No,No,No,No,Yes,Healthy/Minor,LOW
P1898,81,Male,89,93,37.9,119,74,17,Yes,No,Yes,Yes,No,Yes,Influenza,HIGH
P1899,72,Female,84,98,36.8,165,58,16,No,No,No,No,No,No,Cardiac,LOW
P1900,42,Female,92,96,36.9,142,80,14,No,No,No,No,No,No,Healthy/Minor,LOW
P1901,57,Male,82,91,38.3,131,87,18,Yes,Yes,No,Yes,No,Yes,COVID-19,HIGH
P1902,56,Female,83,91,36.9,86,79,12,Yes,Yes,No,Yes,No,Yes,COPD,HIGH
P1903,70,Female,91,98,37.7,115,90,24,No,No,Yes,No,No,No,Gastroenteritis,LOW
P1904,36,Female,109,95,38.4,110,68,14,Yes,Yes,No,Yes,No,No,COVID-19,MEDIUM
P1905,42,Female,103,91,37.4,149,75,26,No,No,No,Yes,No,No,Asthma,MEDIUM
P1906,35,Male,76,100,37.7,111,69,27,No,No,No,Yes,No,Yes,Viral Infection,HIGH
P1907,39,Male,77,95,36.7,108,85,13,No,No,No,No,No,No,Migraine,LOW
P1908,29,Male,79,96,37.6,123,69,19,No,Yes,Yes,No,No,No,Viral Infection,LOW
P1909,20,Male,80,98,37.4,97,99,15,No,No,No,No,No,Yes,Healthy/Minor,LOW
P1910,86,Female,78,88,37.5,140,81,28,No,Yes,No,Yes,No,Yes,COVID-19,CRITICAL
P1911,23,Female,90,95,36.7,107,86,12,No,No,No,No,No,Yes,Migraine,LOW
P1912,82,Female,92,100,36.6,188,85,18,No,No,No,No,No,No,Cardiac,MEDIUM
P1913,18,Male,77,100,38.0,105,91,22,No,No,Yes,No,No,No,Gastroenteritis,LOW
P1914,74,Female,64,100,36.7,166,97,19,No,No,No,No,No,Yes,Migraine,MEDIUM
P1915,41,Male,79,99,37.3,102,75,10,No,No,No,No,No,No,Migraine,LOW
P1916,55,Female,54,100,37.4,131,83,23,Yes,No,Yes,No,No,No,Viral Infection,MEDIUM
P1917,38,Male,77,93,38.3,128,91,16,Yes,Yes,Yes,No,No,Yes,COVID-19,HIGH
P1918,53,Male,71,97,36.3,128,83,17,No,No,Yes,No,No,No,Gastroenteritis,LOW
P1919,50,Male,89,96,37.5,126,71,25,Yes,Yes,No,Yes,No,Yes,COVID-19,HIGH
P1920,56,Female,111,100,36.5,147,86,18,No,No,No,No,No,No,Cardiac,LOW
P1921,46,Male,85,100,36.9,129,72,28,No,No,No,No,No,Yes,Migraine,LOW
P1922,57,Male,98,96,36.4,125,83,20,No,No,No,No,No,Yes,Migraine,MEDIUM
P1923,78,Male,96,92,37.5,126,77,23,No,Yes,No,Yes,No,No,Asthma,HIGH
P1924,49,Female,100,89,37.0,121,83,25,No,Yes,No,Yes,No,No,COPD,HIGH
P1925,44,Male,109,93,37.6,119,61,23,Yes,Yes,Yes,Yes,No,No,COVID-19,CRITICAL
P1926,27,Male,75,98,38.3,117,67,22,Yes,Yes,No,No,No,Yes,Pneumonia,MEDIUM
P1927,44,Male,75,90,37.7,123,71,23,Yes,Yes,No,Yes,No,No,Pneumonia,HIGH
P1928,27,Male,87,100,37.6,97,76,15,No,Yes,No,No,No,Yes,Viral Infection,LOW
P1929,31,Female,85,95,38.3,104,63,23,Yes,Yes,No,No,No,Yes,COVID-19,MEDIUM
P1930,87,Female,85,94,36.0,154,78,17,No,No,No,Yes,No,No,Healthy/Minor,MEDIUM
P1931,24,Male,82,94,38.2,84,86,13,Yes,Yes,Yes,Yes,No,No,Pneumonia,HIGH
P1932,53,Female,71,96,36.5,145,89,22,No,No,No,No,No,No,Gastroenteritis,LOW
P1933,78,Male,110,94,36.5,134,64,16,Yes,No,Yes,No,Yes,No,Cardiac,HIGH
P1934,87,Female,67,96,37.7,168,81,20,No,No,No,No,No,No,Gastroenteritis,LOW
P1935,28,Male,95,97,36.6,146,95,14,No,No,No,No,Yes,No,Cardiac,MEDIUM
P1936,29,Male,85,95,37.2,115,82,14,No,No,Yes,No,No,No,Gastroenteritis,LOW
P1937,45,Male,57,97,38.3,119,83,12,No,Yes,Yes,No,No,Yes,Viral Infection,MEDIUM
P1938,58,Male,76,94,37.3,160,91,21,No,No,No,No,Yes,No,Cardiac,MEDIUM
P1939,88,Female,80,87,37.8,162,77,29,No,Yes,No,Yes,No,No,Influenza,CRITICAL
P1940,33,Female,92,90,37.8,136,80,22,No,Yes,No,Yes,No,No,COVID-19,MEDIUM
P1941,30,Female,73,100,37.8,138,83,15,No,No,Yes,No,No,No,Gastroenteritis,LOW
P1942,36,Male,84,93,37.2,103,79,14,No,Yes,No,Yes,No,No,COPD,MEDIUM
P1943,81,Female,69,91,36.6,142,81,28,No,No,Yes,Yes,No,No,COPD,HIGH
P1944,20,Male,116,98,36.3,114,82,14,No,No,No,No,Yes,No,Cardiac,LOW
P1945,45,Female,86,95,37.9,104,67,17,No,No,No,Yes,No,No,COVID-19,MEDIUM
P1946,26,Female,84,100,37.2,123,84,17,No,Yes,No,No,No,Yes,Migraine,LOW
P1947,29,Male,71,99,37.3,113,64,15,No,No,Yes,No,No,No,Gastroenteritis,LOW
P1948,84,Male,73,100,37.0,137,78,12,No,Yes,No,No,No,No,Gastroenteritis,LOW
P1949,18,Male,103,98,36.1,112,85,11,No,No,No,No,No,No,Gastroenteritis,LOW
P1950,41,Female,53,100,38.2,100,81,19,Yes,Yes,No,No,No,No,Viral Infection,MEDIUM
P1951,84,Female,93,97,37.4,173,85,16,No,No,Yes,Yes,Yes,No,Cardiac,HIGH
P1952,62,Male,63,95,36.9,132,65,19,No,Yes,No,No,No,No,Healthy/Minor,LOW
P1953,23,Female,80,94,38.8,97,78,23,Yes,Yes,Yes,Yes,No,Yes,Influenza,HIGH
P1954,51,Female,78,93,36.2,134,78,22,No,No,No,No,No,No,Cardiac,LOW
P1955,88,Male,69,95,37.1,166,91,15,No,No,Yes,No,Yes,No,Gastroenteritis,HIGH
P1956,47,Female,85,93,36.3,138,74,23,Yes,Yes,No,Yes,No,No,Asthma,CRITICAL
P1957,56,Male,52,93,38.4,119,63,25,Yes,No,No,Yes,No,Yes,COVID-19,CRITICAL
P1958,56,Female,81,90,37.1,119,67,19,No,Yes,No,No,No,No,COPD,MEDIUM
P1959,66,Male,85,92,39.0,116,78,29,Yes,Yes,Yes,Yes,No,Yes,COVID-19,CRITICAL
P1960,31,Female,60,96,38.1,108,79,10,Yes,No,Yes,No,No,No,Viral Infection,LOW
P1961,79,Male,108,96,37.7,127,73,20,Yes,No,Yes,Yes,Yes,No,COVID-19,CRITICAL
P1962,90,Male,81,93,38.0,119,79,16,Yes,Yes,No,Yes,No,No,Pneumonia,HIGH
P1963,28,Male,83,96,36.7,119,90,14,Yes,No,No,No,Yes,No,Cardiac,MEDIUM
P1964,77,Female,80,93,37.7,142,96,23,Yes,Yes,Yes,No,No,Yes,COVID-19,HIGH
P1965,77,Male,87,94,38.5,130,87,28,Yes,Yes,No,Yes,No,No,Influenza,CRITICAL
P1966,72,Female,105,97,37.4,144,85,18,No,No,Yes,No,No,No,Cardiac,MEDIUM
P1967,45,Female,117,89,36.1,148,73,19,No,Yes,No,Yes,No,Yes,COPD,HIGH
P1968,52,Female,95,100,37.9,155,86,15,Yes,Yes,No,Yes,No,No,Pneumonia,HIGH
P1969,79,Female,103,97,36.8,142,86,14,No,No,Yes,No,Yes,No,Cardiac,MEDIUM
P1970,29,Female,108,95,36.4,140,91,18,No,No,Yes,No,Yes,No,Cardiac,MEDIUM
P1971,78,Male,84,96,37.0,134,95,23,No,No,No,No,No,No,Migraine,MEDIUM
P1972,85,Female,109,90,38.6,132,90,22,Yes,Yes,Yes,No,Yes,No,COVID-19,CRITICAL
P1973,67,Male,97,91,38.6,114,78,29,Yes,Yes,No,Yes,No,No,Pneumonia,CRITICAL
P1974,42,Female,80,95,37.4,122,74,13,No,No,No,No,No,No,Healthy/Minor,LOW
P1975,58,Male,91,98,36.5,151,69,15,No,No,No,No,No,No,Cardiac,LOW
P1976,21,Female,61,91,38.2,100,77,21,Yes,Yes,Yes,Yes,No,Yes,Influenza,CRITICAL
P1977,86,Female,85,95,37.6,136,85,26,No,Yes,Yes,Yes,Yes,Yes,Viral Infection,CRITICAL
P1978,42,Male,65,95,38.0,116,65,23,No,Yes,No,Yes,No,No,Pneumonia,MEDIUM
P1979,22,Female,57,97,36.9,124,102,10,No,No,No,No,No,Yes,Migraine,LOW
P1980,75,Male,83,95,37.2,140,90,23,No,No,Yes,No,No,No,Gastroenteritis,MEDIUM
P1981,66,Male,65,98,37.7,140,74,27,No,No,Yes,No,No,No,Healthy/Minor,MEDIUM
P1982,63,Female,79,96,37.1,161,103,16,No,No,No,No,No,No,Healthy/Minor,LOW
P1983,21,Female,87,92,37.5,106,73,18,Yes,Yes,No,Yes,No,No,COVID-19,HIGH
P1984,72,Male,83,92,36.2,120,92,23,No,No,No,No,No,Yes,Migraine,LOW
P1985,64,Female,75,91,38.1,135,83,31,Yes,No,Yes,Yes,No,No,COVID-19,CRITICAL
P1986,75,Female,100,96,37.8,165,84,23,Yes,No,No,No,No,No,Cardiac,HIGH
P1987,78,Female,88,97,36.8,120,85,12,Yes,No,Yes,No,Yes,Yes,Cardiac,HIGH
P1988,33,Female,91,91,37.2,125,92,25,Yes,No,Yes,Yes,No,No,Influenza,HIGH
P1989,33,Male,69,95,38.8,117,87,24,No,No,Yes,Yes,No,Yes,Influenza,HIGH
P1990,85,Male,86,91,38.1,154,85,20,Yes,Yes,Yes,Yes,No,No,Influenza,CRITICAL
P1991,56,Female,100,90,38.0,137,60,28,Yes,No,Yes,Yes,No,Yes,Influenza,CRITICAL
P1992,49,Female,98,94,37.4,125,83,24,Yes,Yes,No,No,Yes,No,Pneumonia,HIGH
P1993,38,Male,68,100,37.9,128,66,23,No,No,Yes,No,No,No,Viral Infection,LOW
P1994,64,Female,79,86,37.1,120,88,17,Yes,No,No,Yes,No,No,COPD,HIGH
P1995,73,Female,67,100,37.0,148,77,21,No,No,No,No,No,No,Migraine,MEDIUM
P1996,18,Female,69,96,37.6,142,72,13,Yes,Yes,No,No,No,Yes,Viral Infection,LOW
P1997,58,Male,61,93,36.8,130,75,18,No,No,No,No,No,No,Migraine,LOW
P1998,90,Male,87,91,37.9,136,97,31,No,Yes,Yes,Yes,No,Yes,COVID-19,CRITICAL
P1999,38,Male,86,100,38.6,118,60,11,Yes,No,Yes,No,No,No,Viral Infection,MEDIUM
P2000,38,Female,68,97,37.5,133,85,11,No,No,No,No,No,Yes,Migraine,LOW
P2001,82,Female,80,96,36.6,138,89,23,No,No,No,No,Yes,No,Migraine,MEDIUM
P2002,22,Male,75,100,37.7,101,77,17,Yes,No,Yes,Yes,No,No,Viral Infection,MEDIUM
P2003,47,Female,100,99,36.9,144,79,22,Yes,No,No,No,No,No,Cardiac,LOW
P2004,51,Female,77,100,36.6,109,85,18,No,Yes,No,Yes,No,No,COPD,MEDIUM
P2005,76,Male,73,99,37.7,143,80,19,No,Yes,Yes,No,No,No,Viral Infection,MEDIUM
P2006,27,Male,74,94,36.3,90,74,25,No,Yes,No,Yes,No,No,Asthma,HIGH
P2007,49,Female,63,99,37.4,126,80,18,No,No,No,No,No,Yes,Viral Infection,LOW
P2008,29,Female,92,93,38.0,119,95,14,Yes,No,Yes,Yes,No,No,Influenza,MEDIUM
P2009,75,Female,86,92,37.8,104,69,37,No,Yes,Yes,Yes,Yes,No,Influenza,CRITICAL
P2010,64,Female,87,93,38.2,136,87,23,No,Yes,No,Yes,No,No,COPD,HIGH
P2011,54,Male,102,92,38.2,109,79,16,Yes,Yes,No,No,No,No,Influenza,MEDIUM
P2012,46,Female,95,94,36.6,124,77,18,No,No,No,No,Yes,No,Healthy/Minor,LOW
P2013,29,Female,64,97,37.2,113,63,24,Yes,Yes,No,No,No,No,Influenza,MEDIUM
P2014,85,Male,90,98,37.0,117,69,23,No,No,Yes,No,No,No,Gastroenteritis,MEDIUM
P2015,65,Male,89,90,37.7,115,86,26,Yes,Yes,Yes,Yes,No,No,Pneumonia,CRITICAL
P2016,41,Female,72,98,37.4,105,65,16,No,No,No,No,No,Yes,Healthy/Minor,LOW
P2017,48,Female,89,96,38.0,139,90,14,Yes,No,No,Yes,No,No,COVID-19,MEDIUM
P2018,71,Female,65,94,37.3,147,73,26,Yes,Yes,Yes,Yes,No,No,Influenza,CRITICAL
P2019,70,Male,106,89,37.4,169,89,17,Yes,Yes,Yes,Yes,No,Yes,Influenza,CRITICAL
P2020,51,Male,92,94,36.8,117,74,27,No,Yes,No,Yes,No,No,COPD,HIGH
P2021,40,Female,67,98,37.0,111,72,14,No,No,No,No,No,No,Healthy/Minor,LOW
P2022,66,Female,72,97,36.3,134,74,22,No,No,No,No,No,No,Healthy/Minor,LOW
P2023,66,Female,64,88,38.0,126,87,21,Yes,Yes,Yes,Yes,No,No,COVID-19,CRITICAL
P2024,61,Female,82,82,36.2,120,89,20,Yes,Yes,No,Yes,No,No,Asthma,CRITICAL
P2025,23,Male,79,91,37.9,121,75,18,No,Yes,Yes,Yes,No,Yes,Influenza,HIGH
P2026,52,Female,68,93,37.0,137,86,25,No,Yes,No,Yes,No,No,COPD,MEDIUM
P2027,62,Male,97,97,37.5,102,86,14,No,No,No,No,Yes,No,Cardiac,MEDIUM
P2028,87,Female,105,93,38.0,132,73,27,Yes,No,No,Yes,No,Yes,Pneumonia,CRITICAL
P2029,56,Male,86,100,36.4,111,89,14,No,No,No,No,Yes,No,Cardiac,MEDIUM
P2030,43,Female,74,97,38.6,119,76,16,Yes,Yes,No,No,No,No,Viral Infection,MEDIUM
P2031,58,Female,91,92,37.8,135,55,22,Yes,Yes,Yes,Yes,No,No,Influenza,HIGH
P2032,30,Female,85,87,38.5,138,74,23,Yes,No,No,Yes,No,Yes,Pneumonia,HIGH
P2033,24,Female,71,89,37.6,113,61,18,Yes,Yes,Yes,Yes,No,No,Pneumonia,HIGH
P2034,67,Female,78,87,37.9,134,71,27,Yes,Yes,No,Yes,No,No,Influenza,CRITICAL
P2035,89,Female,85,93,37.8,115,84,23,Yes,Yes,Yes,No,No,No,Pneumonia,HIGH
P2036,79,Male,92,95,36.9,130,88,21,Yes,No,No,Yes,No,No,Cardiac,HIGH
P2037,60,Male,86,92,38.3,132,73,22,Yes,Yes,Yes,Yes,No,No,Influenza,HIGH
P2038,20,Female,81,96,36.9,98,83,20,No,No,No,No,No,No,Migraine,LOW
P2039,90,Female,62,93,37.7,162,86,17,No,Yes,No,No,No,No,Viral Infection,MEDIUM
P2040,50,Female,87,100,37.0,133,76,13,No,No,No,No,No,No,Healthy/Minor,LOW
P2041,39,Female,78,98,36.4,106,78,19,No,No,Yes,No,No,Yes,Gastroenteritis,LOW
P2042,83,Female,121,94,37.2,116,98,22,Yes,Yes,Yes,Yes,Yes,No,Pneumonia,CRITICAL
P2043,72,Female,82,85,38.1,123,62,31,Yes,Yes,Yes,No,No,No,Influenza,CRITICAL
P2044,72,Female,91,92,37.9,120,97,24,No,Yes,Yes,Yes,No,No,Pneumonia,HIGH
P2045,38,Female,115,97,36.7,101,72,11,No,No,No,No,No,No,Healthy/Minor,LOW
P2046,90,Male,85,95,37.0,120,79,16,No,Yes,No,No,No,Yes,Healthy/Minor,MEDIUM
P2047,51,Female,84,97,38.2,121,76,18,Yes,No,No,Yes,No,No,COVID-19,HIGH
P2048,56,Male,73,92,38.1,139,72,27,Yes,No,Yes,Yes,No,No,COVID-19,CRITICAL
P2049,72,Female,107,90,36.3,123,73,27,No,No,No,Yes,Yes,No,COPD,CRITICAL
P2050,66,Female,72,88,37.6,139,91,24,No,No,No,Yes,No,No,COVID-19,HIGH
P2051,30,Female,84,98,37.1,115,80,18,No,No,No,No,No,No,Healthy/Minor,LOW
P2052,40,Male,79,89,38.3,130,59,22,Yes,No,No,No,No,No,Pneumonia,HIGH
P2053,44,Female,83,93,37.7,109,85,26,Yes,Yes,No,No,No,No,COVID-19,MEDIUM
P2054,87,Male,70,92,36.4,146,92,26,No,Yes,No,Yes,No,No,Asthma,HIGH
P2055,70,Female,104,94,38.2,135,69,27,Yes,Yes,No,Yes,No,No,Influenza,CRITICAL
P2056,44,Male,81,91,37.8,144,81,21,No,Yes,Yes,No,No,Yes,COVID-19,LOW
P2057,71,Male,64,94,38.5,143,90,16,Yes,Yes,Yes,No,Yes,No,Viral Infection,MEDIUM
P2058,71,Female,103,89,38.6,138,68,27,Yes,Yes,No,Yes,No,No,Pneumonia,CRITICAL
P2059,46,Female,79,97,36.7,105,86,24,No,No,No,No,Yes,No,Cardiac,MEDIUM
P2060,47,Male,89,91,37.2,115,73,27,No,No,Yes,Yes,Yes,No,Asthma,CRITICAL
P2061,83,Male,99,85,38.0,127,91,31,Yes,Yes,Yes,Yes,No,No,Pneumonia,CRITICAL
P2062,59,Male,92,91,38.0,115,72,23,Yes,Yes,Yes,Yes,No,No,Influenza,HIGH
P2063,28,Female,56,93,37.2,120,88,18,Yes,Yes,Yes,Yes,No,No,COVID-19,HIGH
P2064,70,Male,96,91,37.5,137,81,20,No,Yes,Yes,Yes,Yes,No,Influenza,CRITICAL
P2065,61,Male,85,95,37.5,134,76,28,No,No,Yes,Yes,No,No,COVID-19,CRITICAL
P2066,55,Male,74,100,37.8,147,73,10,No,Yes,No,No,No,Yes,Viral Infection,MEDIUM
P2067,70,Male,79,94,36.9,141,92,26,No,No,Yes,No,Yes,Yes,Gastroenteritis,HIGH
P2068,84,Male,60,91,36.9,120,79,15,No,No,No,No,No,No,Healthy/Minor,LOW
P2069,42,Female,87,95,36.9,124,89,31,No,Yes,No,Yes,No,No,Asthma,MEDIUM
P2070,48,Female,60,98,36.8,133,82,17,No,No,No,No,No,No,Gastroenteritis,LOW
P2071,31,Male,74,97,37.1,140,64,20,No,No,Yes,No,No,No,Gastroenteritis,LOW
P2072,65,Female,89,97,39.0,129,83,33,No,No,No,Yes,No,No,Pneumonia,HIGH
P2073,47,Female,99,95,37.7,121,80,21,Yes,Yes,Yes,No,No,Yes,COVID-19,HIGH
P2074,42,Male,74,92,36.5,138,64,20,No,Yes,No,No,No,No,COPD,MEDIUM
P2075,68,Female,99,96,36.5,135,83,16,No,No,Yes,No,No,Yes,Migraine,LOW
P2076,47,Female,97,96,37.1,98,85,17,No,Yes,No,No,No,No,Asthma,LOW
P2077,51,Female,80,92,37.7,96,91,21,Yes,Yes,Yes,No,No,No,Pneumonia,HIGH
P2078,50,Male,64,96,36.0,154,91,15,No,No,No,No,No,No,Healthy/Minor,LOW
P2079,36,Male,66,93,37.2,93,102,16,Yes,Yes,Yes,Yes,No,No,Influenza,HIGH
P2080,27,Male,82,95,37.3,117,78,16,No,No,Yes,No,No,Yes,Healthy/Minor,MEDIUM
P2081,78,Male,71,95,38.5,151,90,21,Yes,No,Yes,No,No,No,Viral Infection,MEDIUM
P2082,24,Female,94,98,38.6,92,72,13,Yes,Yes,No,No,No,No,Viral Infection,MEDIUM
P2083,41,Female,69,98,36.9,103,97,16,No,No,No,No,No,Yes,Migraine,LOW
P2084,66,Female,75,90,37.5,112,74,30,Yes,Yes,No,Yes,Yes,No,Pneumonia,CRITICAL
P2085,27,Female,89,100,36.6,155,100,11,No,No,No,No,No,No,Cardiac,LOW
P2086,65,Female,71,100,36.1,164,100,26,No,No,No,No,No,No,Migraine,MEDIUM
P2087,71,Male,80,95,36.4,122,76,16,No,No,Yes,No,No,Yes,Migraine,MEDIUM
P2088,66,Male,99,91,38.0,141,93,25,Yes,No,No,Yes,No,No,COVID-19,HIGH
P2089,40,Male,87,97,38.1,125,83,28,Yes,Yes,Yes,Yes,No,No,Pneumonia,CRITICAL
P2090,19,Male,87,92,38.8,116,74,29,Yes,No,Yes,Yes,No,Yes,COVID-19,CRITICAL
P2091,82,Female,91,88,36.8,113,84,26,No,Yes,No,Yes,Yes,No,Asthma,CRITICAL
P2092,41,Male,64,99,36.2,163,85,14,No,No,No,No,Yes,No,Cardiac,MEDIUM
P2093,76,Male,86,97,37.8,107,88,15,Yes,Yes,No,No,No,No,Viral Infection,MEDIUM
P2094,32,Male,80,99,36.7,123,93,14,No,No,No,No,No,Yes,Migraine,LOW
P2095,29,Female,90,100,36.6,110,84,26,No,Yes,Yes,Yes,No,Yes,Gastroenteritis,MEDIUM
P2096,74,Female,95,89,38.1,151,76,22,Yes,Yes,Yes,Yes,Yes,Yes,Pneumonia,CRITICAL
P2097,86,Male,86,87,36.3,154,94,25,No,No,No,Yes,No,No,Asthma,HIGH
P2098,80,Male,101,89,38.0,122,68,19,Yes,Yes,Yes,Yes,No,No,COVID-19,CRITICAL
P2099,72,Male,83,93,38.2,122,80,19,Yes,Yes,Yes,No,No,No,Pneumonia,HIGH
P2100,36,Female,88,91,38.5,95,75,22,Yes,Yes,Yes,Yes,No,No,Influenza,CRITICAL
P2101,84,Male,84,86,38.0,143,93,23,Yes,Yes,Yes,Yes,No,No,COVID-19,CRITICAL
P2102,66,Female,93,91,38.4,143,100,23,Yes,No,Yes,Yes,No,No,Pneumonia,CRITICAL
P2103,30,Female,81,96,36.6,119,84,10,No,No,No,No,No,No,Cardiac,LOW
P2104,27,Female,106,89,38.1,116,74,22,No,Yes,No,Yes,No,No,Influenza,HIGH
P2105,81,Male,114,91,38.5,169,78,31,No,Yes,No,Yes,No,No,COVID-19,CRITICAL
P2106,38,Male,96,92,37.3,135,86,18,Yes,Yes,Yes,No,No,Yes,Influenza,MEDIUM
P2107,73,Male,108,100,36.6,162,86,23,No,No,No,No,Yes,No,Cardiac,HIGH
P2108,28,Female,66,98,37.6,90,77,10,No,No,No,No,No,No,Cardiac,LOW
P2109,38,Male,67,95,37.8,129,88,18,Yes,Yes,Yes,No,No,No,COVID-19,MEDIUM
P2110,38,Male,81,93,37.8,124,90,13,No,Yes,Yes,Yes,No,No,Pneumonia,MEDIUM
P2111,38,Male,79,96,37.0,100,68,23,No,No,No,No,No,No,Healthy/Minor,LOW
P2112,67,Female,85,94,36.9,121,72,23,No,No,No,No,Yes,No,Cardiac,MEDIUM
P2113,84,Female,60,99,37.3,136,85,14,Yes,No,Yes,No,Yes,Yes,Gastroenteritis,MEDIUM
P2114,84,Male,103,91,37.2,118,75,25,No,No,No,No,No,Yes,COPD,MEDIUM
P2115,72,Female,108,91,38.2,122,71,24,Yes,No,Yes,Yes,No,Yes,Viral Infection,CRITICAL
P2116,32,Female,95,95,38.7,113,68,23,No,No,Yes,No,No,Yes,Viral Infection,MEDIUM
P2117,88,Female,103,88,38.1,151,97,22,Yes,Yes,No,Yes,No,Yes,COVID-19,CRITICAL
P2118,57,Female,82,100,37.2,116,88,10,Yes,No,Yes,No,No,No,Gastroenteritis,MEDIUM
P2119,57,Male,75,89,37.4,120,106,18,Yes,Yes,No,Yes,No,No,Pneumonia,HIGH
P2120,69,Female,81,98,37.6,149,77,22,No,No,No,No,No,No,Gastroenteritis,LOW
P2121,74,Female,115,92,38.0,107,97,33,No,Yes,Yes,Yes,No,No,COVID-19,CRITICAL
P2122,87,Female,84,91,36.7,145,91,24,Yes,Yes,Yes,Yes,No,No,Influenza,CRITICAL
P2123,60,Female,73,97,37.5,135,76,14,No,No,No,No,No,No,Healthy/Minor,LOW
P2124,62,Female,94,100,37.9,137,80,28,Yes,Yes,No,No,No,No,Viral Infection,MEDIUM
P2125,72,Male,102,91,37.7,126,78,26,Yes,Yes,No,No,No,No,COVID-19,HIGH
P2126,36,Female,67,94,36.5,103,81,11,No,No,No,No,No,No,Healthy/Minor,LOW
P2127,40,Female,82,90,38.1,144,88,21,Yes,No,Yes,Yes,No,Yes,COVID-19,HIGH
P2128,63,Male,80,89,36.4,117,78,26,No,Yes,No,Yes,No,Yes,Asthma,CRITICAL
P2129,22,Male,79,100,37.6,102,86,17,Yes,Yes,Yes,No,No,Yes,Viral Infection,MEDIUM
P2130,41,Female,99,97,37.7,121,91,26,Yes,Yes,Yes,No,No,Yes,COVID-19,HIGH
P2131,70,Male,77,94,37.0,122,98,17,Yes,Yes,No,Yes,No,No,Asthma,CRITICAL
P2132,89,Female,96,95,36.6,159,75,13,No,No,Yes,No,No,Yes,Gastroenteritis,MEDIUM
P2133,55,Female,87,90,38.3,123,80,19,Yes,No,No,Yes,No,No,Influenza,HIGH
P2134,47,Female,115,91,36.9,142,86,21,No,Yes,No,Yes,No,No,Asthma,HIGH
P2135,50,Male,89,91,38.4,132,69,24,Yes,No,Yes,Yes,No,No,COVID-19,HIGH
P2136,68,Male,79,95,37.1,126,70,22,Yes,No,No,No,No,No,Gastroenteritis,MEDIUM
P2137,57,Female,93,97,37.9,145,81,33,Yes,Yes,No,No,No,No,Influenza,HIGH
P2138,19,Female,81,97,37.4,110,74,19,No,No,No,Yes,No,Yes,Pneumonia,MEDIUM
P2139,57,Male,55,97,37.9,123,79,16,No,No,Yes,No,No,No,Gastroenteritis,MEDIUM
P2140,47,Male,82,87,38.3,132,75,19,Yes,Yes,Yes,Yes,No,Yes,Pneumonia,CRITICAL
P2141,69,Male,84,88,37.5,137,105,29,No,Yes,Yes,Yes,No,No,Asthma,CRITICAL
P2142,81,Female,60,99,37.3,128,81,24,No,No,Yes,No,Yes,No,Gastroenteritis,MEDIUM
P2143,88,Female,81,96,36.9,117,92,17,Yes,No,No,No,No,No,Migraine,MEDIUM
P2144,62,Male,59,93,36.8,130,87,31,Yes,No,Yes,Yes,No,Yes,Influenza,CRITICAL
P2145,44,Male,73,97,37.3,110,62,14,Yes,Yes,Yes,No,No,No,Viral Infection,MEDIUM
P2146,50,Male,81,96,37.1,125,94,22,No,No,Yes,No,No,Yes,Gastroenteritis,MEDIUM
P2147,30,Female,86,90,37.9,113,84,29,Yes,No,No,Yes,No,No,COVID-19,HIGH
P2148,86,Male,76,100,36.9,129,88,13,No,No,No,No,No,Yes,Migraine,LOW
P2149,79,Male,80,100,36.0,133,96,22,No,No,Yes,No,Yes,No,Gastroenteritis,MEDIUM
P2150,80,Male,79,93,36.8,143,89,10,No,No,No,No,Yes,No,Cardiac,MEDIUM
P2151,41,Female,85,87,36.3,132,87,26,No,Yes,No,Yes,No,No,COPD,HIGH
P2152,41,Male,79,98,36.8,127,59,12,No,No,No,No,No,Yes,Migraine,LOW
P2153,80,Male,69,95,37.2,172,93,22,No,No,No,No,Yes,No,Healthy/Minor,MEDIUM
P2154,57,Female,90,100,36.6,136,87,20,No,No,No,No,Yes,No,Cardiac,MEDIUM
P2155,69,Male,83,98,37.5,122,85,24,Yes,Yes,Yes,No,No,No,Viral Infection,HIGH
P2156,53,Male,76,95,36.9,123,72,21,No,No,Yes,No,No,Yes,Migraine,LOW
P2157,50,Female,109,100,38.3,134,78,17,Yes,Yes,No,No,No,No,Viral Infection,MEDIUM
P2158,64,Female,78,97,36.6,147,80,15,No,No,No,No,No,No,Healthy/Minor,LOW
P2159,77,Male,84,93,38.6,158,73,24,Yes,Yes,Yes,Yes,No,No,Pneumonia,CRITICAL
P2160,42,Male,80,93,37.3,105,82,17,No,No,Yes,Yes,No,No,Pneumonia,MEDIUM
P2161,77,Male,76,98,36.1,163,104,18,No,No,No,No,No,No,Cardiac,MEDIUM
P2162,35,Female,94,87,36.1,119,64,21,No,Yes,No,Yes,No,No,Asthma,MEDIUM
P2163,47,Female,77,100,36.4,114,88,13,Yes,No,No,No,No,No,Cardiac,LOW
P2164,84,Female,74,93,37.0,137,82,11,Yes,No,Yes,No,No,No,Migraine,MEDIUM
P2165,87,Female,75,96,36.4,161,81,13,No,No,Yes,No,No,No,Healthy/Minor,LOW
P2166,85,Male,76,94,36.2,148,87,10,No,Yes,No,Yes,No,No,Asthma,HIGH
P2167,41,Female,55,96,37.0,101,79,16,Yes,No,Yes,No,No,No,Gastroenteritis,LOW
P2168,79,Female,82,88,38.6,118,87,26,Yes,No,No,Yes,No,No,Pneumonia,CRITICAL
P2169,86,Male,100,88,37.3,121,75,12,No,No,No,No,No,No,COPD,MEDIUM
P2170,89,Female,91,90,38.3,130,98,25,Yes,Yes,Yes,Yes,No,No,Influenza,CRITICAL
P2171,19,Female,105,89,36.4,121,79,21,No,Yes,No,Yes,Yes,No,COPD,HIGH
P2172,72,Female,97,89,36.9,116,90,19,No,Yes,Yes,Yes,No,No,COPD,HIGH
P2173,90,Female,89,96,37.0,136,99,17,No,No,Yes,No,Yes,Yes,Migraine,HIGH
P2174,73,Male,113,97,36.6,163,69,24,No,No,No,No,No,Yes,Cardiac,MEDIUM
P2175,35,Male,84,91,38.0,146,84,18,No,Yes,Yes,No,No,Yes,COVID-19,MEDIUM
P2176,73,Male,88,88,37.3,160,82,24,No,Yes,Yes,Yes,No,Yes,Influenza,HIGH
P2177,25,Female,85,93,37.6,91,88,24,No,Yes,Yes,Yes,No,No,Influenza,HIGH
P2178,53,Female,98,97,37.0,153,72,13,Yes,No,No,No,No,No,Healthy/Minor,LOW
P2179,63,Male,79,97,37.5,132,91,22,No,No,Yes,No,No,Yes,Healthy/Minor,MEDIUM
P2180,51,Male,77,92,38.4,126,69,24,Yes,Yes,Yes,Yes,No,No,COVID-19,CRITICAL
P2181,69,Male,95,92,38.2,150,87,23,Yes,Yes,Yes,Yes,No,No,Pneumonia,CRITICAL
P2182,35,Female,74,91,36.8,131,81,33,No,Yes,No,Yes,No,No,Asthma,CRITICAL
P2183,62,Male,86,98,36.8,100,80,22,No,No,No,No,No,No,Gastroenteritis,LOW
P2184,65,Male,92,93,37.2,121,72,14,No,No,No,No,No,No,COVID-19,LOW
P2185,64,Male,84,93,37.5,125,79,20,Yes,Yes,No,No,No,No,Influenza,MEDIUM
P2186,39,Female,92,97,36.4,99,87,33,No,No,No,No,No,Yes,Asthma,MEDIUM
P2187,40,Male,66,90,38.2,136,93,18,Yes,Yes,Yes,Yes,Yes,No,Pneumonia,CRITICAL
P2188,36,Male,87,87,38.3,143,98,22,Yes,No,No,Yes,No,No,COVID-19,HIGH
P2189,51,Male,79,92,38.5,125,85,28,Yes,Yes,No,No,No,No,Pneumonia,HIGH
P2190,60,Male,116,95,37.3,134,84,20,No,No,No,No,No,No,Gastroenteritis,LOW
P2191,44,Male,87,83,36.8,122,83,26,No,Yes,Yes,Yes,No,No,COPD,HIGH
P2192,47,Female,77,98,37.8,125,99,25,Yes,Yes,No,Yes,No,No,COVID-19,CRITICAL
P2193,38,Female,67,93,36.8,138,83,22,No,Yes,No,No,No,No,COPD,MEDIUM
P2194,33,Female,102,93,36.5,92,79,18,No,No,No,No,Yes,No,COPD,LOW
P2195,65,Female,75,97,37.1,139,80,19,No,No,No,No,Yes,Yes,Migraine,MEDIUM
P2196,77,Female,70,97,36.6,137,83,17,No,No,Yes,No,Yes,No,Healthy/Minor,MEDIUM
P2197,39,Male,89,92,38.2,109,82,20,Yes,Yes,Yes,No,No,No,Influenza,HIGH
P2198,80,Female,89,98,38.5,130,78,26,Yes,Yes,No,Yes,No,Yes,Viral Infection,HIGH
P2199,59,Male,87,99,36.5,158,75,15,No,No,Yes,No,No,No,Gastroenteritis,LOW
P2200,30,Male,78,98,37.2,99,77,25,No,No,No,Yes,No,No,Gastroenteritis,MEDIUM
P2201,44,Female,87,94,37.3,119,74,23,Yes,Yes,Yes,Yes,No,No,COVID-19,MEDIUM
P2202,18,Male,88,98,38.0,146,84,21,Yes,Yes,Yes,No,No,No,COVID-19,MEDIUM
P2203,20,Male,89,94,38.2,100,85,14,Yes,Yes,No,No,No,No,Influenza,MEDIUM
P2204,42,Male,84,95,37.2,114,81,27,No,No,No,No,No,No,Healthy/Minor,LOW
P2205,51,Male,100,99,36.2,132,89,17,Yes,No,No,No,Yes,No,Cardiac,HIGH
P2206,76,Female,88,92,36.1,143,86,14,No,Yes,No,No,No,No,Asthma,MEDIUM
P2207,27,Female,74,91,37.1,119,45,26,No,No,No,Yes,No,No,COPD,MEDIUM
P2208,79,Male,86,91,38.0,123,76,24,Yes,Yes,Yes,Yes,No,No,Influenza,CRITICAL
P2209,35,Male,95,91,37.9,127,85,18,Yes,Yes,No,Yes,No,No,Pneumonia,HIGH
P2210,28,Female,63,98,36.5,124,74,21,No,No,No,No,No,No,Cardiac,LOW
P2211,69,Female,64,86,37.2,143,92,13,No,Yes,No,No,No,No,COPD,MEDIUM
P2212,74,Male,92,95,36.9,150,93,16,No,Yes,No,No,No,No,Migraine,MEDIUM
P2213,62,Female,99,96,37.2,106,79,16,No,No,Yes,No,No,No,Gastroenteritis,LOW
P2214,26,Male,70,100,36.3,143,76,21,No,No,Yes,No,No,No,Cardiac,LOW
P2215,26,Male,79,100,38.1,116,78,27,Yes,No,Yes,No,No,Yes,Viral Infection,MEDIUM
P2216,46,Male,80,90,37.5,136,79,21,Yes,Yes,No,No,No,No,Influenza,HIGH
P2217,50,Female,75,98,36.8,132,86,19,No,No,Yes,No,No,No,Gastroenteritis,LOW
P2218,90,Male,86,95,36.5,172,64,31,No,No,No,No,No,No,Gastroenteritis,MEDIUM
P2219,38,Male,68,95,37.8,120,71,22,Yes,Yes,Yes,Yes,No,Yes,COVID-19,HIGH
P2220,32,Male,71,94,38.4,114,68,24,No,Yes,Yes,Yes,No,No,Pneumonia,HIGH
P2221,87,Male,85,90,38.0,133,61,18,Yes,No,Yes,No,No,No,Pneumonia,HIGH
P2222,29,Female,83,94,38.0,103,73,31,Yes,Yes,No,No,No,No,Pneumonia,HIGH
P2223,19,Male,70,91,36.8,133,63,19,No,Yes,No,No,No,No,COPD,LOW
P2224,48,Male,95,98,37.9,106,76,23,Yes,Yes,Yes,Yes,No,No,Influenza,HIGH
P2225,47,Female,73,96,36.8,136,74,18,No,Yes,Yes,No,No,Yes,Gastroenteritis,LOW
P2226,63,Female,81,94,38.0,127,87,22,Yes,Yes,Yes,No,No,No,Influenza,HIGH
P2227,82,Male,92,92,37.4,111,83,22,No,No,Yes,Yes,No,No,Influenza,HIGH
P2228,86,Female,87,92,37.9,165,69,25,Yes,Yes,No,Yes,No,Yes,COVID-19,CRITICAL
P2229,39,Female,96,93,37.1,75,81,30,Yes,Yes,No,No,No,No,Pneumonia,HIGH
P2230,89,Female,70,99,37.4,141,111,29,No,No,No,No,No,No,Healthy/Minor,MEDIUM
P2231,64,Female,68,88,37.4,135,93,21,Yes,Yes,No,Yes,No,No,COVID-19,CRITICAL
P2232,23,Female,81,90,38.7,83,85,20,Yes,Yes,Yes,No,No,No,Pneumonia,HIGH
P2233,86,Male,89,93,36.8,148,84,20,Yes,Yes,No,Yes,No,No,Pneumonia,HIGH
P2234,28,Male,69,91,39.0,109,73,34,Yes,Yes,Yes,Yes,No,No,COVID-19,CRITICAL
P2235,60,Male,69,95,36.1,131,80,18,No,No,No,No,Yes,No,Cardiac,MEDIUM
P2236,75,Male,83,94,36.6,157,87,24,No,No,Yes,No,No,Yes,Migraine,MEDIUM
P2237,36,Female,75,91,38.0,122,67,25,Yes,Yes,No,Yes,No,No,COVID-19,HIGH
P2238,37,Male,67,100,37.1,120,84,27,No,No,No,No,No,No,Cardiac,MEDIUM
P2239,52,Male,98,96,36.7,123,74,21,No,Yes,No,Yes,No,No,Asthma,MEDIUM
P2240,82,Female,73,96,38.3,167,68,14,Yes,Yes,Yes,No,No,Yes,Viral Infection,MEDIUM
P2241,34,Female,101,100,36.4,132,75,25,No,Yes,No,No,No,Yes,Cardiac,MEDIUM
P2242,66,Female,87,87,37.7,118,95,28,Yes,Yes,Yes,Yes,No,No,COVID-19,CRITICAL
P2243,51,Male,82,98,36.7,117,81,19,No,No,No,No,Yes,No,Gastroenteritis,LOW
P2244,26,Male,75,100,37.7,101,45,24,No,Yes,No,No,No,Yes,Viral Infection,LOW
P2245,69,Female,52,94,35.9,126,76,26,No,No,No,Yes,No,No,Asthma,HIGH
P2246,78,Male,66,100,36.8,163,94,26,No,No,No,No,No,No,Healthy/Minor,MEDIUM
P2247,60,Male,77,96,37.8,126,79,18,Yes,Yes,Yes,No,No,No,Viral Infection,MEDIUM
P2248,30,Female,90,96,38.4,99,83,26,Yes,No,No,Yes,No,No,Pneumonia,HIGH
P2249,29,Male,55,97,36.2,127,74,19,No,No,No,No,Yes,No,Migraine,LOW
P2250,48,Female,85,100,36.5,123,85,16,No,No,No,No,Yes,No,Cardiac,MEDIUM
P2251,54,Male,71,95,37.3,135,81,21,Yes,Yes,No,Yes,Yes,No,COPD,CRITICAL
P2252,58,Female,89,89,36.9,124,75,20,No,Yes,No,Yes,No,Yes,COPD,HIGH
P2253,35,Female,78,93,38.4,143,84,18,Yes,Yes,No,No,No,No,Viral Infection,LOW
P2254,54,Female,96,100,37.3,118,100,15,No,No,No,No,Yes,No,Cardiac,LOW
P2255,39,Male,99,93,37.0,101,82,24,No,No,No,Yes,No,No,COPD,MEDIUM
P2256,68,Female,93,91,38.7,148,84,26,Yes,No,Yes,Yes,Yes,No,Influenza,CRITICAL
P2257,76,Female,99,91,36.8,104,76,25,No,No,No,Yes,Yes,No,Asthma,HIGH
P2258,65,Female,75,92,37.4,128,92,18,Yes,Yes,Yes,No,No,Yes,Viral Infection,HIGH
P2259,18,Male,115,99,37.1,133,73,14,No,No,No,No,No,No,Gastroenteritis,LOW
P2260,90,Male,73,90,37.6,107,93,23,No,No,Yes,No,No,No,Influenza,MEDIUM
P2261,19,Male,71,98,37.9,121,86,10,No,Yes,Yes,No,Yes,Yes,Viral Infection,MEDIUM
P2262,90,Male,94,96,38.4,119,97,18,Yes,Yes,Yes,No,Yes,No,Viral Infection,HIGH
P2263,20,Female,95,82,36.4,90,88,18,No,Yes,No,Yes,No,No,COPD,MEDIUM
P2264,55,Female,92,95,37.7,110,90,22,No,No,Yes,Yes,No,Yes,Influenza,HIGH
P2265,25,Female,95,99,37.3,123,69,14,No,No,No,No,Yes,No,Cardiac,MEDIUM
P2266,24,Female,58,94,37.7,109,69,13,No,Yes,No,Yes,No,Yes,Influenza,MEDIUM
P2267,67,Female,107,90,38.3,150,69,34,Yes,Yes,No,Yes,Yes,Yes,COVID-19,CRITICAL
P2268,71,Male,85,96,36.7,141,73,18,No,No,Yes,No,Yes,Yes,Cardiac,MEDIUM
P2269,26,Male,94,98,37.5,112,93,24,Yes,Yes,Yes,No,No,Yes,Viral Infection,MEDIUM
P2270,89,Female,62,92,38.8,121,77,22,Yes,No,Yes,No,No,No,COVID-19,HIGH
P2271,41,Male,81,99,37.2,124,67,25,Yes,Yes,Yes,No,No,Yes,Viral Infection,MEDIUM
P2272,41,Male,71,99,37.9,153,78,12,Yes,No,Yes,Yes,No,Yes,Viral Infection,HIGH
P2273,39,Female,92,99,38.7,109,71,23,Yes,Yes,No,No,No,Yes,Influenza,MEDIUM
P2274,51,Female,89,91,37.9,116,103,17,No,Yes,Yes,Yes,No,No,Pneumonia,HIGH
P2275,30,Male,83,97,37.4,103,75,29,No,No,No,Yes,No,No,Gastroenteritis,MEDIUM
P2276,49,Male,64,100,37.1,143,84,16,No,No,No,No,No,No,Migraine,LOW
P2277,33,Male,84,93,37.9,135,70,26,No,Yes,Yes,Yes,No,Yes,COVID-19,HIGH
P2278,21,Female,76,100,36.7,113,61,19,No,No,Yes,No,No,No,Gastroenteritis,LOW
P2279,44,Female,92,98,35.8,118,75,17,No,No,No,No,Yes,No,Cardiac,LOW
P2280,67,Female,93,95,36.7,117,76,21,No,No,Yes,No,Yes,No,Migraine,MEDIUM
P2281,73,Female,82,98,37.2,130,77,25,No,No,Yes,No,No,No,Gastroenteritis,LOW
P2282,43,Male,68,95,38.0,138,63,25,Yes,Yes,No,Yes,No,Yes,Influenza,HIGH
P2283,41,Female,86,89,39.0,121,80,23,Yes,No,Yes,Yes,No,No,Pneumonia,HIGH
P2284,75,Male,121,91,38.0,156,81,26,Yes,No,Yes,Yes,No,Yes,Influenza,CRITICAL
P2285,67,Male,101,93,37.4,121,67,28,No,No,No,No,No,No,Healthy/Minor,MEDIUM
P2286,78,Female,45,99,38.4,100,86,17,Yes,No,Yes,No,Yes,No,Viral Infection,HIGH
P2287,84,Female,82,100,37.3,181,94,11,Yes,No,No,No,Yes,Yes,Migraine,MEDIUM
P2288,77,Male,100,96,37.9,140,97,19,Yes,Yes,Yes,Yes,No,No,Influenza,HIGH
P2289,86,Male,87,97,36.8,159,66,14,No,Yes,No,No,Yes,No,Cardiac,MEDIUM
P2290,48,Male,79,92,37.7,111,72,18,No,No,No,Yes,No,No,Pneumonia,MEDIUM
P2291,46,Female,82,94,38.1,101,65,18,Yes,Yes,No,No,No,No,COVID-19,LOW
P2292,41,Female,92,91,38.1,123,72,22,Yes,Yes,No,No,No,Yes,Pneumonia,MEDIUM
P2293,35,Male,63,100,38.2,88,92,18,Yes,Yes,No,No,No,No,Viral Infection,MEDIUM
P2294,72,Male,103,94,37.4,130,76,25,Yes,No,Yes,Yes,Yes,No,Pneumonia,CRITICAL
P2295,70,Male,87,96,36.9,156,83,16,No,No,No,No,No,No,Cardiac,LOW
P2296,76,Male,68,98,37.8,143,76,23,No,No,No,No,No,No,Healthy/Minor,LOW
P2297,30,Male,93,97,36.7,124,94,19,No,No,No,No,No,No,Gastroenteritis,LOW
P2298,53,Male,65,90,38.7,154,57,29,Yes,Yes,Yes,Yes,No,No,Influenza,CRITICAL
P2299,34,Male,71,92,38.0,126,72,21,Yes,Yes,No,No,No,No,Viral Infection,LOW
P2300,83,Female,82,96,37.1,115,81,17,No,No,No,No,No,No,Cardiac,MEDIUM
P2301,37,Female,113,93,37.2,118,61,28,No,Yes,Yes,Yes,No,No,Asthma,HIGH
P2302,28,Male,69,99,36.7,151,89,18,No,No,Yes,No,No,No,Gastroenteritis,LOW
P2303,59,Female,51,98,37.0,124,63,21,Yes,Yes,Yes,No,No,Yes,Viral Infection,MEDIUM
P2304,82,Male,81,92,37.2,169,81,27,No,No,No,Yes,No,No,Asthma,HIGH
P2305,84,Female,94,91,37.8,156,85,23,No,No,No,Yes,No,No,COPD,HIGH
P2306,25,Male,95,89,37.0,113,70,22,No,Yes,No,Yes,No,No,Asthma,HIGH
P2307,41,Female,115,96,38.4,103,61,21,Yes,Yes,Yes,No,No,Yes,Influenza,MEDIUM
P2308,29,Male,96,97,36.7,125,76,13,No,No,No,Yes,No,Yes,Migraine,LOW
P2309,40,Female,87,95,38.7,140,70,12,Yes,Yes,Yes,No,No,No,Influenza,MEDIUM
P2310,56,Male,74,96,37.9,102,89,19,Yes,Yes,No,Yes,Yes,No,COVID-19,HIGH
P2311,38,Female,106,96,38.0,122,83,23,Yes,Yes,No,No,No,No,COVID-19,MEDIUM
P2312,22,Male,80,94,37.2,87,97,27,No,Yes,Yes,Yes,Yes,Yes,COVID-19,CRITICAL
P2313,55,Female,77,94,36.6,121,82,26,No,Yes,No,Yes,No,No,Asthma,HIGH
P2314,21,Male,81,100,37.0,100,88,16,No,Yes,No,No,No,No,Cardiac,LOW
P2315,34,Female,69,89,38.3,129,74,19,Yes,Yes,Yes,Yes,No,No,COVID-19,HIGH
P2316,18,Male,79,91,38.3,109,95,21,Yes,Yes,Yes,Yes,No,No,Pneumonia,HIGH
P2317,24,Female,75,97,37.2,139,78,13,Yes,Yes,Yes,No,No,Yes,Viral Infection,MEDIUM
P2318,49,Female,87,94,36.1,115,79,10,No,No,No,No,No,Yes,Healthy/Minor,LOW
P2319,80,Female,83,90,37.1,128,91,17,No,Yes,No,No,No,No,Asthma,MEDIUM
P2320,74,Male,71,90,37.9,109,78,30,Yes,Yes,No,Yes,No,Yes,COVID-19,CRITICAL
P2321,25,Male,64,94,38.3,126,73,30,Yes,Yes,Yes,Yes,No,No,Influenza,CRITICAL
P2322,20,Male,88,93,37.5,128,83,25,No,No,No,Yes,No,No,Influenza,MEDIUM
P2323,42,Female,86,96,37.9,136,86,22,No,Yes,Yes,Yes,No,No,COVID-19,MEDIUM
P2324,65,Female,72,100,36.8,142,88,11,No,No,No,No,No,No,Healthy/Minor,LOW
P2325,72,Male,74,95,37.0,141,83,18,No,No,No,No,Yes,No,Migraine,MEDIUM
P2326,78,Female,93,90,37.4,147,88,27,Yes,Yes,No,Yes,No,No,COVID-19,CRITICAL
P2327,42,Male,96,98,35.9,132,88,21,No,No,No,No,No,Yes,Healthy/Minor,LOW
P2328,30,Female,75,93,37.2,135,67,25,No,Yes,No,Yes,No,No,Asthma,HIGH
P2329,19,Male,86,100,38.1,96,78,27,Yes,Yes,No,Yes,No,No,COVID-19,HIGH
P2330,28,Male,97,89,37.3,113,49,31,No,Yes,No,Yes,No,No,Asthma,CRITICAL
P2331,22,Male,75,91,37.7,94,85,20,Yes,Yes,Yes,No,No,Yes,Pneumonia,HIGH
P2332,80,Male,81,92,38.2,143,77,32,Yes,Yes,Yes,No,No,No,Viral Infection,HIGH
P2333,37,Male,85,94,38.1,146,70,13,Yes,Yes,Yes,No,Yes,No,COVID-19,HIGH
P2334,78,Male,64,96,37.4,151,84,15,No,No,Yes,No,No,No,Gastroenteritis,MEDIUM
P2335,58,Male,88,92,38.2,118,87,23,Yes,No,Yes,No,No,No,COVID-19,MEDIUM
P2336,57,Male,79,100,37.1,136,105,19,Yes,Yes,No,No,No,No,Viral Infection,LOW
P2337,51,Female,93,99,36.8,137,68,16,No,No,No,No,No,Yes,Cardiac,LOW
P2338,77,Male,72,94,36.8,140,76,22,No,Yes,Yes,No,No,No,Asthma,HIGH
P2339,21,Male,85,97,38.1,99,80,32,Yes,No,Yes,Yes,No,No,Influenza,CRITICAL
P2340,24,Female,96,92,37.2,141,71,15,No,Yes,No,Yes,No,No,Viral Infection,MEDIUM
P2341,48,Female,112,93,36.7,105,88,17,No,Yes,No,No,No,Yes,COPD,MEDIUM
P2342,46,Male,102,90,38.3,117,77,30,Yes,Yes,No,Yes,No,No,COVID-19,CRITICAL
P2343,57,Female,63,99,37.9,143,90,21,No,No,No,No,Yes,No,Viral Infection,MEDIUM
P2344,71,Female,93,91,37.8,128,81,29,Yes,Yes,Yes,Yes,No,No,Influenza,CRITICAL
P2345,60,Female,80,93,38.8,130,87,23,Yes,Yes,Yes,No,No,Yes,COVID-19,HIGH
P2346,36,Male,89,88,36.3,122,68,16,No,No,No,Yes,No,No,COPD,MEDIUM
P2347,41,Male,75,96,38.5,122,98,22,Yes,Yes,Yes,Yes,No,No,COVID-19,HIGH
P2348,72,Male,65,87,37.3,136,67,17,No,Yes,No,Yes,Yes,No,Asthma,HIGH
P2349,32,Female,81,96,37.8,123,71,23,Yes,Yes,Yes,Yes,No,No,Pneumonia,HIGH
P2350,54,Female,95,89,38.2,127,66,25,Yes,Yes,Yes,Yes,No,No,Influenza,HIGH
P2351,57,Female,89,93,38.2,113,89,27,No,No,No,No,No,No,Influenza,MEDIUM
P2352,72,Female,92,96,38.0,110,89,24,Yes,Yes,No,No,No,No,Pneumonia,MEDIUM
P2353,70,Male,83,100,36.5,149,71,22,Yes,No,No,No,No,No,Healthy/Minor,LOW
P2354,51,Male,91,93,36.9,148,94,13,No,No,No,No,Yes,No,Cardiac,MEDIUM
P2355,40,Female,92,92,36.6,125,71,26,No,Yes,No,No,No,No,Asthma,MEDIUM
P2356,44,Female,81,92,37.8,127,83,25,Yes,Yes,Yes,No,No,No,COVID-19,HIGH
P2357,48,Male,79,100,36.7,109,86,13,No,No,No,No,No,No,Gastroenteritis,LOW
P2358,34,Male,108,93,36.9,81,76,24,Yes,Yes,Yes,Yes,No,No,Pneumonia,HIGH
P2359,63,Female,88,97,37.9,126,91,27,No,Yes,Yes,Yes,No,No,COVID-19,HIGH
P2360,33,Male,79,99,36.6,90,77,17,No,No,Yes,No,No,No,Gastroenteritis,LOW
P2361,65,Male,88,90,36.0,134,86,18,No,No,No,Yes,No,Yes,Asthma,MEDIUM
P2362,72,Female,77,90,36.9,155,81,20,No,No,No,No,No,Yes,Migraine,LOW
P2363,88,Male,76,94,37.7,132,68,21,Yes,Yes,Yes,No,No,Yes,Viral Infection,CRITICAL
P2364,26,Male,81,100,38.5,111,77,13,Yes,Yes,Yes,No,No,No,Viral Infection,MEDIUM
P2365,73,Female,81,92,37.7,119,75,19,No,Yes,Yes,No,No,No,Pneumonia,MEDIUM
P2366,24,Male,83,96,38.2,121,92,24,Yes,No,Yes,Yes,No,Yes,Influenza,CRITICAL
P2367,42,Female,75,90,38.8,120,65,26,Yes,Yes,Yes,Yes,No,No,Pneumonia,CRITICAL
P2368,30,Male,79,97,36.5,104,90,27,Yes,No,No,No,No,No,Migraine,MEDIUM
P2369,29,Male,86,100,37.9,135,76,20,Yes,No,Yes,Yes,No,Yes,Viral Infection,HIGH
P2370,30,Male,75,95,37.6,163,82,12,No,No,No,No,No,No,Healthy/Minor,LOW
P2371,21,Female,59,93,38.3,139,64,31,Yes,Yes,No,Yes,No,Yes,COVID-19,CRITICAL
P2372,78,Male,88,93,38.1,135,82,24,No,Yes,Yes,No,Yes,No,Viral Infection,HIGH
P2373,22,Female,87,94,36.6,118,71,13,No,No,No,Yes,No,No,COPD,MEDIUM
P2374,47,Male,65,99,38.2,115,100,12,Yes,Yes,Yes,No,No,No,Viral Infection,MEDIUM
P2375,69,Male,97,91,36.8,125,76,22,No,Yes,No,No,No,No,COPD,MEDIUM
P2376,90,Female,71,93,37.1,158,99,28,Yes,No,Yes,Yes,Yes,No,Pneumonia,CRITICAL
P2377,80,Female,102,90,37.7,154,97,13,Yes,Yes,Yes,Yes,No,No,Influenza,CRITICAL
P2378,28,Female,77,100,36.6,101,89,16,No,No,No,No,No,Yes,Healthy/Minor,LOW
P2379,90,Male,60,89,36.9,148,81,28,Yes,Yes,No,Yes,No,No,Asthma,CRITICAL
P2380,65,Male,89,95,37.5,149,101,10,Yes,Yes,No,Yes,No,No,COVID-19,HIGH
P2381,31,Female,80,88,38.1,114,98,25,Yes,Yes,No,Yes,No,No,COVID-19,HIGH
P2382,50,Male,78,91,37.9,121,83,26,Yes,Yes,Yes,Yes,No,No,COVID-19,HIGH
P2383,85,Male,72,100,36.2,151,81,15,No,No,No,No,Yes,No,Healthy/Minor,MEDIUM
P2384,46,Female,83,95,37.7,134,70,17,Yes,No,No,Yes,No,Yes,Influenza,HIGH
P2385,31,Female,79,95,38.2,127,83,18,Yes,Yes,Yes,Yes,No,No,Influenza,HIGH
P2386,81,Male,57,93,37.6,143,86,10,No,No,No,No,No,No,Migraine,LOW
P2387,87,Female,105,86,36.4,147,88,23,No,Yes,No,Yes,No,No,COPD,HIGH
P2388,89,Female,86,90,37.4,138,73,25,Yes,Yes,Yes,Yes,No,No,Influenza,CRITICAL
P2389,87,Male,79,91,38.8,123,87,19,Yes,No,Yes,Yes,No,No,Influenza,CRITICAL
P2390,81,Female,73,96,37.9,114,97,28,Yes,No,No,Yes,No,Yes,Pneumonia,HIGH
P2391,51,Female,95,96,37.9,134,88,22,Yes,Yes,No,Yes,No,No,Pneumonia,CRITICAL
P2392,32,Male,68,94,37.6,122,74,23,Yes,Yes,Yes,No,No,No,Influenza,HIGH
P2393,63,Male,88,94,38.0,138,81,20,Yes,Yes,No,Yes,No,No,Pneumonia,HIGH
P2394,34,Male,70,100,37.6,107,63,20,No,No,Yes,No,No,No,Migraine,LOW
P2395,52,Female,71,94,38.0,127,74,23,Yes,Yes,No,Yes,No,No,Viral Infection,HIGH
P2396,65,Male,65,93,38.4,133,79,15,Yes,Yes,Yes,No,No,No,Viral Infection,MEDIUM
P2397,87,Male,81,93,37.9,162,93,27,Yes,Yes,Yes,No,No,Yes,COVID-19,HIGH
P2398,39,Male,85,94,37.4,134,71,25,Yes,Yes,No,Yes,Yes,No,COVID-19,CRITICAL
P2399,36,Male,81,94,36.5,108,68,19,No,Yes,No,No,No,Yes,Healthy/Minor,LOW
P2400,71,Male,70,90,36.3,142,91,27,No,No,No,Yes,No,Yes,Migraine,HIGH
P2401,18,Female,84,94,36.9,108,74,19,No,No,No,Yes,No,No,COPD,MEDIUM
P2402,59,Female,97,92,38.5,87,73,20,Yes,No,No,No,No,No,Pneumonia,MEDIUM
P2403,72,Male,66,92,38.3,162,92,21,Yes,Yes,Yes,Yes,Yes,No,COVID-19,CRITICAL
P2404,58,Male,86,91,36.7,122,86,25,No,Yes,No,Yes,No,No,COPD,HIGH
P2405,46,Male,73,91,36.4,139,77,21,Yes,Yes,No,Yes,No,No,COPD,HIGH
P2406,78,Female,74,89,38.1,127,81,21,Yes,No,Yes,No,Yes,Yes,Influenza,HIGH
P2407,45,Female,81,98,36.2,109,83,24,No,Yes,No,No,No,Yes,Healthy/Minor,LOW
P2408,69,Female,81,97,36.3,130,93,27,No,No,No,No,No,No,Cardiac,MEDIUM
P2409,51,Female,70,97,37.2,135,86,16,No,No,No,No,No,No,Cardiac,LOW
P2410,19,Male,102,93,38.1,123,79,16,Yes,No,Yes,No,No,No,Pneumonia,MEDIUM
P2411,56,Male,91,100,36.7,135,75,25,No,No,No,No,No,No,Migraine,LOW
P2412,21,Male,53,100,36.7,112,73,19,No,No,No,No,No,Yes,Migraine,LOW
P2413,85,Female,69,88,38.2,141,84,26,Yes,Yes,Yes,Yes,No,Yes,Influenza,CRITICAL
P2414,61,Male,95,98,37.2,122,76,17,No,No,No,No,No,Yes,Cardiac,LOW
P2415,45,Male,74,97,36.5,146,68,13,Yes,No,No,No,No,No,Gastroenteritis,LOW
P2416,53,Female,98,98,37.6,105,79,15,Yes,No,Yes,No,No,Yes,Viral Infection,LOW
P2417,63,Female,94,98,37.8,117,92,25,Yes,Yes,Yes,Yes,No,No,Pneumonia,CRITICAL
P2418,36,Male,82,99,38.3,113,57,15,Yes,No,Yes,No,No,Yes,Viral Infection,MEDIUM
P2419,39,Female,72,100,36.8,158,74,24,No,Yes,No,Yes,No,No,Asthma,MEDIUM
P2420,48,Female,91,94,38.1,136,82,22,Yes,Yes,No,Yes,No,Yes,Influenza,HIGH
P2421,36,Female,68,93,37.9,106,89,17,Yes,Yes,Yes,Yes,No,No,Influenza,MEDIUM
P2422,73,Female,104,91,37.9,148,102,31,Yes,Yes,Yes,Yes,No,Yes,Pneumonia,CRITICAL
P2423,25,Male,90,94,37.8,128,75,25,Yes,Yes,Yes,Yes,No,No,COVID-19,HIGH
P2424,78,Female,77,90,37.6,141,105,25,No,Yes,No,Yes,No,No,COPD,HIGH
P2425,43,Female,88,95,36.6,132,83,19,No,No,No,No,No,No,Migraine,LOW
P2426,58,Female,115,93,38.0,129,89,14,Yes,Yes,No,Yes,No,No,Pneumonia,CRITICAL
P2427,29,Female,75,96,36.2,123,67,15,No,No,No,No,No,No,Healthy/Minor,LOW
P2428,46,Female,92,96,37.8,98,84,15,Yes,Yes,Yes,Yes,No,No,Pneumonia,HIGH
P2429,73,Female,83,90,36.6,164,97,20,No,No,Yes,No,Yes,No,Cardiac,HIGH
P2430,37,Female,79,98,36.4,113,71,18,No,No,No,No,No,No,Healthy/Minor,LOW
P2431,27,Female,58,94,39.0,100,52,18,Yes,Yes,No,No,No,No,Viral Infection,MEDIUM
P2432,56,Female,87,99,36.9,125,86,22,No,Yes,No,No,No,No,Cardiac,MEDIUM
P2433,29,Male,79,97,37.4,113,76,10,No,No,No,No,No,No,Gastroenteritis,LOW
P2434,40,Female,108,88,38.3,107,91,18,Yes,No,No,Yes,No,No,Influenza,HIGH
P2435,50,Male,62,96,38.3,137,74,24,Yes,Yes,Yes,No,No,Yes,Influenza,HIGH
P2436,59,Female,82,86,36.7,144,74,23,No,Yes,No,Yes,No,No,Asthma,HIGH
P2437,64,Female,103,93,38.9,99,71,16,No,No,No,Yes,No,No,Influenza,HIGH
P2438,67,Female,84,93,38.3,124,77,29,Yes,No,No,Yes,Yes,No,COVID-19,CRITICAL
P2439,79,Female,86,95,37.9,130,112,31,Yes,No,No,No,No,No,Pneumonia,HIGH
P2440,22,Male,67,93,38.3,117,62,19,Yes,Yes,No,No,No,Yes,Viral Infection,MEDIUM
P2441,44,Male,66,97,37.8,149,65,10,No,Yes,Yes,No,No,No,Viral Infection,MEDIUM
P2442,18,Female,54,100,37.9,107,77,18,No,Yes,Yes,No,No,No,Viral Infection,LOW
P2443,18,Female,70,100,36.8,145,98,19,No,No,No,No,No,No,Gastroenteritis,LOW
P2444,33,Female,72,97,38.1,118,85,21,Yes,Yes,No,Yes,No,No,Pneumonia,HIGH
P2445,61,Female,88,100,38.7,155,97,28,Yes,Yes,No,Yes,No,Yes,Influenza,CRITICAL
P2446,83,Female,71,94,36.6,134,82,18,No,No,Yes,No,No,No,Gastroenteritis,MEDIUM
P2447,74,Male,82,97,37.3,134,74,28,No,Yes,No,No,Yes,No,Cardiac,HIGH
P2448,65,Male,81,93,37.7,131,78,26,No,Yes,Yes,Yes,No,Yes,COVID-19,CRITICAL
P2449,74,Female,87,85,37.4,156,83,25,No,Yes,No,Yes,No,No,Asthma,HIGH
P2450,30,Female,78,93,36.6,123,78,26,No,No,No,No,No,No,Asthma,LOW
P2451,79,Female,74,85,38.1,141,83,31,Yes,No,Yes,Yes,No,No,Pneumonia,CRITICAL
P2452,82,Female,89,90,37.8,149,91,28,Yes,Yes,Yes,Yes,No,No,COVID-19,CRITICAL
P2453,24,Female,99,89,36.3,106,71,22,No,Yes,No,Yes,No,No,Asthma,MEDIUM
P2454,52,Female,88,99,37.6,137,75,14,No,No,No,No,No,No,Cardiac,LOW
P2455,78,Female,73,93,36.4,127,73,14,No,No,Yes,No,No,No,Healthy/Minor,MEDIUM
P2456,52,Male,84,87,37.1,149,82,11,No,Yes,No,Yes,No,No,COPD,HIGH
P2457,79,Female,54,98,36.3,144,86,20,No,No,No,No,Yes,No,Migraine,MEDIUM
P2458,86,Female,80,94,37.6,152,97,17,Yes,Yes,Yes,No,No,No,Viral Infection,HIGH
P2459,52,Male,80,92,37.8,93,96,20,No,Yes,Yes,No,No,No,Influenza,MEDIUM
P2460,22,Female,66,95,36.5,131,66,22,No,No,No,No,No,No,Gastroenteritis,LOW
P2461,42,Female,75,97,36.6,118,79,21,No,Yes,No,Yes,No,No,Asthma,MEDIUM
P2462,33,Female,81,99,36.8,103,80,26,Yes,No,No,No,Yes,No,Cardiac,HIGH
P2463,52,Male,98,92,37.2,127,65,19,Yes,Yes,No,No,No,No,Influenza,MEDIUM
P2464,60,Female,93,93,38.0,105,76,13,Yes,Yes,Yes,No,No,Yes,Viral Infection,MEDIUM
P2465,51,Male,66,100,37.0,135,96,11,No,No,No,No,No,No,Healthy/Minor,LOW
P2466,32,Female,78,99,36.8,143,72,25,Yes,Yes,Yes,Yes,No,No,Influenza,CRITICAL
P2467,39,Female,79,98,38.0,91,70,27,Yes,Yes,Yes,Yes,No,No,Pneumonia,CRITICAL
P2468,67,Female,97,89,38.1,132,82,21,Yes,No,Yes,Yes,No,No,Pneumonia,HIGH
P2469,19,Female,80,97,36.3,117,87,12,No,No,No,No,No,No,Migraine,LOW
P2470,33,Male,87,99,37.0,94,79,24,No,No,Yes,No,No,No,Cardiac,MEDIUM
P2471,83,Female,95,88,38.4,154,87,17,No,Yes,Yes,Yes,Yes,Yes,Pneumonia,CRITICAL
P2472,25,Female,70,95,37.7,130,55,22,Yes,Yes,No,No,Yes,Yes,Viral Infection,HIGH
P2473,48,Male,103,98,38.2,156,85,19,Yes,Yes,No,No,No,Yes,COVID-19,MEDIUM
P2474,33,Male,85,93,37.2,128,80,24,No,Yes,No,Yes,No,No,Asthma,MEDIUM
P2475,25,Male,74,90,37.5,106,87,27,No,Yes,Yes,Yes,No,No,COVID-19,HIGH
P2476,48,Female,82,94,37.0,132,61,24,No,No,No,Yes,No,No,COPD,HIGH
P2477,56,Female,102,92,37.3,148,78,21,No,No,Yes,No,No,No,Asthma,MEDIUM
P2478,30,Female,79,88,37.5,113,88,28,No,Yes,Yes,Yes,No,No,COVID-19,HIGH
P2479,23,Female,97,90,37.3,134,72,23,No,No,No,Yes,No,No,Asthma,HIGH
P2480,27,Male,70,97,37.4,82,79,34,Yes,No,No,Yes,No,No,Viral Infection,HIGH
P2481,65,Female,77,92,36.7,155,78,14,No,Yes,Yes,No,No,No,COPD,MEDIUM
P2482,80,Male,90,96,38.1,151,81,11,Yes,No,Yes,No,Yes,No,Viral Infection,HIGH
P2483,31,Male,74,95,35.7,79,90,26,No,Yes,No,Yes,No,No,COPD,HIGH
P2484,41,Male,89,97,36.6,127,64,17,No,No,No,No,No,No,Migraine,LOW
P2485,43,Male,90,92,38.1,90,78,26,Yes,Yes,No,Yes,No,Yes,COVID-19,CRITICAL
P2486,44,Female,67,100,36.9,112,81,12,No,Yes,No,No,No,No,Migraine,LOW
P2487,35,Female,84,96,37.7,131,87,22,No,Yes,No,No,No,No,Pneumonia,LOW
P2488,22,Female,78,93,37.4,118,77,24,Yes,No,No,Yes,No,Yes,Influenza,HIGH
P2489,56,Male,90,94,38.5,147,91,20,Yes,Yes,Yes,No,No,No,Pneumonia,MEDIUM
P2490,44,Male,110,92,37.8,123,78,23,No,Yes,No,Yes,No,Yes,Influenza,HIGH
P2491,42,Male,73,95,37.0,120,80,11,No,No,No,No,No,No,Healthy/Minor,LOW
P2492,37,Female,85,100,37.0,138,79,19,No,No,No,No,Yes,No,Healthy/Minor,MEDIUM
P2493,85,Male,82,94,36.6,135,93,26,No,No,No,No,No,Yes,Migraine,MEDIUM
P2494,62,Male,87,94,38.4,129,87,16,Yes,No,No,Yes,No,No,Influenza,MEDIUM
P2495,48,Female,76,94,37.6,125,68,11,Yes,No,Yes,No,No,No,Viral Infection,MEDIUM
P2496,32,Female,67,100,37.3,119,80,22,No,No,Yes,No,No,No,Migraine,LOW
P2497,76,Female,92,88,38.5,155,90,18,Yes,Yes,Yes,Yes,No,Yes,COVID-19,CRITICAL
P2498,82,Male,84,94,37.3,128,100,28,No,Yes,No,Yes,No,No,COPD,HIGH
P2499,20,Female,66,100,36.7,107,68,17,No,No,Yes,No,No,No,Gastroenteritis,LOW
P2500,85,Male,102,93,39.0,123,91,22,Yes,Yes,Yes,No,No,No,Influenza,HIGH
P2501,69,Female,88,89,37.2,99,80,31,No,Yes,No,Yes,Yes,No,COPD,CRITICAL
P2502,25,Male,75,97,36.9,144,80,21,No,No,No,No,No,Yes,Migraine,LOW
P2503,72,Female,105,91,37.9,120,73,25,No,Yes,Yes,Yes,No,No,Pneumonia,CRITICAL
P2504,25,Female,61,95,36.3,116,78,12,No,Yes,No,Yes,No,No,Asthma,MEDIUM
P2505,21,Female,102,92,37.4,145,81,25,No,Yes,No,No,No,No,COPD,MEDIUM
P2506,26,Male,67,100,36.8,118,68,12,No,No,No,No,No,No,Migraine,LOW
P2507,51,Male,81,95,37.2,133,94,16,No,No,No,No,No,No,Healthy/Minor,LOW
P2508,63,Female,72,100,38.4,108,67,17,Yes,Yes,Yes,No,No,Yes,Viral Infection,MEDIUM
P2509,47,Female,74,97,37.1,152,89,26,No,No,No,No,No,No,Cardiac,LOW
P2510,26,Male,103,96,36.5,124,58,16,No,No,No,No,No,No,Cardiac,LOW
P2511,32,Male,110,99,36.6,110,79,11,No,No,No,No,No,No,Cardiac,LOW
P2512,80,Male,85,90,35.6,122,90,31,No,No,Yes,Yes,No,Yes,COPD,CRITICAL
P2513,88,Male,93,86,38.1,169,94,27,Yes,Yes,No,Yes,Yes,No,Influenza,CRITICAL
P2514,73,Male,81,94,37.2,125,83,22,No,No,Yes,No,No,No,Gastroenteritis,MEDIUM
P2515,25,Male,100,92,36.7,104,76,24,No,No,Yes,No,No,No,Gastroenteritis,MEDIUM
P2516,77,Male,60,87,36.5,130,90,32,No,Yes,Yes,Yes,No,No,COPD,CRITICAL
P2517,68,Male,85,94,37.8,133,93,15,Yes,No,Yes,No,Yes,No,Viral Infection,MEDIUM
P2518,56,Female,69,99,37.3,130,95,11,No,No,No,No,No,No,Gastroenteritis,LOW
P2519,28,Male,54,91,38.2,127,65,26,Yes,Yes,No,No,No,Yes,COVID-19,MEDIUM
P2520,90,Male,84,89,38.7,146,85,23,Yes,Yes,Yes,Yes,No,No,Influenza,CRITICAL
P2521,50,Male,109,97,37.9,135,58,21,Yes,Yes,No,Yes,No,No,Influenza,HIGH
P2522,21,Female,76,99,38.0,116,64,17,Yes,Yes,Yes,Yes,No,No,COVID-19,HIGH
P2523,33,Male,95,91,36.6,153,71,25,No,Yes,Yes,No,No,No,Asthma,MEDIUM
P2524,47,Male,101,96,38.8,115,88,24,Yes,Yes,Yes,Yes,No,No,Pneumonia,HIGH
P2525,22,Male,85,95,38.0,142,73,21,Yes,No,Yes,Yes,No,No,Pneumonia,HIGH
P2526,41,Male,87,89,38.9,111,75,16,Yes,Yes,No,Yes,No,No,Pneumonia,HIGH
P2527,52,Male,56,96,36.6,103,83,22,No,No,No,No,No,No,Migraine,LOW
P2528,87,Male,72,87,37.8,114,80,20,No,No,Yes,No,No,Yes,Migraine,MEDIUM
P2529,24,Female,97,94,38.0,125,58,27,Yes,Yes,No,Yes,No,No,COVID-19,HIGH
P2530,60,Male,87,90,38.3,148,74,13,Yes,Yes,Yes,Yes,No,No,Pneumonia,HIGH
P2531,84,Male,93,91,37.7,121,85,24,No,Yes,Yes,Yes,No,No,Influenza,CRITICAL
P2532,76,Female,89,98,38.1,122,89,21,Yes,No,Yes,No,No,Yes,Influenza,MEDIUM
P2533,85,Female,117,95,37.4,146,84,24,Yes,Yes,Yes,Yes,No,No,COVID-19,CRITICAL
P2534,30,Female,79,91,38.0,120,83,26,No,No,No,Yes,No,No,Influenza,MEDIUM
P2535,76,Male,108,88,37.2,127,94,26,No,Yes,No,Yes,No,No,COVID-19,CRITICAL
P2536,89,Male,84,99,36.8,122,98,19,No,No,No,No,No,No,Healthy/Minor,LOW
P2537,41,Male,107,89,37.3,125,80,22,No,Yes,No,No,No,No,COPD,MEDIUM
P2538,54,Female,62,100,38.1,137,69,10,Yes,Yes,No,No,No,No,Viral Infection,MEDIUM
P2539,56,Male,88,100,37.3,135,68,18,No,Yes,Yes,Yes,No,No,Influenza,HIGH
P2540,54,Female,80,95,37.0,127,69,27,No,Yes,No,No,No,No,Pneumonia,MEDIUM
P2541,39,Female,80,100,37.0,103,67,15,No,No,No,No,No,No,Healthy/Minor,LOW
P2542,88,Female,105,94,38.6,147,88,29,Yes,Yes,Yes,Yes,No,No,COVID-19,CRITICAL
P2543,87,Male,95,94,36.4,151,109,23,No,No,No,No,Yes,No,Cardiac,HIGH
P2544,45,Female,94,99,37.7,101,81,21,No,No,Yes,No,No,No,Healthy/Minor,LOW
P2545,76,Male,79,86,36.8,131,84,25,No,Yes,No,Yes,No,No,COPD,CRITICAL
P2546,47,Female,74,97,37.0,129,89,20,Yes,Yes,Yes,No,No,No,COVID-19,MEDIUM
P2547,76,Female,88,86,36.1,135,76,23,No,No,Yes,Yes,No,No,COPD,HIGH
P2548,60,Female,85,95,38.2,98,92,25,Yes,Yes,No,No,No,No,Influenza,MEDIUM
P2549,52,Male,83,97,38.0,115,90,12,Yes,Yes,No,No,No,No,Influenza,MEDIUM
P2550,27,Female,73,92,38.6,109,79,28,Yes,Yes,Yes,No,No,No,Influenza,HIGH
P2551,65,Male,95,96,37.4,140,103,15,No,No,No,No,No,No,Viral Infection,LOW
P2552,41,Male,73,98,36.9,162,89,17,Yes,No,Yes,No,No,No,Gastroenteritis,MEDIUM
P2553,33,Male,104,91,37.9,122,78,22,Yes,No,No,Yes,No,Yes,COVID-19,HIGH
P2554,32,Female,85,94,37.8,101,77,22,Yes,Yes,No,No,No,No,Pneumonia,MEDIUM
P2555,89,Female,90,93,36.6,139,83,13,No,No,Yes,No,No,No,Gastroenteritis,MEDIUM
P2556,25,Male,85,96,37.7,120,77,18,Yes,Yes,Yes,No,No,No,Viral Infection,MEDIUM
P2557,76,Female,77,93,38.0,148,83,27,Yes,Yes,Yes,Yes,No,No,COVID-19,CRITICAL
P2558,81,Female,93,93,38.0,158,82,15,Yes,No,Yes,Yes,Yes,Yes,COVID-19,CRITICAL
P2559,20,Male,103,97,38.3,142,76,11,Yes,Yes,No,No,No,No,Viral Infection,MEDIUM
P2560,61,Female,82,93,38.7,138,70,21,Yes,Yes,Yes,No,No,No,Viral Infection,HIGH
P2561,60,Female,91,100,37.4,129,76,20,Yes,No,No,No,No,No,Viral Infection,MEDIUM
P2562,44,Male,94,92,37.1,146,63,23,Yes,Yes,Yes,Yes,No,No,COVID-19,HIGH
P2563,66,Male,91,97,38.4,126,87,21,No,No,No,No,No,No,Influenza,MEDIUM
P2564,47,Female,87,93,36.4,124,80,25,No,Yes,No,Yes,No,No,Asthma,HIGH
P2565,50,Male,92,94,37.7,121,79,17,Yes,Yes,Yes,Yes,Yes,No,COVID-19,CRITICAL
P2566,49,Female,88,97,37.6,90,88,16,Yes,Yes,Yes,No,No,No,Viral Infection,MEDIUM
P2567,76,Male,70,92,37.6,157,76,18,No,No,No,Yes,No,Yes,Influenza,HIGH
P2568,64,Male,91,100,36.1,148,79,16,No,Yes,No,No,No,No,Cardiac,MEDIUM
P2569,45,Male,76,97,37.6,84,64,12,No,Yes,Yes,No,No,No,Viral Infection,LOW
P2570,85,Female,76,99,37.1,156,96,22,No,No,No,No,No,No,Healthy/Minor,MEDIUM
P2571,76,Female,97,96,36.8,131,91,21,No,No,No,No,No,No,Gastroenteritis,LOW
P2572,86,Female,72,99,37.3,157,100,16,No,No,Yes,Yes,No,No,Healthy/Minor,HIGH
P2573,71,Male,69,86,37.7,135,99,29,No,Yes,Yes,Yes,No,No,Influenza,CRITICAL
P2574,46,Female,95,99,38.3,101,75,18,Yes,Yes,No,Yes,No,No,COVID-19,HIGH
P2575,74,Female,69,92,37.7,136,77,24,No,Yes,Yes,No,No,No,Influenza,MEDIUM
P2576,42,Male,53,97,35.9,107,60,14,No,No,No,No,No,No,Healthy/Minor,LOW
P2577,37,Female,90,100,38.0,100,67,20,Yes,No,Yes,No,No,No,Viral Infection,LOW
P2578,50,Male,87,94,38.2,138,77,25,Yes,Yes,Yes,No,No,No,Influenza,HIGH
P2579,88,Female,95,88,37.6,148,66,30,No,No,No,Yes,No,No,Influenza,CRITICAL
P2580,59,Female,80,87,38.4,153,71,22,No,No,No,No,No,No,COVID-19,LOW
P2581,46,Male,67,99,37.5,116,78,10,Yes,No,Yes,Yes,No,No,Pneumonia,HIGH
P2582,51,Male,63,97,38.2,110,89,15,Yes,Yes,Yes,No,No,No,Viral Infection,MEDIUM
P2583,39,Female,81,92,38.7,130,71,29,Yes,Yes,No,Yes,No,No,Pneumonia,CRITICAL
P2584,66,Male,63,94,36.8,118,84,18,No,No,No,No,No,Yes,Migraine,LOW
P2585,43,Male,89,96,36.7,116,97,13,No,Yes,No,Yes,No,No,COPD,MEDIUM
P2586,58,Male,80,92,37.9,137,63,24,No,No,Yes,No,No,No,COVID-19,MEDIUM
P2587,44,Female,87,95,38.6,120,90,24,Yes,Yes,No,No,Yes,No,Pneumonia,HIGH
P2588,41,Male,80,97,37.0,113,82,14,No,No,No,No,No,No,Healthy/Minor,LOW
P2589,88,Male,95,92,37.8,125,103,18,No,No,No,No,No,No,Cardiac,LOW
P2590,43,Female,91,96,37.2,136,88,18,No,Yes,No,Yes,No,No,Asthma,MEDIUM
P2591,23,Male,81,97,37.6,114,71,24,Yes,Yes,No,Yes,No,No,COVID-19,MEDIUM
P2592,45,Female,80,96,37.6,132,79,17,Yes,Yes,No,No,No,No,Viral Infection,LOW
P2593,56,Female,82,98,37.9,135,66,12,Yes,No,Yes,No,No,No,Viral Infection,MEDIUM
P2594,24,Female,46,98,37.0,137,73,17,Yes,Yes,Yes,No,No,No,Viral Infection,MEDIUM
P2595,40,Male,94,99,36.6,122,82,14,No,No,No,No,Yes,No,Cardiac,MEDIUM
P2596,30,Female,80,100,37.7,114,81,24,Yes,Yes,Yes,No,Yes,No,Viral Infection,HIGH
P2597,54,Female,93,93,38.0,109,88,26,Yes,Yes,Yes,Yes,No,No,COVID-19,CRITICAL
P2598,70,Male,63,95,37.7,125,99,18,No,No,Yes,No,No,No,Gastroenteritis,MEDIUM
P2599,88,Male,85,91,36.8,147,82,24,Yes,Yes,No,Yes,No,No,Asthma,CRITICAL
P2600,46,Male,72,95,36.2,116,95,22,No,No,No,No,Yes,No,Cardiac,MEDIUM
P2601,81,Male,91,91,36.4,144,88,18,No,No,Yes,No,No,No,Healthy/Minor,MEDIUM
P2602,33,Male,60,98,37.2,143,65,20,No,No,No,No,No,No,Healthy/Minor,LOW
P2603,74,Male,75,90,36.8,128,83,31,No,Yes,No,Yes,No,Yes,COPD,HIGH
P2604,59,Male,94,98,37.5,114,87,15,No,No,No,No,No,No,Cardiac,LOW
P2605,73,Male,72,95,38.6,128,76,26,Yes,Yes,No,No,No,Yes,Viral Infection,MEDIUM
P2606,73,Male,68,93,37.2,112,74,25,No,No,No,No,Yes,No,Healthy/Minor,MEDIUM
P2607,56,Female,90,99,36.7,149,70,18,No,No,No,No,No,No,Migraine,LOW
P2608,36,Male,97,94,38.4,121,73,20,Yes,No,No,Yes,Yes,Yes,Influenza,CRITICAL
P2609,56,Male,95,95,37.8,116,72,23,No,Yes,No,Yes,No,Yes,COVID-19,HIGH
P2610,78,Male,92,96,38.3,128,97,18,Yes,No,No,No,No,Yes,Viral Infection,MEDIUM
P2611,88,Male,79,97,37.0,123,62,15,No,No,No,No,No,No,Migraine,LOW
P2612,85,Male,79,99,36.1,156,87,21,No,No,No,No,No,No,Migraine,LOW
P2613,31,Male,70,100,37.1,149,83,12,No,No,No,No,No,Yes,Gastroenteritis,LOW
P2614,61,Female,88,95,37.4,106,72,20,Yes,Yes,Yes,No,No,No,Asthma,HIGH
P2615,25,Female,78,89,36.6,137,76,21,No,Yes,No,No,No,No,Asthma,LOW
P2616,66,Female,74,98,38.6,128,79,13,Yes,No,Yes,No,No,No,Viral Infection,MEDIUM
P2617,90,Female,97,90,37.2,163,86,27,No,Yes,Yes,No,No,No,COVID-19,HIGH
P2618,21,Female,93,98,36.3,91,85,16,No,No,Yes,No,No,No,Gastroenteritis,LOW
P2619,65,Male,85,94,36.7,135,88,23,No,No,No,No,No,No,Gastroenteritis,LOW
P2620,87,Female,105,100,37.7,135,80,18,Yes,No,No,No,No,No,Viral Infection,MEDIUM
P2621,79,Female,79,84,37.6,148,70,22,Yes,Yes,No,Yes,No,Yes,COVID-19,CRITICAL
P2622,46,Female,54,100,36.9,124,81,13,No,No,No,No,No,No,Migraine,LOW
P2623,25,Female,94,95,37.7,120,71,22,Yes,Yes,Yes,Yes,No,No,Influenza,HIGH
P2624,85,Male,78,86,37.7,139,81,24,No,Yes,No,Yes,Yes,No,Influenza,CRITICAL
P2625,85,Female,85,97,36.9,165,88,27,No,Yes,No,Yes,No,No,Asthma,HIGH
P2626,60,Female,63,95,37.6,126,77,22,Yes,No,No,Yes,Yes,Yes,Influenza,HIGH
P2627,89,Male,70,89,36.8,156,90,28,No,No,Yes,No,No,No,Healthy/Minor,MEDIUM
P2628,18,Male,58,97,37.9,130,103,19,Yes,Yes,No,No,No,Yes,Viral Infection,MEDIUM
P2629,63,Female,81,95,37.4,145,89,18,Yes,No,Yes,No,No,Yes,Influenza,MEDIUM
P2630,20,Male,73,100,38.2,104,91,12,Yes,No,No,No,No,No,Viral Infection,LOW
P2631,86,Male,90,88,37.6,152,91,26,No,Yes,No,Yes,No,No,COPD,CRITICAL
P2632,67,Male,96,88,37.3,138,84,14,No,No,No,No,No,No,Gastroenteritis,LOW
P2633,84,Female,90,100,38.3,121,91,22,Yes,Yes,No,No,No,No,Viral Infection,MEDIUM
P2634,59,Male,66,99,36.5,131,90,21,No,No,No,No,No,No,Cardiac,LOW
P2635,24,Male,93,87,37.8,157,87,26,No,Yes,Yes,Yes,No,No,Influenza,HIGH
P2636,19,Male,86,94,38.4,114,79,18,Yes,Yes,Yes,Yes,No,Yes,Influenza,HIGH
P2637,42,Male,84,93,35.8,115,65,26,No,Yes,No,Yes,No,No,COPD,HIGH
P2638,72,Female,80,95,36.6,142,69,20,No,No,No,No,No,No,Healthy/Minor,LOW
P2639,29,Female,89,96,37.1,117,87,14,No,No,No,No,No,Yes,Cardiac,LOW
P2640,80,Female,79,89,37.4,140,74,23,Yes,Yes,No,No,No,Yes,COVID-19,MEDIUM
P2641,35,Female,83,93,38.1,113,85,24,No,Yes,Yes,No,No,Yes,Influenza,MEDIUM
P2642,54,Female,94,99,38.1,133,94,14,Yes,Yes,Yes,No,No,No,Viral Infection,MEDIUM
P2643,32,Male,76,96,37.2,119,76,23,Yes,Yes,Yes,Yes,No,Yes,COVID-19,HIGH
P2644,52,Female,65,92,36.8,157,92,24,No,No,Yes,No,No,No,Gastroenteritis,MEDIUM
P2645,51,Male,77,99,36.5,126,83,21,Yes,Yes,Yes,No,No,Yes,Gastroenteritis,MEDIUM
P2646,18,Female,70,95,38.1,116,78,22,No,Yes,Yes,Yes,No,No,Pneumonia,HIGH
P2647,59,Female,64,94,38.5,145,82,23,Yes,Yes,No,Yes,No,Yes,Influenza,CRITICAL
P2648,75,Male,83,90,38.1,113,76,22,Yes,Yes,No,Yes,No,Yes,COVID-19,HIGH
P2649,86,Female,107,95,37.9,168,77,22,No,Yes,Yes,Yes,No,Yes,COVID-19,CRITICAL
P2650,42,Female,77,100,36.9,105,62,10,No,No,No,No,No,No,Gastroenteritis,LOW
P2651,82,Male,84,94,37.4,158,78,20,No,No,Yes,No,No,No,Viral Infection,MEDIUM
P2652,82,Female,61,91,37.9,162,107,27,No,Yes,No,Yes,No,Yes,Pneumonia,CRITICAL
P2653,90,Male,95,91,36.4,134,72,24,No,Yes,No,Yes,No,No,COPD,CRITICAL
P2654,45,Male,86,97,38.4,115,67,18,Yes,Yes,Yes,Yes,No,No,Influenza,HIGH
P2655,80,Male,79,89,38.2,136,77,24,Yes,No,No,Yes,No,No,Pneumonia,HIGH
P2656,59,Male,81,95,37.1,138,74,23,No,No,Yes,No,No,No,Migraine,LOW
P2657,22,Female,80,99,37.6,104,81,21,No,No,No,No,No,Yes,Migraine,LOW
P2658,37,Female,64,95,37.0,118,72,17,No,No,No,No,No,No,Migraine,LOW
P2659,67,Female,91,86,37.7,127,81,33,No,Yes,Yes,Yes,No,Yes,Pneumonia,CRITICAL
P2660,29,Female,101,89,36.9,102,70,34,No,Yes,No,Yes,No,No,COPD,HIGH
P2661,49,Female,82,95,36.1,107,75,20,No,Yes,No,No,No,No,Asthma,LOW
P2662,74,Male,69,100,36.4,137,84,18,No,No,Yes,No,Yes,No,Healthy/Minor,MEDIUM
P2663,28,Male,76,96,37.1,122,77,20,No,No,No,No,No,Yes,Gastroenteritis,LOW
P2664,54,Female,90,98,36.2,114,100,13,No,No,No,Yes,No,No,Healthy/Minor,LOW
P2665,33,Female,69,94,37.4,121,78,26,Yes,Yes,Yes,Yes,No,No,Pneumonia,HIGH
P2666,57,Male,93,92,36.8,117,79,22,Yes,Yes,No,No,No,No,Asthma,MEDIUM
P2667,35,Female,69,96,36.9,141,53,19,No,No,No,No,No,No,Migraine,LOW
P2668,88,Male,92,92,38.3,140,89,21,Yes,Yes,Yes,Yes,Yes,No,COVID-19,CRITICAL
P2669,23,Male,79,95,36.8,144,62,13,No,No,No,No,Yes,No,Cardiac,LOW
P2670,88,Male,81,87,36.4,115,92,15,No,Yes,No,No,No,No,COPD,MEDIUM
P2671,75,Male,100,95,37.2,141,86,26,No,No,No,No,No,No,Healthy/Minor,LOW
P2672,80,Male,70,92,38.2,148,93,28,Yes,No,Yes,Yes,No,No,Pneumonia,CRITICAL
P2673,80,Female,87,91,36.5,136,79,22,No,No,No,No,No,No,Healthy/Minor,LOW
P2674,31,Female,108,93,36.9,111,78,24,No,Yes,No,Yes,No,No,Asthma,HIGH
P2675,85,Female,97,87,36.8,138,93,14,No,Yes,Yes,Yes,No,No,Asthma,HIGH
P2676,61,Male,69,90,36.5,141,72,19,No,No,No,No,No,No,COPD,MEDIUM
P2677,88,Female,72,93,38.7,122,93,23,Yes,Yes,Yes,Yes,No,No,Pneumonia,CRITICAL
P2678,82,Female,71,95,36.9,150,91,14,No,No,No,No,No,No,Healthy/Minor,LOW
P2679,60,Male,81,100,37.8,134,80,10,Yes,No,No,Yes,No,Yes,Viral Infection,MEDIUM
P2680,45,Male,81,98,36.8,118,95,13,No,No,No,No,No,No,Healthy/Minor,LOW
P2681,26,Male,61,100,37.2,117,83,17,No,Yes,No,No,No,Yes,Healthy/Minor,LOW
P2682,25,Female,67,100,36.5,121,61,17,No,No,No,No,No,No,Gastroenteritis,LOW
P2683,46,Female,74,93,36.6,149,89,26,No,Yes,No,Yes,No,No,Asthma,HIGH
P2684,77,Female,78,92,38.2,142,78,28,Yes,No,Yes,No,No,No,Viral Infection,HIGH
P2685,54,Female,111,93,37.2,111,88,25,Yes,Yes,No,No,No,Yes,Influenza,HIGH
P2686,53,Female,66,97,38.3,119,83,16,Yes,No,No,No,No,Yes,Viral Infection,MEDIUM
P2687,35,Male,72,90,36.1,102,52,30,No,No,No,Yes,No,No,COPD,HIGH
P2688,59,Female,64,98,36.7,98,87,10,No,No,No,No,No,No,Gastroenteritis,LOW
P2689,64,Male,95,89,37.2,112,80,13,Yes,No,No,Yes,No,No,COVID-19,HIGH
P2690,89,Female,88,89,37.4,144,82,20,No,Yes,Yes,Yes,No,Yes,COVID-19,CRITICAL
P2691,71,Female,75,88,38.5,154,79,28,Yes,No,Yes,Yes,Yes,Yes,Influenza,CRITICAL
P2692,62,Female,81,93,37.3,146,90,23,No,Yes,No,Yes,No,No,Asthma,HIGH
P2693,84,Male,78,89,37.3,121,77,19,No,No,No,Yes,No,No,Asthma,HIGH
P2694,49,Female,89,92,37.2,111,91,19,No,No,No,Yes,No,No,Pneumonia,MEDIUM
P2695,86,Female,123,91,37.4,126,71,18,No,Yes,Yes,Yes,No,No,Pneumonia,CRITICAL
P2696,45,Female,93,97,37.0,87,86,11,No,No,No,No,No,No,Cardiac,LOW
P2697,27,Female,84,94,38.2,117,86,29,Yes,Yes,Yes,No,No,No,COVID-19,HIGH
P2698,48,Male,69,95,37.5,136,87,16,Yes,Yes,No,No,No,Yes,Viral Infection,MEDIUM
P2699,27,Male,68,91,37.6,116,80,30,No,Yes,Yes,Yes,No,Yes,Influenza,HIGH
P2700,26,Male,96,100,36.6,106,80,13,Yes,No,Yes,No,Yes,No,Cardiac,HIGH
P2701,82,Female,97,89,38.6,125,80,26,Yes,No,Yes,Yes,No,No,Pneumonia,CRITICAL
P2702,76,Male,82,83,36.9,131,72,25,No,Yes,Yes,Yes,No,No,COPD,CRITICAL
P2703,34,Female,101,92,36.8,132,71,26,Yes,Yes,Yes,Yes,No,No,COPD,HIGH
P2704,79,Male,89,94,36.8,141,79,20,No,No,No,No,No,No,Cardiac,MEDIUM
P2705,23,Female,95,94,37.6,130,67,26,No,Yes,No,Yes,No,No,Asthma,MEDIUM
P2706,38,Male,89,91,36.4,119,96,24,No,Yes,Yes,Yes,No,No,COPD,HIGH
P2707,69,Female,85,93,38.4,137,66,19,No,Yes,Yes,Yes,No,No,Pneumonia,HIGH
P2708,40,Male,73,93,36.2,105,89,25,No,Yes,No,Yes,No,No,Asthma,MEDIUM
P2709,71,Male,85,90,38.7,123,71,24,No,Yes,No,Yes,No,Yes,COVID-19,HIGH
P2710,81,Female,92,99,36.0,118,75,16,No,No,Yes,No,No,No,Gastroenteritis,LOW
P2711,22,Male,78,87,36.8,130,68,25,No,Yes,No,Yes,No,No,Asthma,HIGH
P2712,19,Male,84,94,37.5,115,67,21,Yes,No,No,Yes,No,No,Migraine,MEDIUM
P2713,86,Male,75,89,37.1,83,96,22,No,Yes,No,Yes,No,No,Asthma,HIGH
P2714,55,Female,96,89,38.1,134,87,20,Yes,Yes,Yes,Yes,No,No,Pneumonia,CRITICAL
P2715,54,Male,89,92,37.4,142,78,16,Yes,Yes,Yes,No,No,No,COVID-19,HIGH
P2716,51,Male,69,92,37.9,112,107,14,No,Yes,Yes,No,No,Yes,Influenza,MEDIUM
P2717,49,Female,82,94,37.7,132,79,21,No,Yes,No,No,No,No,COPD,LOW
P2718,68,Female,92,95,38.1,129,84,23,Yes,Yes,Yes,No,No,Yes,Viral Infection,HIGH
P2719,60,Male,63,97,37.2,95,75,14,No,No,Yes,No,No,Yes,Migraine,LOW
P2720,29,Male,71,92,36.8,151,70,28,No,Yes,No,Yes,No,No,Asthma,HIGH
P2721,63,Male,85,91,37.8,127,77,21,No,Yes,No,Yes,No,No,Pneumonia,HIGH
P2722,66,Male,107,98,38.2,135,91,18,Yes,Yes,No,No,No,No,Viral Infection,MEDIUM
P2723,26,Female,76,97,38.0,110,84,21,Yes,Yes,No,Yes,No,No,Influenza,MEDIUM
P2724,45,Male,91,90,37.8,118,92,26,Yes,Yes,Yes,Yes,No,Yes,COVID-19,CRITICAL
P2725,75,Female,84,100,37.3,138,77,15,Yes,Yes,Yes,No,No,Yes,Viral Infection,HIGH
P2726,63,Female,79,92,38.3,114,88,21,Yes,Yes,No,Yes,No,No,COVID-19,HIGH
P2727,27,Male,87,91,38.4,147,81,20,Yes,Yes,Yes,No,No,Yes,Influenza,MEDIUM
P2728,20,Male,79,95,37.6,133,82,19,No,No,Yes,Yes,No,No,Pneumonia,MEDIUM
P2729,60,Male,82,100,37.3,143,77,17,No,No,No,No,No,No,Cardiac,LOW
P2730,51,Female,64,93,38.0,123,70,21,Yes,Yes,No,No,No,No,Pneumonia,MEDIUM
P2731,88,Female,81,95,37.2,129,92,24,No,Yes,No,No,No,No,Gastroenteritis,MEDIUM
P2732,56,Male,97,97,37.2,144,90,22,No,Yes,No,Yes,No,No,Asthma,MEDIUM
P2733,85,Male,89,89,38.2,150,80,26,Yes,Yes,No,Yes,No,No,COVID-19,CRITICAL
P2734,33,Female,99,93,38.0,114,84,23,Yes,Yes,No,Yes,Yes,No,Pneumonia,HIGH
P2735,50,Male,86,100,37.8,107,92,23,Yes,Yes,Yes,No,No,No,Viral Infection,MEDIUM
P2736,28,Male,84,90,38.8,95,74,21,Yes,Yes,Yes,Yes,No,Yes,COVID-19,HIGH
P2737,59,Male,71,97,36.5,129,67,16,No,No,No,No,No,Yes,Migraine,LOW
P2738,31,Female,79,96,37.1,116,65,25,No,Yes,No,Yes,No,No,Asthma,MEDIUM
P2739,53,Female,66,95,37.9,145,74,21,Yes,Yes,Yes,Yes,No,Yes,Influenza,HIGH
P2740,43,Male,82,96,37.0,137,74,24,No,No,No,No,No,No,Asthma,LOW
P2741,31,Male,87,88,37.4,121,78,33,No,Yes,No,Yes,No,No,COPD,HIGH
P2742,25,Male,107,94,36.7,119,78,18,No,Yes,No,Yes,No,No,Asthma,MEDIUM
P2743,55,Female,85,97,38.5,108,78,24,Yes,Yes,Yes,No,No,No,Viral Infection,HIGH
P2744,87,Male,70,100,38.3,158,93,17,Yes,Yes,No,No,No,Yes,Viral Infection,HIGH
P2745,32,Male,59,100,36.8,119,70,23,Yes,Yes,No,No,No,No,Migraine,MEDIUM
P2746,47,Male,83,98,37.4,139,96,20,No,No,No,No,Yes,No,Cardiac,LOW
P2747,34,Female,96,92,37.4,139,87,25,No,Yes,Yes,Yes,Yes,Yes,COPD,CRITICAL
P2748,77,Male,86,96,36.6,134,97,18,No,No,Yes,No,No,No,Cardiac,MEDIUM
P2749,48,Female,92,95,38.4,110,73,21,Yes,Yes,Yes,Yes,No,No,COVID-19,HIGH
P2750,89,Female,80,93,37.5,182,86,16,Yes,No,Yes,No,No,No,Viral Infection,MEDIUM
P2751,35,Female,87,100,37.9,130,85,17,Yes,Yes,Yes,No,No,No,Viral Infection,MEDIUM
P2752,23,Male,64,90,38.0,116,76,21,Yes,Yes,Yes,Yes,No,No,Pneumonia,HIGH
P2753,60,Male,100,99,38.2,149,75,18,No,Yes,No,No,No,No,Viral Infection,LOW
P2754,65,Male,65,96,37.7,126,75,11,Yes,Yes,No,No,No,Yes,Viral Infection,MEDIUM
P2755,90,Male,99,91,37.1,148,80,24,No,No,No,Yes,No,Yes,Asthma,HIGH
P2756,81,Female,78,98,38.2,129,74,25,Yes,Yes,Yes,Yes,Yes,No,Viral Infection,CRITICAL
P2757,82,Male,87,86,37.7,139,114,28,Yes,Yes,No,Yes,No,No,Influenza,CRITICAL
P2758,64,Male,83,93,38.7,126,63,22,Yes,Yes,Yes,Yes,No,Yes,Influenza,CRITICAL
P2759,44,Female,88,89,37.9,110,69,34,No,Yes,Yes,Yes,No,Yes,COVID-19,CRITICAL
P2760,49,Male,92,97,36.2,134,90,14,No,No,Yes,No,No,No,Cardiac,LOW
P2761,27,Male,99,89,38.3,110,71,22,Yes,No,Yes,Yes,No,Yes,COVID-19,HIGH
P2762,49,Female,96,98,35.8,133,76,10,No,Yes,No,No,No,No,Healthy/Minor,LOW
P2763,44,Female,89,92,38.9,117,83,20,Yes,Yes,Yes,No,No,No,Pneumonia,MEDIUM
P2764,20,Female,107,96,37.9,92,88,30,No,Yes,Yes,Yes,No,Yes,COVID-19,CRITICAL
P2765,32,Male,87,100,36.2,136,79,15,No,No,Yes,No,Yes,No,Cardiac,MEDIUM
P2766,57,Female,100,94,37.8,138,90,15,Yes,No,Yes,No,No,No,Influenza,MEDIUM
P2767,44,Female,84,100,36.1,158,62,21,No,No,No,No,No,No,Gastroenteritis,LOW
P2768,90,Male,82,95,38.1,143,81,26,Yes,Yes,Yes,Yes,No,Yes,COVID-19,CRITICAL
P2769,52,Male,81,95,36.2,128,85,21,No,No,Yes,No,No,Yes,Healthy/Minor,MEDIUM
P2770,87,Female,88,100,37.0,149,106,18,No,No,No,No,No,No,Gastroenteritis,LOW
P2771,66,Male,86,91,37.8,148,73,19,Yes,No,No,Yes,No,Yes,Influenza,HIGH
P2772,20,Male,90,91,37.7,135,67,21,Yes,Yes,No,No,No,No,Influenza,MEDIUM
P2773,32,Female,96,94,38.1,125,81,24,Yes,Yes,Yes,No,No,Yes,Influenza,MEDIUM
P2774,69,Female,80,95,37.4,133,84,19,No,No,No,No,No,No,Healthy/Minor,LOW
P2775,57,Male,45,94,37.3,141,74,19,No,No,Yes,No,No,No,Gastroenteritis,LOW
P2776,40,Female,107,90,36.5,119,66,20,No,Yes,No,Yes,No,No,Asthma,MEDIUM
P2777,56,Female,82,98,37.9,107,76,24,Yes,No,No,No,Yes,No,Pneumonia,MEDIUM
P2778,83,Female,71,96,37.6,115,91,19,No,No,Yes,No,No,Yes,Viral Infection,LOW
P2779,46,Male,70,98,38.0,118,76,19,Yes,Yes,Yes,Yes,No,No,Pneumonia,HIGH
P2780,21,Male,74,97,36.4,122,90,18,No,No,Yes,No,No,No,Gastroenteritis,LOW
P2781,40,Female,71,96,36.6,160,77,15,Yes,No,No,No,No,No,Migraine,LOW
P2782,86,Male,79,86,37.7,139,92,27,Yes,Yes,No,Yes,No,No,COVID-19,CRITICAL
P2783,73,Female,78,92,36.9,136,87,28,No,No,Yes,Yes,No,No,COPD,HIGH
P2784,79,Female,95,92,37.9,131,81,26,Yes,Yes,Yes,Yes,No,Yes,Pneumonia,CRITICAL
P2785,84,Male,115,90,38.1,150,94,17,Yes,Yes,Yes,No,No,No,COVID-19,HIGH
P2786,26,Female,89,96,36.8,124,66,13,No,No,No,No,No,No,Healthy/Minor,LOW
P2787,38,Female,93,100,36.5,110,72,14,No,Yes,Yes,No,No,No,Gastroenteritis,LOW
P2788,22,Female,73,98,38.0,104,74,13,Yes,Yes,Yes,No,No,No,Viral Infection,LOW
P2789,18,Female,86,91,36.4,114,82,20,No,Yes,No,Yes,No,No,COPD,MEDIUM
P2790,78,Female,93,89,38.2,124,91,28,Yes,Yes,No,Yes,No,No,Pneumonia,CRITICAL
P2791,86,Female,73,94,36.7,137,78,22,No,No,No,No,Yes,No,Gastroenteritis,HIGH
P2792,29,Female,79,93,36.9,122,68,20,No,Yes,No,Yes,No,No,COPD,MEDIUM
P2793,70,Female,98,87,38.0,125,84,27,Yes,Yes,Yes,Yes,No,No,Pneumonia,CRITICAL
P2794,57,Male,100,94,37.5,151,66,23,No,Yes,No,Yes,No,No,Asthma,MEDIUM
P2795,23,Male,87,100,37.0,145,92,17,No,No,No,No,No,Yes,Cardiac,LOW
P2796,84,Male,66,95,36.8,136,84,24,No,No,No,No,Yes,No,Migraine,MEDIUM
P2797,81,Female,84,94,37.6,123,74,21,Yes,No,No,Yes,No,No,Pneumonia,HIGH
P2798,59,Male,60,100,38.3,128,70,17,Yes,Yes,Yes,No,No,No,Viral Infection,MEDIUM
P2799,69,Female,88,94,37.8,131,86,19,No,Yes,No,Yes,Yes,Yes,COVID-19,MEDIUM
P2800,46,Male,88,92,37.2,122,82,17,Yes,Yes,Yes,No,No,No,COVID-19,MEDIUM
P2801,75,Male,84,91,38.1,129,77,18,No,No,Yes,Yes,No,No,Pneumonia,MEDIUM
P2802,50,Male,81,99,38.0,108,79,13,Yes,Yes,Yes,No,No,Yes,Viral Infection,MEDIUM
P2803,90,Female,94,90,37.5,143,76,24,No,No,Yes,No,No,Yes,COVID-19,HIGH
P2804,22,Female,88,92,36.7,114,75,21,No,Yes,No,Yes,No,No,Asthma,MEDIUM
P2805,30,Female,69,92,38.2,116,93,21,Yes,Yes,No,No,No,No,Pneumonia,HIGH
P2806,88,Female,79,100,36.8,143,108,18,No,No,Yes,No,No,Yes,Gastroenteritis,MEDIUM
P2807,39,Male,83,97,37.4,119,76,25,No,No,No,No,No,No,Migraine,LOW
P2808,40,Female,106,96,37.3,121,82,17,Yes,Yes,Yes,Yes,No,No,COVID-19,HIGH
P2809,75,Male,77,93,37.7,129,88,13,Yes,Yes,Yes,No,No,No,Healthy/Minor,MEDIUM
P2810,31,Male,92,98,38.2,126,61,18,Yes,No,No,No,No,Yes,Influenza,LOW
P2811,55,Female,97,92,38.5,115,69,22,Yes,Yes,No,Yes,No,No,Influenza,HIGH
P2812,38,Female,83,98,36.9,109,59,19,No,No,No,No,No,No,Cardiac,LOW
P2813,32,Male,93,93,36.0,106,82,20,No,No,Yes,No,No,No,Gastroenteritis,LOW
P2814,88,Female,104,94,37.4,131,106,28,No,Yes,Yes,No,No,No,Pneumonia,HIGH
P2815,32,Male,103,95,36.6,99,89,22,No,Yes,No,No,No,No,COPD,MEDIUM
P2816,24,Female,91,90,38.3,93,78,20,Yes,Yes,No,No,No,No,COVID-19,MEDIUM
P2817,67,Female,117,92,36.2,140,82,31,No,Yes,No,No,No,No,COPD,HIGH
P2818,81,Female,73,92,36.4,159,82,10,No,No,No,No,No,No,Gastroenteritis,LOW
P2819,27,Female,106,100,36.9,129,89,17,No,No,No,No,No,No,Healthy/Minor,LOW
P2820,69,Female,97,90,37.0,125,85,26,No,No,Yes,Yes,No,No,Asthma,HIGH
P2821,57,Male,104,100,37.3,106,86,25,No,No,Yes,No,No,No,Cardiac,MEDIUM
P2822,78,Female,85,96,36.4,146,78,12,No,No,No,No,Yes,No,Cardiac,MEDIUM
P2823,27,Male,96,96,37.2,94,84,20,No,Yes,No,No,No,Yes,COVID-19,LOW
P2824,89,Male,107,94,38.1,141,85,18,Yes,Yes,Yes,No,No,No,Pneumonia,HIGH
P2825,63,Female,65,97,37.4,118,86,10,No,No,No,No,Yes,No,Healthy/Minor,MEDIUM
P2826,79,Female,86,91,37.7,101,95,23,Yes,Yes,Yes,No,No,No,Pneumonia,HIGH
P2827,44,Male,50,95,36.3,145,62,21,No,No,No,No,No,No,Migraine,LOW
P2828,86,Male,86,90,37.7,121,83,29,Yes,Yes,Yes,Yes,No,No,Pneumonia,CRITICAL
P2829,63,Female,69,100,38.1,125,78,15,Yes,Yes,Yes,No,No,Yes,Viral Infection,MEDIUM
P2830,27,Male,82,96,37.8,118,73,25,No,Yes,Yes,No,No,No,Pneumonia,MEDIUM
P2831,85,Male,120,93,37.4,133,75,18,No,No,No,No,No,No,Healthy/Minor,MEDIUM
P2832,76,Male,103,100,37.2,144,77,22,No,No,Yes,No,No,No,Gastroenteritis,MEDIUM
P2833,39,Male,66,95,38.0,108,67,27,Yes,Yes,Yes,Yes,No,No,Influenza,CRITICAL
P2834,57,Female,86,100,35.9,134,89,16,No,No,No,No,No,No,Gastroenteritis,LOW
P2835,46,Female,96,99,36.5,134,87,22,No,No,No,No,Yes,No,Cardiac,MEDIUM
P2836,57,Female,81,95,37.7,106,84,17,Yes,No,Yes,No,No,No,COVID-19,HIGH
P2837,88,Male,91,85,37.6,145,67,27,Yes,Yes,Yes,Yes,No,No,Pneumonia,CRITICAL
P2838,83,Female,85,99,37.2,122,105,24,No,No,Yes,No,No,No,Gastroenteritis,MEDIUM
P2839,33,Female,60,92,36.9,101,74,21,Yes,No,No,No,No,No,Migraine,LOW
P2840,88,Male,75,94,37.1,146,104,19,Yes,No,No,Yes,No,No,COVID-19,HIGH
P2841,49,Male,80,98,38.3,118,87,16,Yes,No,No,No,No,No,Viral Infection,LOW
P2842,69,Male,88,93,37.9,139,81,25,No,Yes,No,No,No,No,Pneumonia,MEDIUM
P2843,73,Female,78,91,38.1,141,104,26,Yes,Yes,No,Yes,No,Yes,Influenza,CRITICAL
P2844,53,Female,76,100,37.1,109,90,18,No,No,No,Yes,No,Yes,Cardiac,MEDIUM
P2845,51,Male,84,94,37.6,137,78,28,Yes,No,Yes,No,No,No,Influenza,MEDIUM
P2846,51,Male,97,94,38.5,130,76,16,Yes,Yes,Yes,Yes,No,Yes,COVID-19,HIGH
P2847,80,Male,87,90,36.7,129,96,23,No,No,No,Yes,Yes,No,COPD,HIGH
P2848,46,Female,106,99,38.9,121,74,14,Yes,Yes,Yes,Yes,Yes,Yes,COVID-19,CRITICAL
P2849,38,Male,76,95,37.5,132,74,25,Yes,Yes,No,No,No,No,Pneumonia,MEDIUM
P2850,44,Male,81,94,37.4,117,73,19,No,No,Yes,No,No,No,Gastroenteritis,LOW
P2851,32,Male,80,90,36.4,154,70,37,No,Yes,No,Yes,No,No,COPD,HIGH
P2852,46,Female,86,100,39.0,147,72,22,Yes,No,Yes,No,No,Yes,Viral Infection,LOW
P2853,26,Male,76,100,36.4,128,100,18,No,No,No,No,No,No,Cardiac,LOW
P2854,24,Female,110,91,37.3,116,88,23,No,Yes,No,Yes,No,No,Asthma,HIGH
P2855,70,Female,65,97,38.0,131,86,23,Yes,Yes,Yes,Yes,No,Yes,Pneumonia,CRITICAL
P2856,23,Female,100,98,37.1,110,73,18,No,Yes,Yes,No,No,No,Migraine,LOW
P2857,59,Male,87,95,37.9,131,76,23,Yes,No,Yes,No,No,No,Pneumonia,MEDIUM
P2858,74,Male,95,87,37.4,146,80,15,No,Yes,Yes,No,No,No,Pneumonia,HIGH
P2859,70,Male,97,99,36.9,112,101,20,No,No,Yes,No,No,No,Viral Infection,LOW
P2860,50,Female,89,97,37.9,135,83,17,No,No,No,No,No,No,Migraine,LOW
P2861,32,Female,77,96,36.8,141,89,25,No,No,No,Yes,Yes,No,Cardiac,HIGH
P2862,85,Female,96,90,36.6,149,88,23,No,Yes,Yes,Yes,No,No,Influenza,HIGH
P2863,78,Female,112,95,38.3,135,76,21,No,Yes,Yes,Yes,Yes,No,Influenza,CRITICAL
P2864,62,Female,75,93,37.4,138,83,23,No,Yes,No,Yes,No,No,COPD,HIGH
P2865,24,Male,106,96,36.5,141,67,17,No,No,No,No,No,No,Migraine,LOW
P2866,20,Female,90,92,36.5,119,90,21,No,Yes,No,Yes,No,No,Asthma,MEDIUM
P2867,41,Female,79,97,37.9,121,71,16,Yes,No,Yes,Yes,No,Yes,Influenza,HIGH
P2868,29,Male,73,93,38.4,154,72,21,No,Yes,Yes,Yes,No,Yes,Pneumonia,HIGH
P2869,80,Female,86,97,37.1,149,97,16,No,No,Yes,No,No,Yes,Cardiac,MEDIUM
P2870,33,Male,53,100,37.5,104,71,16,No,No,No,No,No,No,Gastroenteritis,LOW
P2871,38,Male,80,84,38.4,134,76,25,Yes,Yes,No,Yes,No,Yes,Influenza,HIGH
P2872,89,Male,85,95,37.8,148,60,21,No,Yes,No,Yes,No,No,Influenza,HIGH
P2873,77,Male,74,89,37.2,126,81,23,Yes,No,Yes,Yes,No,No,Pneumonia,CRITICAL
P2874,33,Male,95,92,37.8,102,84,24,No,Yes,Yes,No,No,Yes,Influenza,MEDIUM
P2875,45,Male,82,96,37.0,126,73,21,No,Yes,No,Yes,No,No,COPD,MEDIUM
P2876,55,Female,77,98,37.9,126,86,34,Yes,Yes,No,Yes,No,No,Influenza,CRITICAL
P2877,66,Male,83,97,37.4,118,87,20,No,No,No,No,Yes,No,Cardiac,LOW
P2878,86,Male,86,98,37.5,139,97,13,No,No,No,No,No,No,Migraine,LOW
P2879,81,Female,82,98,37.0,136,78,15,No,No,No,No,Yes,No,Healthy/Minor,MEDIUM
P2880,89,Male,73,100,36.7,141,84,15,No,No,No,No,No,No,Healthy/Minor,LOW
P2881,20,Male,87,98,38.1,128,63,18,Yes,No,Yes,Yes,No,No,COVID-19,MEDIUM
P2882,35,Male,84,94,39.2,92,77,24,Yes,Yes,No,Yes,No,Yes,Influenza,HIGH
P2883,59,Female,71,91,37.5,111,77,17,Yes,Yes,Yes,No,No,No,COVID-19,HIGH
P2884,21,Male,74,97,37.0,112,88,16,No,No,Yes,No,No,No,Gastroenteritis,LOW
P2885,43,Female,93,94,38.7,143,72,27,Yes,Yes,No,Yes,No,Yes,Influenza,HIGH
P2886,29,Male,92,93,37.4,158,74,20,Yes,Yes,Yes,No,No,No,COVID-19,HIGH
P2887,86,Male,86,88,38.4,141,80,27,Yes,Yes,Yes,Yes,No,No,COVID-19,CRITICAL
P2888,22,Female,94,95,38.4,121,78,14,Yes,Yes,Yes,Yes,Yes,No,Pneumonia,CRITICAL
P2889,28,Female,65,94,36.1,81,98,15,No,No,No,No,No,No,Gastroenteritis,LOW
P2890,32,Male,66,98,37.1,134,45,13,No,No,Yes,No,No,No,Gastroenteritis,LOW
P2891,28,Male,82,92,36.7,127,78,23,No,Yes,No,No,No,No,COPD,MEDIUM
P2892,59,Female,98,98,37.9,133,93,12,Yes,Yes,Yes,No,No,No,Viral Infection,MEDIUM
P2893,44,Male,87,96,37.8,102,74,31,Yes,Yes,Yes,No,No,No,Influenza,HIGH
P2894,84,Male,85,93,38.5,171,91,17,Yes,Yes,Yes,Yes,No,No,Pneumonia,CRITICAL
P2895,37,Female,105,100,37.8,144,90,27,Yes,Yes,No,Yes,No,No,COVID-19,HIGH
P2896,57,Male,75,97,36.9,132,78,21,No,No,Yes,No,No,No,Gastroenteritis,LOW
P2897,66,Female,117,96,36.6,154,80,20,No,No,No,No,Yes,No,Cardiac,MEDIUM
P2898,63,Female,80,94,37.7,131,91,22,Yes,Yes,No,Yes,No,Yes,Influenza,CRITICAL
P2899,76,Female,67,96,36.3,149,89,27,No,No,Yes,No,No,No,Healthy/Minor,MEDIUM
P2900,32,Male,83,90,37.7,99,77,33,No,No,No,Yes,No,No,COVID-19,MEDIUM
P2901,55,Male,82,90,38.0,90,87,21,Yes,No,Yes,Yes,No,Yes,COVID-19,HIGH
P2902,76,Male,78,96,37.0,122,98,20,No,No,No,No,No,No,Cardiac,LOW
P2903,81,Male,115,91,37.3,126,85,17,No,Yes,No,No,No,No,Healthy/Minor,LOW
P2904,63,Female,83,97,37.2,120,85,12,Yes,No,No,No,No,No,Gastroenteritis,MEDIUM
P2905,65,Female,86,96,36.6,138,88,19,No,No,No,No,No,Yes,Healthy/Minor,LOW
P2906,81,Female,82,90,37.4,134,81,25,Yes,Yes,No,Yes,No,No,Pneumonia,HIGH
P2907,63,Female,80,100,36.9,136,98,10,No,No,Yes,No,Yes,No,Cardiac,MEDIUM
P2908,87,Female,95,92,37.8,122,76,21,Yes,Yes,Yes,No,No,No,Viral Infection,HIGH
P2909,27,Male,63,94,37.1,100,77,23,No,Yes,No,No,No,No,COPD,MEDIUM
P2910,43,Male,70,92,38.0,122,86,19,Yes,Yes,No,Yes,No,Yes,COVID-19,MEDIUM
P2911,26,Male,75,97,37.0,111,67,14,No,No,No,No,No,No,Healthy/Minor,LOW
P2912,24,Female,103,95,38.0,120,87,24,Yes,No,Yes,Yes,No,No,Pneumonia,HIGH
P2913,52,Male,80,93,36.7,134,82,29,No,No,No,No,No,No,Asthma,MEDIUM
P2914,34,Female,83,96,37.8,146,91,19,No,No,No,No,No,Yes,Viral Infection,LOW
P2915,47,Male,78,97,37.9,123,85,21,No,Yes,No,No,No,Yes,Viral Infection,LOW
P2916,49,Female,95,93,37.2,153,78,13,Yes,No,No,No,No,No,Healthy/Minor,MEDIUM
P2917,63,Female,59,99,37.7,137,84,15,Yes,No,Yes,No,No,No,Viral Infection,MEDIUM
P2918,87,Male,98,82,37.3,152,89,27,No,Yes,No,Yes,No,No,Influenza,CRITICAL
P2919,80,Male,78,98,37.3,155,105,13,No,No,No,No,No,No,Healthy/Minor,LOW
P2920,45,Male,97,95,36.4,134,80,23,No,Yes,No,Yes,No,No,Asthma,HIGH
P2921,41,Male,67,100,36.8,108,77,19,No,No,No,No,No,No,Gastroenteritis,LOW
P2922,74,Male,88,97,38.4,153,82,24,Yes,Yes,No,No,No,Yes,COVID-19,HIGH
P2923,27,Female,77,100,38.2,114,80,18,No,No,Yes,No,No,No,Viral Infection,LOW
P2924,57,Male,74,96,35.7,138,74,17,No,No,No,Yes,No,No,Cardiac,MEDIUM
P2925,48,Male,61,100,38.4,126,76,14,Yes,No,No,No,No,Yes,Viral Infection,LOW
P2926,31,Female,77,90,38.5,138,68,17,Yes,Yes,Yes,Yes,No,No,Pneumonia,CRITICAL
P2927,63,Female,88,88,38.3,137,73,22,Yes,Yes,Yes,Yes,No,No,Pneumonia,CRITICAL
P2928,41,Male,75,99,35.8,98,86,28,No,No,No,Yes,No,No,Asthma,HIGH
P2929,31,Female,81,95,38.9,153,78,27,Yes,Yes,Yes,Yes,No,Yes,Influenza,CRITICAL
P2930,65,Male,55,93,36.5,145,75,15,No,No,Yes,No,No,No,Gastroenteritis,MEDIUM
P2931,30,Male,80,90,37.4,111,76,20,No,Yes,Yes,Yes,No,No,COVID-19,HIGH
P2932,67,Male,100,91,37.2,114,80,22,No,Yes,No,No,No,No,COPD,MEDIUM
P2933,29,Male,94,91,38.1,135,79,20,Yes,No,No,Yes,No,No,Influenza,HIGH
P2934,49,Male,84,91,37.9,108,65,23,No,Yes,No,No,No,No,Pneumonia,MEDIUM
P2935,76,Female,92,100,36.8,155,78,24,No,No,No,No,Yes,No,Cardiac,MEDIUM
P2936,34,Male,74,100,38.5,137,64,32,Yes,Yes,Yes,Yes,No,No,COVID-19,CRITICAL
P2937,74,Male,109,91,37.9,125,75,20,No,No,Yes,Yes,No,No,Pneumonia,MEDIUM
P2938,70,Male,114,91,37.2,122,76,27,No,Yes,Yes,Yes,No,No,Pneumonia,CRITICAL
P2939,83,Male,90,94,38.5,132,75,26,Yes,Yes,Yes,Yes,No,No,Pneumonia,CRITICAL
P2940,30,Male,120,96,36.9,110,90,16,No,Yes,No,No,No,No,Cardiac,LOW
P2941,70,Female,78,85,38.4,137,102,19,Yes,No,No,Yes,No,No,Pneumonia,HIGH
P2942,86,Female,72,83,38.2,147,95,25,No,Yes,Yes,Yes,No,No,COVID-19,CRITICAL
P2943,73,Female,71,95,37.9,146,78,29,No,No,Yes,No,No,No,Gastroenteritis,MEDIUM
P2944,31,Male,82,94,36.7,107,80,23,No,Yes,Yes,Yes,No,No,COPD,MEDIUM
P2945,78,Female,119,96,36.8,157,88,15,No,No,No,No,No,No,Cardiac,MEDIUM
P2946,25,Female,81,96,38.2,104,72,21,Yes,Yes,Yes,Yes,No,No,Pneumonia,HIGH
P2947,60,Female,68,100,36.7,142,95,12,No,No,No,No,No,No,Healthy/Minor,LOW
P2948,54,Male,74,97,37.2,103,101,22,No,No,No,No,No,No,Asthma,LOW
P2949,56,Female,100,94,36.6,152,66,25,Yes,Yes,Yes,No,No,No,COVID-19,HIGH
P2950,55,Male,91,99,37.9,118,95,14,Yes,Yes,No,No,No,Yes,Viral Infection,LOW
P2951,20,Female,72,98,36.8,130,72,10,No,No,No,No,No,No,Gastroenteritis,LOW
P2952,55,Male,62,97,36.7,144,82,18,Yes,No,No,Yes,No,No,Cardiac,HIGH
P2953,86,Female,67,91,37.5,120,89,17,Yes,Yes,No,No,Yes,No,Viral Infection,HIGH
P2954,49,Male,107,97,38.6,137,95,19,Yes,Yes,Yes,No,No,No,Influenza,HIGH
P2955,38,Female,87,97,37.7,111,81,14,Yes,No,No,No,No,No,Viral Infection,LOW
P2956,90,Male,83,94,36.9,138,91,21,No,No,Yes,No,No,No,Gastroenteritis,MEDIUM
P2957,25,Female,109,92,37.9,109,87,20,No,No,Yes,Yes,No,Yes,COVID-19,MEDIUM
P2958,53,Male,111,90,38.1,152,90,26,Yes,No,No,Yes,No,No,Pneumonia,HIGH
P2959,55,Female,85,93,38.5,108,86,26,Yes,Yes,No,Yes,No,No,Influenza,HIGH
P2960,52,Female,78,99,36.9,132,90,16,No,No,No,No,No,No,Healthy/Minor,LOW
P2961,85,Male,81,89,38.3,130,80,22,Yes,No,No,No,Yes,No,Pneumonia,HIGH
P2962,48,Male,81,96,38.0,141,62,23,Yes,Yes,No,Yes,No,No,Pneumonia,MEDIUM
P2963,89,Female,63,94,36.6,179,105,18,No,No,Yes,No,No,No,Gastroenteritis,MEDIUM
P2964,22,Male,59,94,37.0,110,68,10,No,No,No,No,No,No,Gastroenteritis,LOW
P2965,71,Male,65,95,37.8,136,78,33,Yes,Yes,Yes,Yes,No,Yes,Pneumonia,CRITICAL
P2966,61,Female,93,99,38.2,123,78,20,Yes,Yes,Yes,No,No,Yes,Viral Infection,MEDIUM
P2967,35,Male,65,94,36.8,137,73,20,No,Yes,No,No,No,No,COPD,LOW
P2968,34,Male,103,100,37.5,116,71,10,No,Yes,No,No,No,No,Viral Infection,LOW
P2969,70,Male,78,88,37.8,148,88,23,No,Yes,No,Yes,No,No,Influenza,CRITICAL
P2970,64,Male,109,92,37.2,124,87,19,Yes,Yes,Yes,Yes,No,No,Influenza,HIGH
P2971,62,Male,82,100,37.0,172,92,17,No,Yes,No,No,Yes,No,Cardiac,HIGH
P2972,21,Male,65,99,37.9,85,84,12,Yes,Yes,Yes,Yes,No,No,Pneumonia,HIGH
P2973,61,Male,103,92,37.6,135,78,20,No,Yes,Yes,Yes,Yes,No,COPD,CRITICAL
P2974,89,Male,107,89,38.5,142,83,22,Yes,No,Yes,Yes,No,No,Influenza,CRITICAL
P2975,19,Male,66,100,36.6,119,89,16,No,No,No,No,No,No,Migraine,LOW
P2976,52,Male,74,96,38.0,130,75,16,Yes,Yes,Yes,No,No,No,Viral Infection,MEDIUM
P2977,54,Male,67,99,38.0,127,75,17,Yes,Yes,No,No,No,Yes,Viral Infection,MEDIUM
P2978,83,Female,80,94,36.7,143,95,26,No,No,No,No,No,No,Healthy/Minor,MEDIUM
P2979,38,Male,79,99,37.8,127,78,15,No,No,Yes,No,No,No,Viral Infection,LOW
P2980,52,Female,81,91,36.6,153,75,18,No,Yes,No,Yes,No,No,Asthma,HIGH
P2981,70,Female,63,90,38.7,89,78,16,Yes,Yes,No,Yes,No,Yes,COVID-19,CRITICAL
P2982,22,Female,70,96,37.7,150,89,15,Yes,No,Yes,No,Yes,Yes,Viral Infection,MEDIUM
P2983,76,Female,90,97,37.0,177,90,13,No,No,Yes,No,No,No,Healthy/Minor,MEDIUM
P2984,78,Male,78,96,36.0,109,87,23,No,No,No,No,No,No,Healthy/Minor,LOW
P2985,70,Female,76,98,37.2,134,72,19,No,No,No,No,No,Yes,Migraine,LOW
P2986,65,Male,74,91,38.7,153,85,26,Yes,Yes,No,Yes,No,No,Pneumonia,CRITICAL
P2987,72,Female,72,95,36.3,149,82,26,No,No,Yes,No,No,No,Healthy/Minor,MEDIUM
P2988,75,Male,99,97,36.6,163,75,15,No,No,No,No,No,No,Healthy/Minor,MEDIUM
P2989,83,Male,66,98,37.0,145,80,17,No,No,Yes,No,No,No,Gastroenteritis,LOW
P2990,49,Male,87,94,37.9,92,87,23,Yes,Yes,Yes,No,No,Yes,Viral Infection,MEDIUM
P2991,51,Male,87,99,37.0,152,96,18,No,No,No,No,Yes,No,Cardiac,LOW
P2992,64,Male,83,96,36.7,141,72,19,No,No,No,No,Yes,No,Healthy/Minor,LOW
P2993,32,Female,75,96,38.7,143,69,27,Yes,Yes,Yes,Yes,No,Yes,Influenza,CRITICAL
P2994,80,Male,76,100,37.6,113,92,23,No,No,Yes,No,No,Yes,Viral Infection,MEDIUM
P2995,74,Female,87,84,39.1,116,80,26,Yes,Yes,No,Yes,No,Yes,Influenza,CRITICAL
P2996,64,Male,80,92,38.5,131,88,28,Yes,Yes,Yes,No,No,No,COVID-19,CRITICAL
P2997,40,Female,89,94,38.3,141,74,22,Yes,Yes,Yes,No,No,Yes,Influenza,HIGH
P2998,43,Male,91,93,36.3,147,84,24,No,Yes,Yes,Yes,No,Yes,Asthma,HIGH
P2999,49,Male,113,96,38.3,112,66,21,Yes,No,No,Yes,No,No,Pneumonia,MEDIUM
P3000,66,Male,83,96,37.4,125,88,24,No,No,No,No,No,Yes,Healthy/Minor,MEDIUM
P3001,74,Female,63,88,35.8,181,63,21,No,Yes,No,Yes,No,No,COPD,HIGH
P3002,67,Female,95,93,37.3,123,92,11,Yes,No,No,No,No,Yes,Viral Infection,MEDIUM
P3003,85,Male,86,88,38.1,151,86,27,No,Yes,No,Yes,No,No,COVID-19,CRITICAL
P3004,88,Male,115,89,38.1,134,91,19,Yes,Yes,Yes,Yes,No,Yes,Influenza,CRITICAL
P3005,69,Female,99,94,36.6,141,86,14,No,No,No,No,No,Yes,Migraine,MEDIUM
P3006,45,Female,71,99,37.3,108,62,23,No,No,No,No,No,No,Gastroenteritis,LOW
P3007,61,Male,95,91,36.4,116,95,26,No,Yes,No,Yes,No,No,COPD,CRITICAL
P3008,49,Male,70,96,37.7,118,83,15,No,Yes,No,No,No,No,Viral Infection,LOW
P3009,63,Male,79,95,37.6,122,90,10,Yes,Yes,No,No,No,Yes,Viral Infection,MEDIUM
P3010,77,Female,97,94,37.0,138,81,21,No,Yes,Yes,No,No,No,Cardiac,HIGH
P3011,44,Female,92,96,36.0,130,81,20,No,No,Yes,No,No,No,Healthy/Minor,LOW
P3012,54,Male,90,96,36.9,157,67,19,No,No,Yes,No,No,No,Gastroenteritis,LOW
P3013,21,Male,79,100,36.0,111,79,19,No,No,Yes,No,No,No,Gastroenteritis,LOW
P3014,71,Male,119,95,37.8,118,74,23,No,Yes,No,Yes,No,Yes,COVID-19,CRITICAL
P3015,53,Female,81,90,38.2,126,125,20,Yes,No,Yes,Yes,No,No,Influenza,CRITICAL
P3016,51,Male,64,97,38.2,111,86,17,No,Yes,Yes,No,Yes,No,Pneumonia,MEDIUM
P3017,56,Male,60,100,36.5,101,94,14,No,No,No,No,No,Yes,Migraine,LOW
P3018,33,Male,97,99,37.0,137,76,18,No,No,No,Yes,No,No,Gastroenteritis,MEDIUM
P3019,61,Male,85,98,37.8,131,86,24,Yes,Yes,Yes,No,No,Yes,COVID-19,HIGH
P3020,72,Female,90,95,37.7,143,97,23,No,No,No,No,Yes,No,Cardiac,MEDIUM
P3021,43,Male,78,95,38.1,91,68,16,Yes,Yes,No,Yes,No,No,Pneumonia,HIGH
P3022,27,Male,79,94,36.6,111,71,15,Yes,Yes,Yes,Yes,No,No,Pneumonia,HIGH
P3023,46,Female,68,98,37.2,100,89,15,No,Yes,Yes,No,No,Yes,Healthy/Minor,MEDIUM
P3024,32,Male,91,95,36.6,120,76,17,No,Yes,Yes,No,No,No,Asthma,LOW
P3025,45,Male,84,94,37.8,124,71,23,Yes,Yes,Yes,No,No,No,Pneumonia,MEDIUM
P3026,63,Female,92,95,37.0,132,76,16,No,No,No,Yes,No,No,Asthma,MEDIUM
P3027,26,Female,89,92,37.3,109,66,27,Yes,Yes,Yes,Yes,No,No,COVID-19,CRITICAL
P3028,72,Male,75,94,36.8,121,64,15,No,No,Yes,No,No,Yes,Gastroenteritis,MEDIUM
P3029,34,Male,59,96,37.0,117,61,24,No,No,No,No,No,No,Healthy/Minor,LOW
P3030,83,Female,69,94,37.0,151,90,21,No,No,No,No,No,No,Cardiac,LOW
P3031,71,Male,127,98,36.5,131,94,14,No,No,No,No,Yes,No,Cardiac,MEDIUM
P3032,37,Female,104,92,38.3,105,103,31,Yes,Yes,No,Yes,No,No,COVID-19,CRITICAL
P3033,59,Female,104,100,36.4,120,85,18,No,No,No,No,No,No,Cardiac,LOW
P3034,26,Male,76,94,37.9,109,65,23,No,Yes,No,Yes,No,No,COVID-19,MEDIUM
P3035,25,Female,85,92,37.8,113,78,22,Yes,No,No,Yes,No,No,Influenza,HIGH
P3036,87,Male,71,99,38.0,124,93,21,Yes,No,Yes,No,No,No,Viral Infection,MEDIUM
P3037,76,Female,71,93,36.7,129,95,26,No,Yes,No,Yes,No,No,Asthma,HIGH
P3038,29,Male,77,92,37.4,140,87,18,No,Yes,No,Yes,No,Yes,COPD,MEDIUM
P3039,38,Male,102,93,38.0,115,84,21,No,No,Yes,Yes,No,Yes,Influenza,HIGH
P3040,32,Female,89,98,37.9,100,79,18,Yes,Yes,No,No,No,No,Viral Infection,MEDIUM
P3041,46,Female,72,89,38.0,87,86,25,Yes,No,Yes,Yes,No,No,Pneumonia,CRITICAL
P3042,39,Male,81,91,37.1,149,66,25,No,Yes,No,Yes,Yes,No,Asthma,HIGH
P3043,41,Female,88,99,38.0,139,58,18,Yes,Yes,No,No,No,Yes,Viral Infection,MEDIUM
P3044,56,Male,78,89,36.3,132,102,20,No,Yes,No,Yes,No,No,Asthma,HIGH
P3045,31,Male,79,96,37.6,139,78,14,Yes,No,No,No,No,No,Healthy/Minor,LOW
P3046,82,Male,93,90,38.0,147,91,19,Yes,Yes,Yes,Yes,No,No,Pneumonia,CRITICAL
P3047,71,Male,85,100,37.1,133,56,22,No,No,No,Yes,Yes,No,Gastroenteritis,HIGH
P3048,73,Female,84,97,36.6,115,99,16,No,No,No,No,No,No,Healthy/Minor,MEDIUM
P3049,30,Female,77,95,36.0,151,90,21,No,Yes,No,Yes,No,Yes,COPD,HIGH
P3050,69,Female,73,93,35.8,126,68,20,No,No,Yes,No,No,No,Gastroenteritis,LOW
P3051,79,Male,73,92,37.5,131,82,24,Yes,No,No,No,No,No,COVID-19,HIGH
P3052,30,Female,58,93,37.0,121,81,17,No,No,No,Yes,No,No,Migraine,MEDIUM
P3053,72,Male,79,95,38.5,135,71,15,Yes,No,Yes,No,No,No,Viral Infection,MEDIUM
P3054,44,Female,89,99,37.2,131,84,18,Yes,No,No,No,No,No,Gastroenteritis,LOW
P3055,75,Female,63,92,36.3,143,95,18,No,No,No,No,No,No,Healthy/Minor,LOW
P3056,52,Female,90,99,36.4,122,87,17,No,No,No,Yes,No,Yes,Cardiac,MEDIUM
P3057,76,Female,99,97,37.4,143,73,24,No,No,Yes,No,No,No,Cardiac,MEDIUM
P3058,28,Male,61,92,37.3,129,68,24,Yes,Yes,Yes,Yes,No,No,COVID-19,CRITICAL
P3059,46,Female,74,96,37.7,112,78,14,No,Yes,Yes,No,No,No,Gastroenteritis,LOW
P3060,37,Female,99,96,39.0,143,76,16,Yes,Yes,Yes,No,Yes,No,Viral Infection,MEDIUM
P3061,36,Male,93,97,37.8,126,80,24,No,No,No,No,Yes,No,Cardiac,MEDIUM
P3062,40,Female,61,93,38.1,146,75,21,Yes,Yes,Yes,Yes,No,No,Pneumonia,HIGH
P3063,45,Male,94,93,36.6,100,61,22,No,Yes,No,Yes,No,No,COPD,MEDIUM
P3064,27,Male,68,97,37.0,130,86,20,No,No,No,No,No,No,Migraine,LOW
P3065,69,Female,89,100,37.5,119,89,20,No,No,Yes,No,No,Yes,Healthy/Minor,MEDIUM
P3066,58,Female,77,98,37.9,118,86,20,Yes,Yes,Yes,Yes,No,Yes,Pneumonia,HIGH
P3067,78,Male,87,92,37.4,152,89,21,No,Yes,Yes,No,Yes,No,Influenza,HIGH
P3068,69,Female,80,90,37.0,129,80,24,No,Yes,No,Yes,No,No,Asthma,MEDIUM
P3069,28,Female,85,92,37.6,162,72,25,Yes,Yes,Yes,Yes,No,Yes,Influenza,CRITICAL
P3070,23,Male,71,99,37.4,128,68,23,No,No,No,No,No,No,Healthy/Minor,LOW
P3071,48,Male,82,95,36.5,112,95,15,No,Yes,No,Yes,No,No,Asthma,MEDIUM
P3072,53,Male,70,91,37.1,134,80,30,No,No,No,Yes,Yes,No,COPD,HIGH
P3073,35,Female,91,92,38.6,116,61,21,Yes,Yes,Yes,Yes,No,No,Pneumonia,HIGH
P3074,75,Male,90,92,37.4,149,84,28,No,Yes,No,Yes,No,No,Asthma,HIGH
P3075,60,Female,58,98,36.9,124,61,14,No,No,Yes,No,No,No,Healthy/Minor,LOW
P3076,72,Female,100,89,37.0,141,86,17,No,No,No,Yes,Yes,No,Asthma,HIGH
P3077,25,Female,83,94,37.7,123,79,16,Yes,Yes,No,No,No,Yes,Influenza,MEDIUM
P3078,77,Male,90,89,38.7,138,79,23,Yes,No,No,Yes,No,No,Pneumonia,HIGH
P3079,33,Male,88,96,37.7,137,69,19,No,No,No,No,No,No,Healthy/Minor,LOW
P3080,50,Female,82,98,36.0,96,85,17,No,No,No,No,No,No,Healthy/Minor,LOW
P3081,50,Female,100,92,38.7,126,79,21,Yes,Yes,Yes,Yes,No,No,Pneumonia,HIGH
P3082,77,Male,85,93,36.5,131,69,24,Yes,No,Yes,No,No,No,Cardiac,HIGH
P3083,38,Female,98,96,38.2,98,90,22,Yes,Yes,No,Yes,No,No,Influenza,HIGH
P3084,35,Female,88,97,36.8,113,73,18,No,No,No,No,Yes,Yes,Cardiac,LOW
P3085,42,Female,92,99,37.9,111,65,36,Yes,No,No,Yes,No,No,Influenza,CRITICAL
P3086,44,Male,83,100,38.1,118,92,17,Yes,Yes,Yes,No,No,No,Viral Infection,MEDIUM
P3087,31,Female,94,96,36.4,125,89,14,No,No,No,Yes,No,No,Healthy/Minor,LOW
P3088,30,Female,94,97,38.1,129,74,24,Yes,No,No,Yes,No,No,Pneumonia,HIGH
P3089,34,Female,79,91,36.7,113,65,25,No,Yes,No,Yes,No,Yes,Asthma,HIGH
P3090,52,Male,77,99,37.3,151,71,23,Yes,No,Yes,Yes,No,No,Influenza,HIGH
P3091,43,Female,84,94,37.7,115,74,23,Yes,Yes,Yes,Yes,No,Yes,COVID-19,HIGH
P3092,46,Male,75,95,37.3,92,91,29,Yes,Yes,No,No,No,Yes,Influenza,HIGH
P3093,70,Female,73,91,37.7,128,96,30,Yes,No,No,Yes,No,No,Pneumonia,CRITICAL
P3094,35,Male,50,99,37.0,121,80,16,No,No,No,No,No,No,Healthy/Minor,LOW
P3095,84,Male,68,90,37.9,87,92,21,No,Yes,No,Yes,No,No,Influenza,HIGH
P3096,72,Male,106,93,38.3,154,82,21,Yes,Yes,Yes,No,No,No,Viral Infection,HIGH
P3097,30,Male,76,94,38.1,118,69,19,Yes,No,Yes,Yes,No,No,Influenza,HIGH
P3098,40,Male,110,94,36.7,102,63,26,No,Yes,No,Yes,No,No,COPD,HIGH
P3099,31,Male,90,90,37.1,105,81,24,No,Yes,No,Yes,No,Yes,Asthma,HIGH
P3100,37,Female,77,100,37.4,132,87,29,No,Yes,No,Yes,No,No,Healthy/Minor,HIGH
P3101,44,Male,65,95,37.3,136,74,29,Yes,Yes,Yes,Yes,No,Yes,Pneumonia,CRITICAL
P3102,27,Female,85,92,38.6,110,90,17,No,Yes,No,Yes,No,No,Pneumonia,HIGH
P3103,19,Male,103,97,37.2,98,74,15,No,No,No,No,No,Yes,Migraine,LOW
P3104,50,Female,98,100,36.8,127,81,10,No,No,No,No,No,No,Gastroenteritis,LOW
P3105,69,Male,83,98,37.3,138,81,10,No,No,Yes,No,No,No,Gastroenteritis,LOW
P3106,40,Female,70,97,37.8,129,90,23,Yes,Yes,No,Yes,No,No,Influenza,HIGH
P3107,80,Male,76,90,38.0,129,90,19,Yes,Yes,Yes,Yes,No,No,Pneumonia,CRITICAL
P3108,44,Male,67,100,38.0,120,78,24,Yes,Yes,No,No,No,No,Viral Infection,MEDIUM
P3109,83,Female,106,96,37.2,146,91,24,No,No,No,No,Yes,No,Cardiac,HIGH
P3110,35,Female,107,98,36.8,141,70,16,No,No,No,No,Yes,No,Cardiac,LOW
P3111,57,Male,88,94,37.9,149,59,21,Yes,No,Yes,Yes,No,No,COVID-19,HIGH
P3112,73,Female,83,94,38.2,160,79,31,Yes,Yes,No,Yes,No,No,Pneumonia,CRITICAL
P3113,22,Male,98,100,37.6,141,76,25,No,No,No,No,No,No,Healthy/Minor,LOW
P3114,85,Male,69,95,36.4,169,91,15,No,No,No,No,Yes,No,Gastroenteritis,MEDIUM
P3115,44,Male,86,90,38.2,138,77,17,No,Yes,No,Yes,No,No,Influenza,MEDIUM
P3116,54,Female,84,100,36.4,117,76,16,No,No,Yes,No,No,No,Healthy/Minor,LOW
P3117,63,Male,76,100,35.8,161,57,19,No,No,No,No,No,No,Cardiac,LOW
P3118,64,Male,78,95,37.6,109,88,20,Yes,Yes,Yes,Yes,No,No,COVID-19,HIGH
P3119,19,Male,76,99,38.3,158,80,24,Yes,Yes,Yes,No,No,No,COVID-19,HIGH
P3120,81,Female,100,96,36.8,123,94,28,No,No,Yes,No,No,No,Gastroenteritis,MEDIUM
P3121,63,Male,111,91,37.7,145,82,16,Yes,No,Yes,Yes,No,Yes,COVID-19,HIGH
P3122,90,Female,91,92,36.8,172,102,17,No,Yes,No,No,No,No,Cardiac,MEDIUM
P3123,52,Female,75,94,36.8,133,75,11,No,No,Yes,No,No,No,Gastroenteritis,LOW
P3124,62,Female,78,94,38.2,97,82,18,Yes,Yes,Yes,No,No,No,Pneumonia,HIGH
P3125,50,Female,78,97,36.1,109,82,16,No,No,No,No,No,No,Healthy/Minor,LOW
P3126,82,Male,81,89,37.9,145,92,21,Yes,Yes,Yes,Yes,No,Yes,COVID-19,CRITICAL
P3127,78,Male,87,91,36.9,147,89,26,No,Yes,No,Yes,No,No,Asthma,HIGH
P3128,84,Female,87,98,36.2,137,91,20,No,No,Yes,No,No,No,Gastroenteritis,LOW
P3129,54,Male,81,96,36.2,133,87,18,No,No,No,No,Yes,No,Cardiac,MEDIUM
P3130,75,Male,85,89,36.6,112,82,23,No,Yes,Yes,No,No,No,Asthma,MEDIUM
P3131,44,Male,84,97,36.8,156,92,16,No,No,No,No,No,No,Cardiac,LOW
P3132,51,Female,74,100,37.9,119,63,15,Yes,Yes,No,No,No,Yes,Viral Infection,MEDIUM
P3133,73,Female,75,95,37.6,147,78,18,Yes,Yes,Yes,Yes,No,No,Viral Infection,HIGH
P3134,23,Male,88,99,37.6,142,94,19,Yes,Yes,No,No,No,Yes,Viral Infection,MEDIUM
P3135,69,Female,64,95,37.7,115,76,15,No,Yes,Yes,Yes,No,Yes,Pneumonia,HIGH
P3136,19,Female,105,100,36.9,122,77,23,No,Yes,No,Yes,No,No,Asthma,MEDIUM
P3137,60,Female,88,93,37.7,133,95,18,Yes,No,Yes,Yes,No,No,COPD,HIGH
P3138,52,Female,93,95,36.9,121,79,20,Yes,Yes,Yes,Yes,No,No,Influenza,HIGH
P3139,52,Female,88,95,37.4,140,72,10,No,No,No,No,No,No,Migraine,LOW
P3140,54,Male,76,95,37.8,116,93,20,No,Yes,Yes,No,No,Yes,COVID-19,MEDIUM
P3141,53,Female,73,94,38.4,127,77,23,Yes,Yes,Yes,Yes,No,No,COVID-19,HIGH
P3142,47,Male,72,96,38.4,117,77,24,Yes,No,Yes,No,Yes,No,Pneumonia,HIGH
P3143,50,Male,82,92,37.6,162,60,17,No,No,No,No,No,No,COVID-19,LOW
P3144,59,Female,95,94,38.3,118,80,24,Yes,Yes,No,No,No,Yes,COVID-19,HIGH
P3145,73,Female,81,97,36.2,153,95,24,No,No,Yes,No,No,No,Cardiac,MEDIUM
P3146,58,Male,95,100,36.9,163,81,15,No,No,No,No,Yes,No,Cardiac,LOW
P3147,64,Female,56,98,38.1,116,70,22,No,Yes,Yes,No,No,No,Pneumonia,MEDIUM
P3148,79,Male,83,95,37.9,139,80,15,Yes,Yes,No,Yes,No,No,Pneumonia,HIGH
P3149,90,Male,97,98,37.8,127,81,15,Yes,Yes,Yes,No,No,Yes,Viral Infection,HIGH
P3150,25,Male,83,92,38.1,88,75,23,Yes,Yes,Yes,No,No,No,Influenza,HIGH
P3151,70,Female,76,91,37.5,121,78,28,Yes,Yes,No,Yes,No,No,COPD,CRITICAL
P3152,34,Male,76,89,36.4,111,95,19,No,Yes,No,No,No,No,COPD,LOW
P3153,32,Male,47,97,36.9,118,85,29,No,No,No,Yes,Yes,No,Cardiac,CRITICAL
P3154,75,Female,67,100,38.3,131,67,20,Yes,Yes,Yes,No,No,No,Viral Infection,HIGH
P3155,23,Male,100,100,36.7,126,83,11,No,No,No,No,Yes,No,Cardiac,LOW
P3156,79,Female,73,96,37.4,118,85,25,No,No,Yes,No,No,Yes,Healthy/Minor,MEDIUM
P3157,74,Male,74,96,38.0,141,96,13,No,Yes,Yes,No,No,Yes,Viral Infection,MEDIUM
P3158,90,Male,59,91,37.8,162,85,25,Yes,Yes,Yes,Yes,Yes,No,Pneumonia,CRITICAL
P3159,66,Female,65,85,37.5,153,81,20,Yes,No,Yes,Yes,No,No,Pneumonia,CRITICAL
P3160,81,Male,104,87,38.0,134,104,18,Yes,No,No,No,No,No,COVID-19,HIGH
P3161,26,Male,93,95,37.9,134,67,26,No,No,No,No,No,No,COVID-19,LOW
P3162,82,Male,71,86,37.1,128,94,23,No,Yes,No,Yes,No,Yes,COPD,HIGH
P3163,29,Male,77,93,37.6,115,79,30,Yes,Yes,No,Yes,No,No,Pneumonia,HIGH
P3164,40,Male,85,90,37.6,126,73,17,No,Yes,No,Yes,No,No,Pneumonia,MEDIUM
P3165,27,Male,69,91,38.1,115,72,15,Yes,Yes,No,Yes,No,No,COVID-19,HIGH
P3166,47,Female,52,98,37.4,103,93,15,No,No,Yes,No,No,No,Gastroenteritis,LOW
P3167,72,Male,78,98,37.1,148,88,32,No,No,Yes,Yes,No,No,Gastroenteritis,HIGH
P3168,37,Male,85,100,37.6,107,84,21,No,No,No,No,Yes,No,Healthy/Minor,MEDIUM
P3169,78,Male,95,89,38.1,129,94,26,Yes,Yes,Yes,Yes,No,No,Pneumonia,CRITICAL
P3170,62,Female,98,94,38.4,147,85,25,Yes,No,Yes,No,No,Yes,COVID-19,HIGH
P3171,63,Female,59,94,37.1,139,72,15,No,No,No,No,No,No,Healthy/Minor,LOW
P3172,86,Female,82,96,37.5,144,71,31,No,No,No,No,No,No,Gastroenteritis,MEDIUM
P3173,49,Male,83,100,37.4,107,99,19,No,No,No,No,No,No,Cardiac,LOW
P3174,43,Female,84,91,36.3,103,81,24,Yes,Yes,No,Yes,No,No,COPD,HIGH
P3175,90,Male,86,95,38.3,149,88,28,Yes,Yes,Yes,Yes,No,No,Influenza,CRITICAL
P3176,58,Female,70,100,38.0,138,99,11,No,Yes,Yes,No,No,No,Viral Infection,MEDIUM
P3177,62,Male,48,99,36.7,140,75,13,No,No,No,No,No,No,Cardiac,MEDIUM
P3178,39,Male,101,97,36.0,118,57,16,No,No,No,No,No,No,Cardiac,LOW
P3179,33,Female,89,90,36.1,112,60,26,No,Yes,Yes,Yes,No,No,COPD,HIGH
P3180,30,Male,66,89,37.7,123,73,16,Yes,No,No,Yes,Yes,No,COVID-19,HIGH
P3181,34,Male,91,90,37.2,100,79,22,Yes,Yes,Yes,Yes,No,No,Pneumonia,HIGH
P3182,32,Male,72,100,36.6,121,92,16,No,No,No,No,No,No,Migraine,LOW
P3183,72,Female,82,93,37.4,112,92,17,No,Yes,No,Yes,No,No,COPD,HIGH
P3184,22,Female,75,90,37.6,103,52,20,Yes,Yes,No,Yes,No,Yes,Influenza,HIGH
P3185,63,Female,93,94,38.2,133,110,24,Yes,Yes,Yes,No,No,Yes,COVID-19,HIGH
P3186,87,Female,71,91,36.3,150,82,12,No,No,Yes,Yes,No,No,Healthy/Minor,HIGH
P3187,73,Male,73,88,38.0,140,96,30,Yes,Yes,Yes,Yes,No,No,COVID-19,CRITICAL
P3188,47,Male,100,94,37.3,105,85,24,No,Yes,No,No,No,Yes,Asthma,MEDIUM
P3189,22,Male,84,97,36.2,96,82,19,No,No,No,No,No,Yes,Cardiac,LOW
P3190,78,Male,79,90,37.6,137,82,19,No,No,Yes,No,No,No,Viral Infection,MEDIUM
P3191,18,Male,87,100,36.2,90,67,12,No,No,No,No,No,No,Gastroenteritis,LOW
P3192,67,Male,71,95,38.1,147,70,16,Yes,No,No,No,No,No,Viral Infection,MEDIUM
P3193,66,Male,81,88,38.0,114,81,26,Yes,Yes,No,Yes,Yes,No,Influenza,CRITICAL
P3194,32,Female,82,98,36.8,156,64,14,No,No,Yes,No,No,No,Healthy/Minor,LOW
P3195,72,Male,60,95,37.8,119,100,20,Yes,No,No,No,Yes,No,Viral Infection,MEDIUM
P3196,30,Female,88,93,36.9,127,79,18,No,Yes,Yes,Yes,No,No,COPD,HIGH
P3197,34,Male,76,97,37.0,114,103,19,No,No,No,No,No,No,Cardiac,LOW
P3198,77,Female,99,92,37.7,134,80,26,No,No,No,Yes,No,No,Pneumonia,HIGH
P3199,89,Female,96,94,36.8,145,81,17,No,No,Yes,Yes,No,No,Asthma,HIGH
P3200,37,Female,90,90,37.9,134,84,22,No,No,Yes,Yes,No,No,Pneumonia,MEDIUM
P3201,85,Male,68,89,37.8,157,84,17,Yes,No,Yes,Yes,No,No,Influenza,CRITICAL
P3202,84,Male,80,98,37.7,151,96,11,No,No,No,No,No,No,Healthy/Minor,LOW
P3203,74,Female,72,89,37.7,152,99,21,No,Yes,Yes,No,Yes,No,Pneumonia,HIGH
P3204,28,Female,86,98,36.9,116,93,30,No,No,No,No,No,No,Cardiac,LOW
P3205,39,Male,55,92,38.1,130,92,25,Yes,Yes,Yes,No,No,No,COVID-19,HIGH
P3206,67,Female,67,90,38.5,127,91,30,Yes,Yes,Yes,Yes,No,No,COVID-19,CRITICAL
P3207,90,Male,104,90,37.5,158,82,27,No,Yes,Yes,Yes,No,Yes,COVID-19,CRITICAL
P3208,77,Male,92,87,38.5,138,96,25,Yes,Yes,Yes,Yes,No,No,COVID-19,CRITICAL
P3209,48,Male,81,99,36.7,140,90,21,No,No,No,No,Yes,Yes,Cardiac,MEDIUM
P3210,35,Female,66,100,37.9,125,72,14,No,No,No,No,No,Yes,Healthy/Minor,LOW
P3211,88,Female,75,91,37.0,154,82,26,No,Yes,No,Yes,Yes,No,Asthma,CRITICAL
P3212,38,Male,81,100,36.2,107,77,22,No,Yes,No,No,No,No,Healthy/Minor,LOW
P3213,42,Female,74,97,36.7,96,89,20,No,No,Yes,No,No,No,Gastroenteritis,LOW
P3214,88,Female,110,94,37.4,163,92,25,No,No,No,No,Yes,Yes,Cardiac,CRITICAL
P3215,59,Male,83,95,37.9,150,81,23,Yes,Yes,Yes,Yes,No,No,Pneumonia,CRITICAL
P3216,37,Female,86,95,37.9,118,76,30,Yes,No,No,No,No,No,Influenza,MEDIUM
P3217,18,Female,60,98,38.5,133,74,16,Yes,No,Yes,No,No,No,Viral Infection,MEDIUM
P3218,49,Female,81,100,36.6,104,72,27,No,No,No,No,Yes,No,Cardiac,MEDIUM
P3219,89,Male,91,87,36.7,132,95,27,No,Yes,No,Yes,No,No,Asthma,CRITICAL
P3220,49,Female,73,97,37.5,125,69,15,Yes,No,Yes,Yes,No,No,Viral Infection,MEDIUM
P3221,69,Male,81,94,38.7,105,84,19,No,Yes,No,No,No,Yes,COVID-19,MEDIUM
P3222,36,Male,82,100,36.2,96,74,13,No,No,No,No,No,Yes,Migraine,LOW
P3223,74,Female,107,93,38.0,138,92,20,Yes,No,Yes,Yes,Yes,No,COVID-19,CRITICAL
P3224,74,Female,82,98,37.3,126,81,19,Yes,Yes,No,Yes,No,Yes,Healthy/Minor,HIGH
P3225,62,Female,101,92,38.2,124,72,16,Yes,Yes,Yes,Yes,No,No,Pneumonia,HIGH
P3226,74,Female,95,86,37.3,129,94,30,Yes,Yes,Yes,Yes,Yes,No,Influenza,CRITICAL
P3227,60,Female,93,97,36.7,108,73,17,No,Yes,No,No,No,No,Gastroenteritis,LOW
P3228,45,Female,77,95,38.4,119,80,22,Yes,Yes,No,Yes,No,No,Pneumonia,MEDIUM
P3229,71,Male,77,98,36.4,134,96,14,No,No,No,No,No,No,Healthy/Minor,LOW
P3230,78,Female,78,94,35.9,128,78,16,No,No,Yes,No,Yes,No,Gastroenteritis,MEDIUM
P3231,79,Male,95,88,38.4,130,84,14,Yes,No,Yes,Yes,Yes,No,Pneumonia,CRITICAL
P3232,33,Male,95,91,37.5,117,74,29,Yes,No,Yes,Yes,No,No,Pneumonia,CRITICAL
P3233,67,Female,81,94,37.4,145,84,13,No,No,No,No,No,No,Healthy/Minor,LOW
P3234,18,Female,97,93,36.7,124,81,11,No,No,No,No,No,No,Cardiac,LOW
P3235,59,Male,72,97,37.8,98,91,23,Yes,Yes,No,No,No,No,Viral Infection,MEDIUM
P3236,59,Female,97,94,37.9,109,75,24,Yes,Yes,No,Yes,No,No,Influenza,CRITICAL
P3237,44,Female,91,98,36.6,137,91,18,No,No,No,No,No,No,Healthy/Minor,LOW
P3238,90,Male,98,88,36.4,132,103,26,No,No,No,Yes,No,No,COPD,CRITICAL
P3239,82,Female,83,94,36.7,137,88,23,No,No,Yes,No,No,No,Gastroenteritis,LOW
P3240,20,Male,94,92,37.4,151,70,22,Yes,Yes,Yes,No,No,No,COVID-19,HIGH
P3241,33,Female,73,92,38.2,130,78,15,Yes,No,No,Yes,No,No,Influenza,HIGH
P3242,33,Female,81,100,36.7,86,77,20,No,No,No,Yes,No,No,Healthy/Minor,LOW
P3243,83,Female,85,95,36.4,162,103,21,No,No,No,No,No,Yes,Healthy/Minor,MEDIUM
P3244,55,Female,68,100,37.6,129,80,27,Yes,No,No,No,No,Yes,COVID-19,MEDIUM
P3245,71,Female,86,95,36.8,140,97,13,No,No,No,No,No,No,Healthy/Minor,LOW
P3246,77,Female,71,92,37.7,142,86,21,No,Yes,Yes,No,No,No,Pneumonia,MEDIUM
P3247,74,Male,82,90,38.1,150,85,26,No,No,Yes,No,No,No,Pneumonia,HIGH
P3248,24,Male,86,93,38.2,119,74,18,Yes,No,Yes,No,No,Yes,Influenza,MEDIUM
P3249,28,Male,76,98,39.3,96,75,11,Yes,Yes,Yes,Yes,No,No,COVID-19,HIGH
P3250,46,Female,86,96,38.7,128,88,23,Yes,No,Yes,Yes,No,Yes,Influenza,HIGH
P3251,42,Female,86,89,37.2,99,71,26,No,Yes,Yes,Yes,No,Yes,COVID-19,CRITICAL
P3252,72,Male,77,88,37.7,163,93,23,Yes,No,No,Yes,No,No,Influenza,CRITICAL
P3253,29,Male,85,98,36.7,114,92,19,No,No,No,No,No,Yes,Migraine,LOW
P3254,45,Female,68,97,38.2,121,73,19,Yes,Yes,No,No,No,No,Viral Infection,LOW
P3255,35,Female,108,94,36.4,109,90,17,No,No,Yes,No,No,Yes,Gastroenteritis,LOW
P3256,31,Male,84,94,37.7,125,88,23,Yes,Yes,No,No,No,No,Pneumonia,HIGH
P3257,30,Female,63,93,36.2,127,87,23,No,No,No,No,No,No,Migraine,LOW
P3258,32,Female,72,94,37.6,109,72,18,Yes,Yes,Yes,Yes,No,No,Pneumonia,MEDIUM
P3259,59,Female,94,100,36.8,136,80,20,No,No,No,No,No,No,Migraine,LOW
P3260,47,Female,81,100,36.7,130,82,12,No,No,No,No,No,No,Cardiac,LOW
P3261,49,Female,67,93,37.4,123,101,18,Yes,Yes,Yes,No,No,No,COVID-19,MEDIUM
P3262,52,Female,96,98,38.3,113,80,27,Yes,Yes,No,No,No,No,Influenza,MEDIUM
P3263,72,Female,75,96,38.1,171,82,14,Yes,No,No,No,No,Yes,Viral Infection,MEDIUM
P3264,80,Female,89,98,36.1,157,74,18,No,No,Yes,No,Yes,No,Healthy/Minor,MEDIUM
P3265,56,Male,91,96,36.8,139,71,28,No,Yes,Yes,No,No,No,Gastroenteritis,MEDIUM
P3266,64,Male,83,100,36.1,149,75,22,No,No,No,No,No,No,Healthy/Minor,LOW
P3267,71,Male,111,95,37.4,139,87,16,No,No,Yes,No,No,No,Healthy/Minor,LOW
P3268,68,Female,64,95,38.6,127,69,21,Yes,Yes,Yes,Yes,No,No,Pneumonia,HIGH
P3269,27,Male,67,100,36.8,78,71,16,Yes,No,Yes,No,No,No,Migraine,LOW
P3270,89,Female,86,92,37.5,123,68,30,Yes,Yes,Yes,Yes,No,No,COVID-19,CRITICAL
P3271,30,Male,114,95,36.8,155,92,17,No,Yes,No,No,No,No,Asthma,MEDIUM
P3272,48,Male,108,93,38.0,142,81,17,No,Yes,No,Yes,No,No,Pneumonia,MEDIUM
P3273,65,Male,96,96,36.8,134,86,20,No,No,No,No,No,No,Healthy/Minor,LOW
P3274,47,Female,68,100,37.4,98,68,10,No,No,Yes,No,No,Yes,Gastroenteritis,LOW
P3275,35,Male,76,95,38.3,130,90,18,Yes,Yes,Yes,No,No,No,Pneumonia,MEDIUM
P3276,85,Female,78,86,38.3,136,101,24,Yes,No,Yes,No,Yes,Yes,COVID-19,CRITICAL
P3277,23,Female,75,93,37.2,131,79,22,No,Yes,No,No,No,No,Asthma,LOW
P3278,35,Female,97,100,36.3,102,73,11,No,No,No,No,No,No,Migraine,LOW
P3279,90,Male,79,100,36.5,135,93,21,No,No,No,Yes,No,No,Healthy/Minor,MEDIUM
P3280,71,Female,86,93,37.9,148,91,26,Yes,Yes,No,No,No,Yes,COVID-19,HIGH
P3281,24,Female,95,89,36.3,151,87,19,Yes,Yes,No,Yes,No,No,Asthma,HIGH
P3282,73,Male,67,93,37.2,130,95,26,No,No,No,No,Yes,No,Cardiac,HIGH
P3283,88,Male,89,90,38.6,126,96,26,Yes,No,Yes,Yes,No,No,COVID-19,CRITICAL
P3284,25,Female,71,95,37.0,136,71,17,No,Yes,No,Yes,No,Yes,COPD,MEDIUM
P3285,48,Female,81,92,38.1,103,89,29,Yes,Yes,No,Yes,No,No,Influenza,CRITICAL
P3286,52,Male,78,96,37.1,106,76,20,Yes,Yes,No,Yes,No,Yes,Pneumonia,HIGH
P3287,27,Male,77,92,37.4,124,53,23,No,Yes,No,Yes,No,No,Asthma,MEDIUM
P3288,32,Male,81,99,37.5,153,73,15,Yes,No,No,No,No,No,Viral Infection,LOW
P3289,30,Female,88,91,37.8,106,72,25,Yes,No,No,No,No,Yes,COVID-19,MEDIUM
P3290,31,Male,82,93,38.5,114,80,20,Yes,No,Yes,Yes,No,Yes,Pneumonia,HIGH
P3291,47,Male,83,95,37.0,125,88,15,No,No,No,No,No,No,Migraine,LOW
P3292,51,Male,67,100,36.2,117,82,16,No,No,No,No,Yes,No,Healthy/Minor,MEDIUM
P3293,35,Male,94,92,36.3,92,98,20,No,Yes,No,Yes,No,No,Asthma,MEDIUM
P3294,39,Male,82,89,38.3,133,73,27,No,Yes,No,Yes,No,Yes,Influenza,HIGH
P3295,32,Male,72,93,37.0,123,58,11,No,No,Yes,No,No,No,Gastroenteritis,LOW
P3296,76,Female,77,91,36.3,142,87,24,No,Yes,Yes,Yes,No,No,Asthma,CRITICAL
P3297,33,Female,75,97,37.0,118,73,17,No,No,Yes,No,No,No,Gastroenteritis,LOW
P3298,84,Male,113,93,37.2,164,75,23,Yes,No,No,Yes,No,No,COVID-19,CRITICAL
P3299,57,Male,85,93,38.2,120,78,26,Yes,Yes,Yes,Yes,No,No,Influenza,HIGH
P3300,76,Male,73,94,37.5,119,77,17,Yes,Yes,No,Yes,No,Yes,COVID-19,HIGH
P3301,64,Female,91,97,36.8,157,75,20,No,No,Yes,No,No,No,Gastroenteritis,MEDIUM
P3302,37,Male,79,96,37.9,85,93,16,Yes,Yes,Yes,No,No,Yes,COVID-19,MEDIUM
P3303,61,Male,90,91,38.4,127,83,20,Yes,Yes,Yes,Yes,No,No,Pneumonia,CRITICAL
P3304,38,Female,77,89,36.9,119,75,16,No,Yes,No,Yes,No,No,Asthma,MEDIUM
P3305,26,Male,95,96,36.5,118,94,16,No,No,No,No,No,Yes,Migraine,LOW
P3306,36,Male,77,90,38.1,95,75,19,Yes,No,Yes,Yes,No,No,Influenza,HIGH
P3307,38,Male,96,95,37.8,101,66,24,No,No,No,No,No,No,Gastroenteritis,LOW
P3308,27,Male,64,99,37.4,135,65,18,No,No,No,No,No,Yes,Gastroenteritis,LOW
P3309,19,Female,81,93,37.9,142,77,24,Yes,No,No,No,No,Yes,COVID-19,MEDIUM
P3310,86,Female,100,96,36.4,134,70,14,No,No,No,No,Yes,No,Healthy/Minor,LOW
P3311,55,Male,81,99,37.9,112,69,20,No,Yes,Yes,No,No,No,Viral Infection,LOW
P3312,47,Male,115,89,38.2,95,75,29,No,Yes,No,Yes,No,No,COVID-19,HIGH
P3313,85,Male,85,93,37.5,155,97,28,Yes,Yes,Yes,Yes,No,No,Influenza,CRITICAL
P3314,34,Female,88,90,38.2,136,91,16,Yes,Yes,No,Yes,No,No,COVID-19,HIGH
P3315,47,Male,110,92,38.5,78,86,20,Yes,Yes,No,Yes,No,No,Pneumonia,CRITICAL
P3316,79,Male,68,84,37.2,99,85,24,No,Yes,No,Yes,No,No,COPD,HIGH
P3317,64,Female,58,100,37.4,133,77,14,Yes,Yes,Yes,No,No,No,Viral Infection,MEDIUM
P3318,47,Male,68,93,38.9,127,83,28,Yes,Yes,No,No,No,Yes,Viral Infection,MEDIUM
P3319,36,Male,96,90,39.0,112,96,20,Yes,Yes,No,No,No,No,COVID-19,MEDIUM
P3320,20,Male,64,90,37.0,119,79,22,No,No,No,Yes,No,No,Asthma,MEDIUM
P3321,24,Female,93,93,38.5,116,73,19,Yes,Yes,Yes,No,No,No,Influenza,MEDIUM
P3322,29,Female,92,91,36.7,120,76,23,No,Yes,No,Yes,No,No,COPD,MEDIUM
P3323,75,Female,114,93,38.2,121,82,30,Yes,No,No,No,No,No,Influenza,HIGH
P3324,64,Male,93,98,36.6,131,88,18,No,No,No,No,No,No,Healthy/Minor,LOW
P3325,49,Female,83,100,37.3,113,72,16,Yes,Yes,Yes,No,No,No,Viral Infection,MEDIUM
P3326,75,Female,105,92,39.1,124,88,19,Yes,Yes,No,No,No,No,Pneumonia,MEDIUM
P3327,29,Male,85,95,36.2,90,84,22,No,No,Yes,No,No,No,Gastroenteritis,LOW
P3328,33,Male,80,96,36.9,123,85,16,No,No,No,No,No,No,Cardiac,LOW
P3329,46,Male,63,100,38.0,136,68,16,Yes,No,No,No,No,No,Viral Infection,LOW
P3330,84,Female,81,94,37.0,135,84,13,No,Yes,No,Yes,No,No,Asthma,HIGH
P3331,62,Male,86,96,37.9,124,77,21,No,Yes,Yes,No,No,Yes,Pneumonia,MEDIUM
P3332,80,Male,91,98,36.8,164,88,17,No,No,No,No,Yes,No,Cardiac,HIGH
P3333,36,Female,57,95,38.0,136,71,14,Yes,No,Yes,Yes,No,No,Influenza,HIGH
P3334,79,Male,86,96,37.0,171,101,23,No,Yes,Yes,No,Yes,No,Cardiac,CRITICAL
P3335,23,Female,85,94,37.9,156,80,20,Yes,Yes,No,Yes,No,No,Pneumonia,HIGH
P3336,34,Male,85,100,37.1,121,62,26,No,No,Yes,No,No,No,Gastroenteritis,LOW
P3337,56,Male,100,97,37.3,109,68,23,Yes,No,No,No,No,No,Viral Infection,LOW
P3338,21,Female,87,94,38.8,112,90,19,Yes,Yes,No,Yes,No,No,Influenza,HIGH
P3339,80,Female,76,86,37.0,147,83,30,Yes,Yes,Yes,Yes,No,Yes,Asthma,CRITICAL
P3340,81,Male,57,91,36.9,161,81,26,No,No,No,Yes,Yes,No,Migraine,CRITICAL
P3341,57,Female,95,99,37.6,111,92,19,Yes,Yes,Yes,No,No,No,Pneumonia,MEDIUM
P3342,40,Female,75,100,36.3,130,80,12,No,No,No,No,No,No,Cardiac,LOW
P3343,25,Male,89,97,37.2,107,66,10,No,No,Yes,Yes,No,No,Gastroenteritis,MEDIUM
P3344,63,Female,104,94,37.8,128,71,24,Yes,Yes,Yes,Yes,No,Yes,COVID-19,CRITICAL
P3345,57,Male,59,94,38.2,125,87,13,Yes,Yes,No,No,No,Yes,Viral Infection,MEDIUM
P3346,73,Female,95,88,36.2,141,104,26,Yes,Yes,No,Yes,No,No,COPD,CRITICAL
P3347,61,Male,104,94,37.5,168,94,14,Yes,No,Yes,No,Yes,No,Cardiac,MEDIUM
P3348,27,Male,98,93,38.6,128,74,18,Yes,Yes,No,Yes,No,No,Pneumonia,HIGH
P3349,26,Female,58,95,37.9,113,76,19,No,Yes,Yes,Yes,No,Yes,Influenza,HIGH
P3350,75,Female,76,92,38.1,126,85,18,Yes,Yes,Yes,Yes,No,No,Influenza,HIGH
P3351,29,Male,61,100,38.2,117,58,14,Yes,Yes,Yes,No,No,No,Viral Infection,MEDIUM
P3352,86,Female,88,96,37.3,127,87,16,Yes,Yes,No,No,No,No,Viral Infection,MEDIUM
P3353,25,Male,83,91,38.7,122,84,17,No,Yes,No,No,No,No,Viral Infection,LOW
P3354,71,Female,52,96,38.1,95,101,24,Yes,Yes,Yes,No,No,Yes,Pneumonia,HIGH
P3355,89,Female,85,87,36.5,139,98,19,No,Yes,No,Yes,Yes,No,COPD,CRITICAL
P3356,50,Female,88,98,36.3,122,99,22,No,Yes,No,No,No,No,Migraine,LOW
P3357,22,Female,80,98,37.2,101,95,16,No,No,Yes,No,No,No,Gastroenteritis,LOW
P3358,81,Female,90,92,38.3,132,99,31,Yes,Yes,Yes,Yes,No,Yes,Influenza,CRITICAL
P3359,31,Female,73,98,38.1,138,78,18,Yes,Yes,No,No,No,No,Viral Infection,MEDIUM
P3360,56,Female,72,94,37.9,146,84,22,Yes,No,Yes,No,No,No,Pneumonia,HIGH
P3361,89,Male,89,87,37.7,134,70,22,No,Yes,Yes,No,No,Yes,Pneumonia,HIGH
P3362,72,Female,81,100,38.1,143,85,22,Yes,No,Yes,No,No,Yes,Viral Infection,MEDIUM
P3363,21,Female,93,95,36.7,96,84,22,No,Yes,Yes,No,No,No,Asthma,LOW
P3364,77,Male,97,91,37.9,132,82,28,No,Yes,Yes,Yes,No,Yes,COVID-19,CRITICAL
P3365,29,Female,86,97,38.2,124,63,29,No,Yes,No,Yes,No,No,COPD,HIGH
P3366,72,Female,94,92,37.2,159,100,16,No,No,Yes,No,No,No,Healthy/Minor,MEDIUM
P3367,63,Male,81,96,38.3,149,86,25,Yes,No,No,Yes,No,Yes,Influenza,HIGH
P3368,39,Male,59,96,38.0,123,95,20,No,No,No,No,No,No,Migraine,LOW
P3369,48,Male,91,95,38.1,109,87,24,Yes,Yes,No,Yes,No,No,COVID-19,HIGH
P3370,26,Female,87,95,38.0,142,92,20,Yes,Yes,No,Yes,No,No,Influenza,HIGH
P3371,90,Female,95,84,36.5,137,99,22,Yes,Yes,No,Yes,No,No,Asthma,CRITICAL
P3372,35,Female,69,87,36.9,127,71,19,No,Yes,No,Yes,No,No,COPD,MEDIUM
P3373,40,Female,108,98,37.0,118,73,19,Yes,Yes,Yes,Yes,No,No,Pneumonia,HIGH
P3374,54,Male,95,93,37.2,158,76,18,No,Yes,No,Yes,No,Yes,Asthma,HIGH
P3375,67,Female,84,100,36.2,128,77,19,Yes,No,No,No,No,No,Cardiac,MEDIUM
P3376,54,Male,74,100,37.2,147,102,14,Yes,No,No,Yes,No,No,Cardiac,MEDIUM
P3377,54,Male,92,97,36.8,125,81,19,No,No,No,No,No,No,Gastroenteritis,LOW
P3378,60,Male,65,97,38.0,138,86,17,Yes,Yes,Yes,No,No,Yes,Viral Infection,MEDIUM
P3379,80,Female,117,96,36.8,164,72,25,No,Yes,No,Yes,Yes,Yes,Asthma,CRITICAL
P3380,46,Male,77,99,37.4,91,87,21,No,Yes,No,Yes,No,Yes,Asthma,HIGH
P3381,78,Male,110,88,37.3,136,81,24,No,Yes,No,Yes,No,No,COPD,HIGH
P3382,75,Male,86,100,36.8,127,101,18,No,No,Yes,No,Yes,No,Cardiac,MEDIUM
P3383,88,Male,109,94,37.5,149,80,28,Yes,Yes,Yes,Yes,No,Yes,Influenza,CRITICAL
P3384,84,Female,79,94,38.3,151,99,22,Yes,Yes,Yes,Yes,No,No,COVID-19,CRITICAL
P3385,76,Female,88,91,37.5,129,94,26,No,Yes,Yes,Yes,No,Yes,Pneumonia,CRITICAL
P3386,36,Female,95,92,37.2,112,73,16,Yes,No,No,No,No,No,COVID-19,MEDIUM
P3387,74,Female,89,93,37.0,139,98,22,Yes,No,No,No,No,No,Healthy/Minor,MEDIUM
P3388,71,Female,102,92,37.3,120,99,16,No,No,No,No,No,No,Cardiac,MEDIUM
P3389,39,Female,79,99,36.6,125,83,18,Yes,Yes,Yes,Yes,No,No,Asthma,HIGH
P3390,67,Male,89,96,37.3,125,77,14,No,No,No,No,No,No,Cardiac,LOW
P3391,36,Female,94,95,36.6,132,86,12,No,No,Yes,No,Yes,Yes,Gastroenteritis,MEDIUM
P3392,56,Female,76,96,37.4,106,82,20,No,Yes,Yes,Yes,No,No,Asthma,HIGH
P3393,76,Female,95,90,37.3,127,85,31,No,No,No,Yes,No,No,Asthma,HIGH
P3394,31,Male,75,96,36.7,108,79,14,No,No,No,No,No,No,Gastroenteritis,LOW
P3395,42,Male,88,99,37.7,116,78,12,Yes,Yes,No,Yes,No,No,Influenza,MEDIUM
P3396,76,Female,89,85,36.1,158,76,26,No,No,No,Yes,No,No,COPD,HIGH
P3397,51,Female,75,92,37.2,138,65,17,No,Yes,No,Yes,No,No,COPD,MEDIUM
P3398,88,Male,78,94,36.6,134,69,23,Yes,No,No,No,Yes,Yes,Migraine,HIGH
P3399,18,Female,80,96,37.0,112,81,15,No,No,No,No,No,No,Healthy/Minor,LOW
P3400,70,Male,79,91,37.1,148,59,18,Yes,No,Yes,No,No,No,Migraine,HIGH
P3401,77,Female,108,89,36.9,118,92,29,No,No,No,Yes,No,No,COPD,HIGH
P3402,85,Male,102,89,37.8,141,91,27,Yes,Yes,Yes,Yes,No,No,Pneumonia,CRITICAL
P3403,29,Male,90,100,37.2,116,79,11,No,No,No,No,No,No,Cardiac,LOW
P3404,89,Female,72,95,37.8,139,97,14,Yes,Yes,No,No,No,No,Viral Infection,MEDIUM
P3405,46,Female,67,97,36.4,136,76,10,Yes,No,No,No,No,No,Healthy/Minor,LOW
P3406,43,Male,104,96,37.8,111,83,29,Yes,Yes,Yes,No,No,Yes,Viral Infection,HIGH
P3407,43,Male,72,98,38.5,137,59,18,Yes,No,No,Yes,No,No,Pneumonia,MEDIUM
P3408,64,Female,81,100,37.5,166,60,22,No,Yes,Yes,No,No,No,Gastroenteritis,LOW
P3409,66,Male,84,94,37.9,141,80,17,Yes,No,Yes,No,No,No,Viral Infection,MEDIUM
P3410,52,Female,74,94,36.5,124,84,12,No,No,Yes,No,No,No,Gastroenteritis,LOW
P3411,23,Female,65,93,37.3,139,88,17,No,No,No,No,No,No,Gastroenteritis,LOW
P3412,90,Female,79,92,36.0,125,85,23,No,Yes,No,Yes,No,No,COPD,CRITICAL
P3413,34,Male,79,100,36.9,150,84,21,No,No,No,No,No,No,Cardiac,LOW
P3414,24,Male,76,96,37.9,108,86,26,Yes,Yes,Yes,No,No,No,COVID-19,HIGH
P3415,61,Female,103,93,38.8,164,81,19,Yes,Yes,Yes,Yes,No,No,Influenza,CRITICAL
P3416,48,Male,78,100,38.5,112,85,11,Yes,Yes,Yes,No,No,No,Viral Infection,MEDIUM
P3417,62,Female,72,100,36.4,140,71,12,No,No,No,No,No,No,Healthy/Minor,LOW
P3418,81,Male,82,95,38.0,113,69,10,Yes,Yes,Yes,No,No,Yes,Viral Infection,MEDIUM
P3419,25,Female,94,92,37.6,117,73,21,Yes,Yes,Yes,Yes,No,Yes,COVID-19,CRITICAL
P3420,38,Male,81,91,37.8,103,86,22,Yes,Yes,No,Yes,No,No,Influenza,HIGH
P3421,55,Female,97,95,38.5,104,74,17,Yes,No,No,No,No,Yes,COVID-19,MEDIUM
P3422,75,Female,64,97,37.7,155,91,13,Yes,No,No,No,No,Yes,Viral Infection,MEDIUM
P3423,61,Male,94,97,36.9,110,72,17,No,No,No,No,No,Yes,Gastroenteritis,LOW
P3424,45,Male,78,97,37.2,110,73,14,No,No,No,No,No,No,Healthy/Minor,LOW
P3425,62,Male,86,93,38.6,116,84,21,Yes,Yes,No,Yes,No,No,COVID-19,HIGH
P3426,89,Male,80,91,36.9,160,80,22,No,Yes,No,Yes,Yes,No,COPD,CRITICAL
P3427,53,Male,62,94,36.9,142,75,18,No,No,No,No,No,No,Migraine,LOW
P3428,82,Male,67,88,37.4,159,59,21,Yes,Yes,Yes,No,No,Yes,Pneumonia,CRITICAL
P3429,74,Female,70,92,37.5,123,93,17,No,No,No,No,No,No,Healthy/Minor,LOW
P3430,39,Female,94,98,37.0,148,81,10,No,No,No,No,Yes,No,Cardiac,MEDIUM
P3431,36,Male,73,94,38.0,107,69,22,Yes,Yes,Yes,Yes,No,Yes,Influenza,CRITICAL
P3432,74,Male,67,88,38.2,123,102,24,Yes,Yes,Yes,Yes,No,Yes,Influenza,CRITICAL
P3433,33,Male,66,100,38.1,109,70,16,No,Yes,Yes,No,No,No,Viral Infection,LOW
P3434,42,Female,81,100,37.1,116,77,26,No,No,No,No,No,Yes,Cardiac,LOW
P3435,35,Male,74,99,37.2,119,68,18,No,No,Yes,No,No,No,Migraine,LOW
P3436,62,Male,78,100,37.5,116,93,16,No,No,No,Yes,No,No,Migraine,MEDIUM
P3437,39,Male,98,91,36.9,124,92,24,No,Yes,No,Yes,No,No,Asthma,HIGH
P3438,66,Female,96,93,37.6,90,96,29,No,No,No,No,No,Yes,Migraine,MEDIUM
P3439,86,Male,108,97,37.3,144,100,20,No,Yes,No,No,No,No,Healthy/Minor,MEDIUM
P3440,78,Female,67,91,37.9,120,79,14,No,Yes,Yes,Yes,Yes,Yes,Pneumonia,CRITICAL
P3441,87,Male,71,93,36.0,130,103,21,No,No,No,No,Yes,No,Migraine,MEDIUM
P3442,19,Male,94,97,37.9,110,76,18,No,Yes,Yes,Yes,No,No,COVID-19,HIGH
P3443,51,Male,79,94,38.6,140,65,13,Yes,No,Yes,Yes,No,Yes,COVID-19,HIGH
P3444,34,Male,96,95,36.5,128,74,30,Yes,No,No,Yes,No,No,Asthma,CRITICAL
P3445,85,Female,84,94,37.9,138,89,26,Yes,No,Yes,No,Yes,No,Viral Infection,HIGH
P3446,69,Male,107,96,38.3,122,77,20,Yes,Yes,Yes,No,No,Yes,Influenza,HIGH
P3447,41,Male,99,93,37.2,133,80,18,No,No,No,No,No,No,Asthma,LOW
P3448,59,Male,93,100,36.6,157,87,18,Yes,Yes,No,No,No,No,Gastroenteritis,MEDIUM
P3449,62,Female,81,92,37.5,129,86,18,Yes,Yes,Yes,Yes,No,No,Influenza,CRITICAL
P3450,54,Male,77,98,37.1,101,87,16,No,No,No,No,No,Yes,Migraine,LOW
P3451,52,Female,74,100,36.5,114,78,14,No,No,No,No,No,No,Healthy/Minor,LOW
P3452,22,Female,65,99,37.1,129,71,20,Yes,Yes,No,Yes,No,No,Influenza,HIGH
P3453,51,Female,104,92,38.7,118,65,16,Yes,No,No,Yes,No,No,Pneumonia,HIGH
P3454,43,Female,88,99,37.2,108,78,21,No,No,Yes,No,Yes,No,Healthy/Minor,MEDIUM
P3455,77,Female,83,93,39.0,122,79,29,Yes,Yes,Yes,Yes,No,No,Pneumonia,CRITICAL
P3456,81,Male,105,87,38.6,140,84,24,Yes,No,No,Yes,No,No,Influenza,CRITICAL
P3457,72,Female,72,89,37.4,110,63,19,No,No,No,No,No,No,Healthy/Minor,LOW
P3458,20,Female,54,95,38.4,119,63,20,Yes,No,Yes,No,No,Yes,Viral Infection,MEDIUM
P3459,79,Male,94,98,36.7,139,90,19,No,No,No,No,No,No,Gastroenteritis,LOW
P3460,46,Male,68,96,37.0,116,63,30,No,Yes,No,Yes,No,No,COPD,MEDIUM
P3461,48,Female,75,95,37.7,107,78,11,Yes,Yes,No,No,No,No,Viral Infection,LOW
P3462,86,Female,84,92,36.3,157,78,23,No,Yes,No,No,No,No,Gastroenteritis,MEDIUM
P3463,81,Female,86,100,37.0,117,76,18,No,No,No,No,No,No,Gastroenteritis,LOW
P3464,21,Male,89,96,38.8,123,79,12,Yes,Yes,Yes,No,No,Yes,Viral Infection,MEDIUM
P3465,44,Male,86,97,36.2,133,79,27,No,No,No,No,No,No,Gastroenteritis,LOW
P3466,72,Female,94,93,36.3,137,89,35,No,Yes,No,No,No,No,COPD,HIGH
P3467,57,Male,75,97,38.5,147,70,21,No,Yes,No,Yes,No,No,COVID-19,HIGH
P3468,36,Female,89,94,36.6,102,69,24,No,Yes,No,Yes,No,No,COPD,HIGH
P3469,56,Female,66,87,37.0,115,92,20,No,Yes,No,Yes,No,No,COPD,HIGH
P3470,81,Male,108,87,38.3,131,83,23,Yes,No,Yes,Yes,No,Yes,COVID-19,CRITICAL
P3471,34,Female,67,97,37.3,173,82,17,No,No,No,No,No,No,Asthma,LOW
P3472,72,Male,76,96,37.6,143,79,13,Yes,Yes,No,No,No,No,Viral Infection,MEDIUM
P3473,71,Male,70,89,37.4,145,88,32,No,No,No,No,No,No,Asthma,HIGH
P3474,82,Male,79,90,38.5,149,61,24,Yes,Yes,Yes,Yes,No,No,Influenza,CRITICAL
P3475,39,Female,85,97,37.9,121,90,22,Yes,Yes,No,Yes,No,No,COVID-19,HIGH
P3476,33,Female,78,98,37.9,137,73,18,No,Yes,No,No,No,No,Pneumonia,LOW
P3477,57,Male,94,98,37.0,98,69,18,No,No,No,No,No,No,Migraine,LOW
P3478,56,Female,89,92,36.7,132,70,15,No,Yes,No,Yes,No,Yes,Asthma,HIGH
P3479,47,Female,79,93,37.2,130,77,19,No,Yes,No,Yes,No,Yes,COVID-19,MEDIUM
P3480,74,Female,79,99,38.2,152,83,14,Yes,Yes,Yes,No,No,Yes,Viral Infection,HIGH
P3481,76,Female,103,95,38.2,118,86,30,Yes,Yes,Yes,Yes,No,Yes,Influenza,CRITICAL
P3482,35,Female,97,94,36.9,103,66,15,No,Yes,No,No,No,No,Pneumonia,LOW
P3483,76,Female,66,94,38.1,120,93,14,Yes,No,No,No,No,Yes,Viral Infection,LOW
P3484,34,Female,76,95,37.6,128,73,13,No,Yes,No,No,No,No,COPD,LOW
P3485,47,Male,84,100,36.6,132,74,13,No,No,No,No,No,No,Migraine,LOW
P3486,19,Male,83,94,37.9,105,76,15,No,Yes,No,No,No,No,Viral Infection,LOW
P3487,42,Male,64,97,36.7,152,85,21,No,No,No,No,No,No,Healthy/Minor,LOW
P3488,87,Female,98,94,38.6,146,86,23,Yes,Yes,Yes,Yes,No,No,Influenza,CRITICAL
P3489,50,Female,66,98,37.3,126,74,15,No,No,No,No,No,Yes,Migraine,LOW
P3490,69,Female,97,94,36.4,130,80,20,No,No,Yes,No,No,No,Gastroenteritis,LOW
P3491,25,Male,92,94,38.4,135,90,20,Yes,Yes,Yes,Yes,No,No,Pneumonia,HIGH
P3492,64,Male,65,99,37.8,137,93,28,No,No,No,No,No,No,Healthy/Minor,LOW
P3493,45,Male,78,90,36.5,152,83,19,No,Yes,No,Yes,No,No,Asthma,MEDIUM
P3494,72,Female,73,96,37.9,115,85,21,No,No,Yes,No,No,No,Viral Infection,LOW
P3495,85,Male,92,97,37.0,122,113,23,No,No,No,No,Yes,No,Cardiac,HIGH
P3496,56,Male,83,90,36.5,115,86,19,No,No,Yes,Yes,No,No,COPD,HIGH
P3497,25,Female,70,91,38.7,129,80,23,Yes,Yes,No,Yes,No,No,Pneumonia,CRITICAL
P3498,52,Male,60,96,37.7,119,78,15,Yes,Yes,No,No,No,Yes,Viral Infection,LOW
P3499,26,Female,92,89,36.2,140,82,23,No,No,No,Yes,No,No,COPD,MEDIUM
P3500,50,Female,89,96,37.7,118,49,22,Yes,Yes,No,Yes,No,Yes,Influenza,HIGH
P3501,22,Male,86,91,38.2,137,88,21,Yes,No,No,Yes,No,No,Influenza,MEDIUM
P3502,64,Male,83,99,36.7,118,70,12,No,No,No,No,No,Yes,Migraine,LOW
P3503,40,Male,77,92,38.0,139,71,30,Yes,Yes,No,No,No,No,Pneumonia,HIGH
P3504,32,Male,88,96,37.1,148,68,20,No,No,Yes,No,Yes,No,Cardiac,MEDIUM
P3505,19,Male,111,100,36.3,111,71,10,Yes,No,No,No,No,No,Gastroenteritis,LOW
P3506,82,Male,103,91,37.6,147,82,22,No,Yes,Yes,No,No,Yes,COVID-19,MEDIUM
P3507,79,Male,85,94,37.0,148,98,12,No,No,No,No,Yes,No,Cardiac,MEDIUM
P3508,77,Female,81,89,38.2,145,98,27,Yes,Yes,Yes,Yes,No,Yes,Pneumonia,CRITICAL
P3509,22,Male,45,99,36.9,141,97,17,No,No,No,No,No,No,Healthy/Minor,LOW
P3510,43,Female,92,100,38.3,137,80,17,Yes,No,No,No,No,Yes,Viral Infection,LOW
P3511,88,Female,99,95,37.8,150,84,20,Yes,Yes,Yes,Yes,No,Yes,COVID-19,CRITICAL
P3512,60,Male,79,91,37.1,140,89,21,No,Yes,No,Yes,No,No,COPD,HIGH
P3513,27,Female,66,91,37.0,100,69,26,No,Yes,No,Yes,No,No,COPD,HIGH
P3514,28,Male,63,98,36.6,119,68,22,No,No,No,No,No,No,Healthy/Minor,LOW
P3515,37,Female,91,94,38.1,102,74,26,Yes,No,No,Yes,No,No,COVID-19,HIGH
P3516,88,Male,89,93,36.6,147,90,12,Yes,No,No,No,Yes,No,Cardiac,HIGH
P3517,30,Female,87,100,37.3,138,57,16,No,No,Yes,No,No,No,Healthy/Minor,LOW
P3518,83,Female,89,91,38.1,139,96,25,Yes,Yes,Yes,Yes,No,No,Pneumonia,CRITICAL
P3519,67,Female,99,90,37.9,92,85,21,No,Yes,No,Yes,No,No,COPD,MEDIUM
P3520,85,Male,93,92,37.7,124,94,17,Yes,Yes,No,Yes,Yes,Yes,Influenza,CRITICAL
P3521,78,Female,100,97,36.7,152,73,13,No,No,No,No,No,No,Cardiac,MEDIUM
P3522,42,Female,58,91,37.6,112,72,29,No,No,Yes,Yes,No,No,COVID-19,HIGH
P3523,78,Female,65,95,36.3,150,78,14,No,No,No,No,No,No,Healthy/Minor,MEDIUM
P3524,30,Female,80,100,36.6,101,76,22,No,Yes,No,No,Yes,No,Asthma,MEDIUM
P3525,39,Male,99,98,38.2,126,78,21,No,Yes,No,No,No,No,Influenza,LOW
P3526,33,Male,102,98,38.5,127,87,16,No,Yes,Yes,No,No,Yes,Viral Infection,LOW
P3527,27,Female,76,97,38.0,133,79,16,Yes,Yes,Yes,No,No,No,Viral Infection,LOW
P3528,24,Female,70,92,36.7,110,71,21,No,No,No,No,No,No,Gastroenteritis,LOW
P3529,31,Female,53,97,36.6,132,100,17,No,No,No,No,No,No,Migraine,LOW
P3530,26,Female,96,93,37.8,144,75,19,No,Yes,No,Yes,No,No,Pneumonia,MEDIUM
P3531,45,Female,79,97,36.5,92,74,17,No,Yes,No,No,Yes,No,Cardiac,LOW
P3532,23,Female,123,93,37.3,121,59,16,No,Yes,Yes,Yes,No,Yes,Influenza,HIGH
P3533,22,Male,75,95,38.5,91,79,24,Yes,Yes,Yes,Yes,No,No,Pneumonia,HIGH
P3534,90,Male,109,93,37.6,129,94,16,No,Yes,No,No,No,No,Healthy/Minor,MEDIUM
P3535,24,Male,88,99,35.9,108,67,14,No,No,No,No,No,No,Migraine,LOW
P3536,23,Female,72,93,38.0,119,84,24,Yes,Yes,No,Yes,No,No,Pneumonia,HIGH
P3537,20,Female,88,91,38.0,126,79,20,Yes,Yes,No,Yes,No,No,Influenza,HIGH
P3538,27,Female,88,100,36.9,134,60,15,No,No,No,No,No,No,Healthy/Minor,LOW
P3539,56,Male,83,96,37.6,131,87,27,Yes,Yes,Yes,Yes,No,No,Influenza,CRITICAL
P3540,78,Female,99,89,38.4,148,82,20,Yes,Yes,No,Yes,No,No,Pneumonia,CRITICAL
P3541,71,Female,98,92,38.1,117,72,26,Yes,Yes,Yes,Yes,No,No,Pneumonia,HIGH
P3542,60,Female,94,90,38.4,146,91,26,Yes,Yes,No,No,No,No,Influenza,HIGH
P3543,24,Male,85,92,37.6,75,87,27,Yes,Yes,No,Yes,No,No,COVID-19,CRITICAL
P3544,74,Male,65,99,36.5,160,73,29,No,No,No,No,No,No,Healthy/Minor,MEDIUM
P3545,20,Male,84,94,38.1,142,81,19,Yes,Yes,Yes,Yes,No,No,COVID-19,HIGH
P3546,64,Female,89,92,36.7,143,84,18,No,Yes,No,No,No,No,COPD,MEDIUM
P3547,47,Female,54,100,37.3,159,79,21,No,No,No,No,No,Yes,Migraine,LOW
P3548,82,Female,90,91,35.8,110,80,28,No,Yes,No,Yes,No,Yes,COPD,CRITICAL
P3549,40,Male,77,97,36.6,132,77,13,No,Yes,No,No,No,No,Migraine,LOW
P3550,64,Male,63,100,36.5,133,92,19,No,No,Yes,No,No,No,Gastroenteritis,LOW
P3551,50,Female,82,93,37.0,134,88,29,No,No,No,No,No,No,Cardiac,MEDIUM
P3552,56,Male,83,96,36.9,115,66,17,No,No,No,No,Yes,No,Cardiac,LOW
P3553,86,Female,107,95,37.0,147,65,23,No,No,Yes,Yes,No,No,Migraine,MEDIUM
P3554,70,Male,83,97,37.1,139,65,26,No,No,Yes,No,No,No,Gastroenteritis,MEDIUM
P3555,48,Female,91,97,37.4,113,66,28,No,No,No,No,No,Yes,Migraine,LOW
P3556,50,Female,83,89,37.8,123,72,23,Yes,Yes,No,Yes,No,No,Pneumonia,HIGH
P3557,69,Female,56,90,37.7,112,79,25,No,No,Yes,No,No,No,Gastroenteritis,MEDIUM
P3558,43,Male,87,98,37.7,115,78,13,No,No,No,No,No,No,Migraine,LOW
P3559,30,Female,76,92,37.8,135,78,22,Yes,No,No,No,No,No,COVID-19,MEDIUM
P3560,52,Female,74,95,37.8,141,80,15,Yes,Yes,Yes,No,No,Yes,Viral Infection,MEDIUM
P3561,22,Female,71,90,37.8,132,89,14,Yes,Yes,No,Yes,No,Yes,COVID-19,HIGH
P3562,30,Male,86,94,38.1,135,61,15,Yes,Yes,No,Yes,No,No,Pneumonia,HIGH
P3563,48,Female,92,100,37.5,139,83,19,Yes,Yes,Yes,No,No,No,Viral Infection,HIGH
P3564,76,Male,100,91,37.5,126,88,26,Yes,Yes,Yes,Yes,No,No,Pneumonia,CRITICAL
P3565,75,Male,108,95,35.8,141,72,19,No,No,No,Yes,Yes,No,Asthma,CRITICAL
P3566,37,Female,107,92,37.7,137,83,29,Yes,Yes,No,Yes,No,Yes,COVID-19,CRITICAL
P3567,48,Female,51,99,38.4,102,83,12,No,Yes,No,No,No,No,Viral Infection,LOW
P3568,29,Male,69,97,36.7,98,78,23,No,No,No,Yes,No,No,Asthma,MEDIUM
P3569,73,Male,57,95,36.8,112,60,17,No,No,Yes,No,No,No,Gastroenteritis,MEDIUM
P3570,35,Female,86,98,36.9,91,88,17,No,No,No,No,No,Yes,Migraine,LOW
P3571,76,Female,80,94,36.3,125,91,23,No,No,Yes,Yes,Yes,No,Cardiac,HIGH
P3572,79,Male,75,97,36.8,129,89,22,No,No,No,No,Yes,Yes,Healthy/Minor,MEDIUM
P3573,68,Female,77,98,38.6,157,49,22,Yes,Yes,Yes,No,No,Yes,Viral Infection,HIGH
P3574,42,Female,90,94,36.9,114,73,25,Yes,No,No,Yes,No,Yes,Asthma,HIGH
P3575,87,Female,62,95,37.2,117,72,13,No,No,No,No,No,No,Healthy/Minor,LOW
P3576,68,Male,70,85,37.4,135,96,29,No,Yes,No,Yes,No,No,COPD,HIGH
P3577,65,Female,87,93,38.2,128,71,17,Yes,Yes,Yes,Yes,No,Yes,Influenza,CRITICAL
P3578,80,Female,104,90,37.6,125,100,24,Yes,Yes,Yes,Yes,No,No,Pneumonia,CRITICAL
P3579,82,Female,89,96,36.6,135,99,17,No,No,No,No,No,No,Cardiac,LOW
P3580,23,Female,75,94,38.8,137,80,24,Yes,No,Yes,No,No,Yes,Pneumonia,MEDIUM
P3581,82,Male,61,100,37.2,122,101,17,No,No,No,No,No,No,Cardiac,LOW
P3582,73,Male,100,89,38.0,108,74,23,Yes,Yes,Yes,Yes,No,No,COVID-19,CRITICAL
P3583,33,Male,75,87,36.4,127,70,29,No,Yes,No,Yes,No,No,COPD,CRITICAL
P3584,40,Male,70,90,37.9,110,87,16,Yes,Yes,No,No,No,No,Influenza,HIGH
P3585,72,Male,58,94,38.2,159,74,19,Yes,Yes,Yes,No,No,Yes,Viral Infection,HIGH
P3586,33,Male,66,97,38.2,118,65,17,Yes,Yes,Yes,No,No,No,COVID-19,LOW
P3587,51,Female,73,90,37.7,123,77,25,Yes,Yes,Yes,Yes,No,No,Pneumonia,CRITICAL
P3588,68,Female,84,88,37.0,145,74,21,No,No,Yes,Yes,No,No,Asthma,HIGH
P3589,65,Female,71,95,37.3,104,101,22,No,Yes,No,Yes,No,No,Asthma,MEDIUM
P3590,84,Female,92,98,37.1,151,98,13,Yes,No,No,No,No,No,Cardiac,MEDIUM
P3591,26,Male,82,87,37.0,114,72,28,No,No,Yes,Yes,No,No,COPD,CRITICAL
P3592,39,Male,114,89,38.1,136,68,22,Yes,Yes,No,Yes,No,No,Influenza,HIGH
P3593,89,Male,60,93,37.7,132,90,20,No,Yes,No,No,No,No,Viral Infection,MEDIUM
P3594,59,Male,88,95,36.9,131,93,26,No,Yes,No,Yes,No,No,Asthma,HIGH
P3595,36,Male,87,94,38.4,114,81,16,Yes,Yes,No,Yes,No,No,Influenza,HIGH
P3596,39,Female,65,96,36.7,127,68,14,No,No,No,No,No,Yes,Migraine,LOW
P3597,42,Female,79,100,37.2,117,64,18,Yes,No,Yes,No,No,No,Gastroenteritis,LOW
P3598,58,Female,97,98,37.0,138,81,10,No,No,No,No,Yes,No,Cardiac,LOW
P3599,38,Male,86,93,37.2,148,81,15,No,Yes,No,Yes,No,No,Asthma,HIGH
P3600,63,Female,104,89,37.1,126,77,18,No,Yes,No,Yes,No,No,Asthma,MEDIUM
P3601,50,Female,57,89,37.2,131,90,17,No,Yes,No,Yes,No,No,COPD,HIGH
P3602,62,Male,75,99,37.2,166,87,20,Yes,Yes,Yes,Yes,No,Yes,Influenza,CRITICAL
P3603,29,Male,104,93,37.9,126,80,24,No,Yes,Yes,Yes,No,No,COVID-19,HIGH
P3604,63,Female,91,95,37.4,91,87,20,No,No,No,No,No,No,Healthy/Minor,LOW
P3605,85,Male,89,94,36.9,130,72,27,Yes,No,Yes,No,No,No,Gastroenteritis,HIGH
P3606,27,Female,101,94,37.3,101,73,22,No,Yes,Yes,Yes,No,No,Asthma,HIGH
P3607,41,Male,60,96,37.8,135,68,23,Yes,Yes,No,Yes,No,No,Pneumonia,HIGH
P3608,68,Male,90,97,36.9,131,87,19,No,No,No,No,No,No,Migraine,LOW
P3609,63,Female,100,92,37.2,147,72,23,Yes,Yes,No,Yes,No,No,Pneumonia,CRITICAL
P3610,67,Male,78,95,38.1,142,84,26,Yes,No,Yes,Yes,No,No,Pneumonia,CRITICAL
P3611,58,Male,120,96,38.1,138,80,26,Yes,No,No,Yes,No,No,Pneumonia,HIGH
P3612,67,Male,82,94,37.1,113,89,23,No,No,Yes,No,No,No,Gastroenteritis,LOW
P3613,62,Male,59,98,36.2,144,74,19,Yes,No,No,No,Yes,No,Cardiac,HIGH
P3614,23,Female,90,95,38.4,142,83,29,Yes,Yes,Yes,Yes,No,Yes,Influenza,CRITICAL
P3615,72,Male,78,94,37.5,111,73,24,No,No,No,No,No,Yes,Influenza,MEDIUM
P3616,50,Male,101,94,36.7,125,74,14,No,No,Yes,No,Yes,No,Cardiac,MEDIUM
P3617,21,Female,93,98,36.8,132,81,15,No,No,No,No,Yes,No,Cardiac,MEDIUM
P3618,47,Female,70,98,37.0,125,91,17,No,Yes,Yes,No,No,No,Gastroenteritis,MEDIUM
P3619,49,Male,105,92,37.9,147,71,17,Yes,Yes,No,Yes,No,No,Pneumonia,HIGH
P3620,24,Female,90,96,37.1,132,60,14,No,No,Yes,No,No,No,Gastroenteritis,LOW
P3621,90,Male,71,98,37.6,149,78,14,No,No,Yes,No,No,No,Healthy/Minor,MEDIUM
P3622,34,Female,84,99,37.3,139,78,19,No,No,No,No,Yes,No,Cardiac,LOW
P3623,42,Female,92,99,37.9,133,97,24,Yes,No,Yes,Yes,No,No,Pneumonia,HIGH
P3624,50,Female,73,96,37.0,125,84,10,No,No,Yes,No,No,No,Gastroenteritis,LOW
P3625,78,Male,83,91,38.8,131,77,21,Yes,Yes,No,Yes,No,No,COVID-19,HIGH
P3626,72,Male,88,92,38.2,150,82,32,Yes,Yes,No,Yes,No,Yes,Influenza,CRITICAL
P3627,74,Female,74,94,38.3,123,100,27,Yes,Yes,Yes,Yes,No,Yes,COVID-19,CRITICAL
P3628,35,Female,49,100,37.2,119,76,19,No,Yes,Yes,No,No,No,Viral Infection,LOW
P3629,79,Male,91,91,37.0,119,83,21,No,Yes,No,Yes,No,No,Asthma,HIGH
P3630,78,Male,55,92,38.1,149,81,20,Yes,Yes,Yes,No,No,Yes,Viral Infection,HIGH
P3631,51,Male,72,90,36.5,145,87,22,No,Yes,No,Yes,No,No,COPD,HIGH
P3632,57,Female,63,92,36.8,113,76,18,No,Yes,No,Yes,No,Yes,COPD,HIGH
P3633,20,Male,64,97,37.9,118,87,20,No,Yes,No,Yes,No,No,Influenza,LOW
P3634,73,Female,94,91,36.5,133,99,17,No,No,No,No,Yes,No,Cardiac,MEDIUM
P3635,88,Female,86,88,38.0,159,93,17,Yes,No,Yes,Yes,No,Yes,Influenza,CRITICAL
P3636,52,Female,82,96,36.7,148,78,16,No,No,No,Yes,No,No,Asthma,LOW
P3637,57,Male,69,90,38.2,120,67,21,Yes,Yes,Yes,Yes,No,No,Pneumonia,HIGH
P3638,54,Female,77,90,38.0,77,78,18,Yes,No,Yes,Yes,No,No,COVID-19,HIGH
P3639,24,Female,90,95,37.0,138,71,21,No,Yes,No,Yes,No,Yes,COPD,MEDIUM
P3640,63,Male,86,93,38.3,131,74,15,Yes,Yes,Yes,Yes,No,No,Influenza,CRITICAL
P3641,70,Female,98,90,38.1,134,81,28,Yes,Yes,No,Yes,No,Yes,COVID-19,CRITICAL
P3642,85,Female,94,99,36.8,156,91,28,No,No,No,No,No,No,Healthy/Minor,MEDIUM
P3643,85,Female,85,88,37.0,134,80,29,Yes,Yes,Yes,Yes,No,Yes,Influenza,CRITICAL
P3644,53,Female,61,90,38.1,116,67,27,Yes,No,Yes,Yes,No,No,COVID-19,HIGH
P3645,88,Male,79,96,37.8,136,77,27,Yes,Yes,No,Yes,Yes,No,COVID-19,CRITICAL
P3646,56,Female,84,94,37.9,135,98,23,Yes,Yes,No,No,No,Yes,COVID-19,MEDIUM
P3647,64,Female,69,100,37.3,145,88,17,No,No,Yes,No,No,No,Gastroenteritis,LOW
P3648,61,Male,72,93,38.5,156,72,18,Yes,No,No,Yes,No,Yes,Pneumonia,HIGH
P3649,90,Female,90,91,37.6,149,100,27,No,Yes,No,Yes,No,No,Asthma,CRITICAL
P3650,71,Male,120,94,36.4,138,85,22,No,No,No,No,Yes,No,Cardiac,MEDIUM
P3651,26,Female,79,94,37.6,134,101,20,Yes,No,No,Yes,No,Yes,COVID-19,MEDIUM
P3652,23,Female,78,100,37.2,104,81,19,No,Yes,No,No,No,No,Healthy/Minor,LOW
P3653,47,Male,61,99,36.9,146,85,14,No,No,No,No,No,No,Healthy/Minor,LOW
P3654,55,Male,102,96,37.7,130,89,19,Yes,No,No,Yes,No,Yes,Influenza,HIGH
P3655,66,Male,98,93,37.9,128,98,27,Yes,No,Yes,No,Yes,No,COVID-19,HIGH
P3656,53,Female,96,91,38.5,110,76,24,Yes,Yes,Yes,Yes,No,No,Pneumonia,CRITICAL
P3657,55,Male,103,93,37.3,137,95,21,Yes,No,No,No,No,No,Pneumonia,MEDIUM
P3658,85,Female,83,88,36.4,136,80,22,No,Yes,No,No,No,No,COPD,HIGH
P3659,42,Male,82,100,36.5,125,79,18,No,No,No,No,Yes,Yes,Cardiac,MEDIUM
P3660,54,Female,108,95,36.7,100,81,14,No,Yes,No,No,No,No,Asthma,MEDIUM
P3661,58,Female,94,94,38.2,121,90,19,Yes,Yes,No,No,No,No,COVID-19,MEDIUM
P3662,52,Male,56,96,37.8,116,77,16,Yes,Yes,No,Yes,No,No,COVID-19,HIGH
P3663,88,Female,88,90,36.8,148,103,19,No,No,No,No,Yes,No,Healthy/Minor,MEDIUM
P3664,88,Female,74,94,37.8,137,100,24,No,No,No,No,Yes,No,Healthy/Minor,MEDIUM
P3665,55,Male,97,92,37.5,84,81,24,Yes,Yes,No,No,No,Yes,Influenza,MEDIUM
P3666,50,Male,83,99,36.5,118,70,15,No,No,Yes,No,No,No,Gastroenteritis,LOW
P3667,60,Female,63,95,37.1,106,92,19,No,Yes,No,Yes,No,Yes,Asthma,HIGH
P3668,31,Male,81,98,37.2,103,57,14,No,No,Yes,No,No,No,Gastroenteritis,LOW
P3669,49,Male,89,94,37.0,146,91,26,No,No,No,No,No,No,Cardiac,LOW
P3670,33,Female,83,99,39.0,93,70,17,No,No,Yes,No,No,Yes,Viral Infection,LOW
P3671,28,Female,92,94,38.3,125,91,23,Yes,Yes,Yes,Yes,No,No,Influenza,CRITICAL
P3672,24,Male,104,89,37.0,112,64,12,Yes,Yes,Yes,Yes,No,No,COVID-19,CRITICAL
P3673,60,Male,84,97,36.8,118,75,12,Yes,No,No,No,No,No,Healthy/Minor,LOW
P3674,18,Male,85,95,37.6,104,82,22,Yes,No,No,No,No,No,Pneumonia,MEDIUM
P3675,65,Female,101,98,38.5,136,89,20,Yes,No,No,Yes,No,Yes,Influenza,HIGH
P3676,49,Male,107,95,37.5,131,73,18,No,No,Yes,No,No,No,Gastroenteritis,MEDIUM
P3677,44,Female,90,100,36.1,94,75,18,No,No,Yes,No,No,Yes,Migraine,LOW
P3678,74,Female,83,92,37.4,154,94,22,No,No,Yes,No,Yes,No,Gastroenteritis,MEDIUM
P3679,57,Female,84,94,37.2,109,91,10,No,No,No,No,No,Yes,Migraine,LOW
P3680,71,Female,83,92,36.7,140,80,14,Yes,No,Yes,No,No,No,Gastroenteritis,MEDIUM
P3681,69,Female,87,93,37.9,114,77,24,Yes,Yes,Yes,Yes,No,No,Influenza,CRITICAL
P3682,20,Male,114,98,37.7,119,68,14,No,No,No,No,Yes,No,Cardiac,LOW
P3683,33,Male,68,97,35.9,100,81,16,No,No,No,No,No,Yes,Migraine,LOW
P3684,59,Male,94,99,38.1,120,90,17,Yes,Yes,No,No,No,Yes,Viral Infection,MEDIUM
P3685,89,Female,87,91,38.4,139,88,21,Yes,Yes,Yes,Yes,No,No,Pneumonia,CRITICAL
P3686,29,Female,66,94,38.2,102,69,23,Yes,Yes,Yes,Yes,No,Yes,Influenza,HIGH
P3687,25,Male,76,97,37.1,125,96,19,No,No,No,No,No,Yes,Migraine,LOW
P3688,86,Male,81,88,37.9,148,65,24,Yes,No,Yes,Yes,No,No,Pneumonia,CRITICAL
P3689,88,Female,96,96,37.5,185,95,27,Yes,Yes,Yes,Yes,No,No,Influenza,CRITICAL
P3690,30,Female,79,100,37.5,135,80,10,No,Yes,Yes,No,No,No,Viral Infection,LOW
P3691,47,Male,72,96,37.1,142,84,19,No,Yes,Yes,Yes,No,No,COPD,MEDIUM
P3692,63,Female,105,92,37.6,102,74,26,No,Yes,Yes,Yes,No,Yes,COVID-19,HIGH
P3693,32,Female,99,92,37.2,89,76,18,No,Yes,Yes,No,No,No,Influenza,MEDIUM
P3694,41,Female,106,92,38.0,116,81,17,Yes,Yes,No,No,No,Yes,Influenza,MEDIUM
P3695,46,Male,81,100,36.6,151,78,16,No,Yes,No,No,No,No,Migraine,LOW
P3696,64,Female,86,93,36.3,170,64,22,Yes,Yes,No,Yes,No,No,Asthma,HIGH
P3697,40,Female,94,92,37.9,109,95,20,No,No,Yes,Yes,No,No,Pneumonia,MEDIUM
P3698,48,Female,77,95,38.2,114,86,30,Yes,Yes,No,Yes,No,No,COVID-19,CRITICAL
P3699,39,Male,87,91,37.9,129,78,23,Yes,No,Yes,No,No,No,Pneumonia,MEDIUM
P3700,73,Female,85,87,37.4,132,85,20,Yes,Yes,Yes,Yes,No,Yes,Influenza,CRITICAL
P3701,29,Female,66,94,38.1,117,95,16,Yes,Yes,Yes,Yes,No,No,COVID-19,HIGH
P3702,34,Male,87,90,37.3,130,71,24,No,Yes,No,Yes,No,No,COPD,MEDIUM
P3703,36,Female,79,93,38.9,163,68,18,Yes,Yes,No,No,No,No,Pneumonia,MEDIUM
P3704,84,Male,85,83,38.5,161,94,34,Yes,Yes,No,Yes,No,No,COVID-19,CRITICAL
P3705,86,Female,93,89,36.6,171,91,26,No,Yes,No,No,No,Yes,Asthma,MEDIUM
P3706,54,Female,102,93,37.2,97,70,25,No,Yes,No,No,No,No,Asthma,MEDIUM
P3707,29,Female,74,89,38.3,137,89,23,Yes,Yes,Yes,Yes,No,Yes,Influenza,HIGH
P3708,73,Male,83,87,37.4,120,87,29,Yes,Yes,No,Yes,No,No,Influenza,CRITICAL
P3709,53,Male,75,94,38.0,153,71,11,Yes,Yes,Yes,Yes,No,Yes,Influenza,HIGH
P3710,80,Female,77,93,38.8,160,90,19,Yes,Yes,Yes,Yes,No,Yes,COVID-19,CRITICAL
P3711,44,Male,70,96,37.3,131,82,22,No,No,No,No,No,No,Gastroenteritis,LOW
P3712,90,Female,86,90,37.7,131,86,31,Yes,Yes,Yes,Yes,Yes,No,Influenza,CRITICAL
P3713,76,Female,88,95,36.8,128,88,13,No,No,Yes,No,No,No,Migraine,LOW
P3714,34,Female,82,94,37.0,114,84,10,No,No,No,No,No,Yes,Gastroenteritis,LOW
P3715,70,Female,73,94,37.1,146,93,25,Yes,Yes,Yes,No,No,No,Influenza,HIGH
P3716,38,Male,102,93,37.1,126,79,24,Yes,No,Yes,No,No,No,Influenza,HIGH
P3717,43,Female,97,93,38.0,144,76,23,Yes,Yes,Yes,Yes,No,No,Pneumonia,CRITICAL
P3718,36,Male,73,95,38.3,146,80,22,Yes,No,No,No,Yes,Yes,Influenza,MEDIUM
P3719,67,Female,103,85,36.0,119,95,16,No,Yes,No,No,No,No,COPD,MEDIUM
P3720,37,Female,89,96,38.1,128,84,20,No,No,No,No,No,No,Influenza,LOW
P3721,64,Female,77,100,38.4,138,79,16,Yes,No,Yes,No,No,No,Viral Infection,MEDIUM
P3722,60,Male,91,92,36.7,127,82,20,No,Yes,No,Yes,No,No,COPD,MEDIUM
P3723,72,Female,80,97,36.8,149,100,10,No,No,Yes,No,No,No,Gastroenteritis,MEDIUM
P3724,90,Female,89,95,37.1,150,94,22,No,No,Yes,No,Yes,No,Migraine,MEDIUM
P3725,18,Female,87,94,37.0,111,80,26,No,Yes,No,Yes,No,No,COPD,HIGH
P3726,90,Female,78,93,36.0,140,98,15,No,No,Yes,No,No,No,Healthy/Minor,MEDIUM
P3727,25,Female,52,98,36.4,114,73,16,No,No,No,No,No,No,Healthy/Minor,LOW
P3728,56,Female,92,94,37.7,116,84,20,No,Yes,No,Yes,No,Yes,COVID-19,HIGH
P3729,42,Female,80,93,37.5,120,97,20,Yes,Yes,No,Yes,No,Yes,Influenza,MEDIUM
P3730,64,Female,97,96,38.9,110,89,24,Yes,Yes,No,Yes,No,No,COVID-19,CRITICAL
P3731,70,Female,93,97,38.2,141,100,26,Yes,Yes,Yes,Yes,No,No,Pneumonia,CRITICAL
P3732,80,Male,83,89,36.3,160,84,29,No,Yes,Yes,No,No,No,COPD,HIGH
P3733,47,Male,98,95,37.8,124,74,27,No,Yes,Yes,Yes,No,No,COVID-19,CRITICAL
P3734,86,Male,91,89,37.6,156,98,23,No,Yes,No,Yes,No,Yes,Asthma,CRITICAL
P3735,41,Female,80,100,36.8,123,60,30,No,No,No,No,No,Yes,Migraine,LOW
P3736,32,Female,83,92,38.3,104,80,29,Yes,No,Yes,Yes,No,No,COVID-19,HIGH
P3737,45,Male,107,100,37.7,154,89,19,No,No,No,Yes,No,No,COPD,MEDIUM
P3738,56,Male,76,89,38.7,88,87,23,No,Yes,Yes,No,No,No,COVID-19,MEDIUM
P3739,66,Female,75,100,36.9,132,62,10,No,No,Yes,Yes,No,Yes,Migraine,HIGH
P3740,78,Male,73,98,37.7,131,75,19,No,Yes,No,No,Yes,No,Cardiac,HIGH
P3741,34,Male,94,90,37.7,145,77,30,Yes,Yes,Yes,Yes,No,Yes,Influenza,CRITICAL
P3742,40,Male,70,100,37.9,123,83,30,No,No,No,No,No,No,Gastroenteritis,LOW
P3743,86,Female,82,88,38.3,182,91,23,Yes,Yes,Yes,Yes,No,Yes,Pneumonia,CRITICAL
P3744,50,Male,71,97,37.3,125,80,19,No,No,Yes,No,No,No,Gastroenteritis,LOW
P3745,35,Male,87,94,36.9,114,89,20,No,No,No,No,Yes,No,Cardiac,LOW
P3746,89,Female,73,91,37.3,115,91,33,No,Yes,Yes,No,No,No,Asthma,CRITICAL
P3747,50,Male,49,98,37.0,142,79,13,No,No,No,No,No,Yes,Gastroenteritis,LOW
P3748,89,Male,88,98,37.5,129,92,31,No,Yes,Yes,No,No,No,Viral Infection,HIGH
P3749,85,Female,54,100,36.4,134,80,18,No,No,No,No,No,Yes,Migraine,LOW
P3750,84,Female,100,88,36.7,159,92,19,No,Yes,No,Yes,No,Yes,COPD,HIGH
P3751,60,Male,99,90,37.3,146,73,16,No,Yes,Yes,No,No,Yes,Gastroenteritis,MEDIUM
P3752,76,Male,85,93,36.0,126,89,20,No,No,No,Yes,No,No,Asthma,MEDIUM
P3753,88,Male,99,94,36.6,134,91,21,No,No,Yes,No,No,Yes,Migraine,MEDIUM
P3754,37,Female,78,100,38.5,92,75,10,Yes,No,No,No,No,No,Viral Infection,LOW
P3755,20,Female,106,93,37.3,87,84,23,Yes,Yes,Yes,Yes,No,No,Influenza,HIGH
P3756,41,Male,79,91,38.8,133,94,25,Yes,No,No,Yes,No,No,Pneumonia,HIGH
P3757,64,Female,56,91,37.4,145,72,29,Yes,Yes,Yes,Yes,No,No,Pneumonia,CRITICAL
P3758,57,Female,85,95,37.5,133,91,25,Yes,Yes,No,Yes,No,No,Pneumonia,HIGH
P3759,23,Male,107,93,38.1,123,89,28,Yes,Yes,Yes,No,No,No,COVID-19,MEDIUM
P3760,58,Male,93,98,38.7,117,79,19,Yes,Yes,No,Yes,No,No,Pneumonia,HIGH
P3761,30,Female,79,97,36.5,149,90,19,No,No,No,No,Yes,No,Cardiac,LOW
P3762,54,Female,90,97,37.4,98,78,12,Yes,Yes,Yes,No,No,No,Influenza,MEDIUM
P3763,60,Female,99,90,37.3,122,94,21,Yes,No,Yes,Yes,No,No,Pneumonia,HIGH
P3764,64,Male,78,93,37.2,133,55,19,No,No,No,No,No,No,Gastroenteritis,LOW
P3765,48,Male,119,96,37.3,124,94,24,No,Yes,Yes,Yes,No,Yes,COVID-19,HIGH
P3766,47,Male,78,92,37.3,123,68,15,No,Yes,Yes,No,No,No,Asthma,MEDIUM
P3767,67,Male,93,95,36.8,124,84,17,No,Yes,No,No,Yes,No,Migraine,MEDIUM
P3768,72,Male,90,93,36.8,143,76,18,No,No,No,No,Yes,No,Healthy/Minor,MEDIUM
P3769,76,Male,80,92,36.9,123,103,17,No,No,No,No,Yes,No,Cardiac,MEDIUM
P3770,42,Female,79,95,37.5,119,76,25,Yes,No,Yes,Yes,No,Yes,Influenza,HIGH
P3771,48,Female,98,93,38.0,131,74,21,No,No,Yes,No,No,Yes,Influenza,MEDIUM
P3772,42,Female,80,95,36.3,116,90,17,Yes,No,No,No,Yes,No,Healthy/Minor,MEDIUM
P3773,56,Female,83,100,37.4,127,88,15,No,No,No,No,No,No,Gastroenteritis,LOW
P3774,27,Male,57,100,36.3,123,75,22,No,No,No,No,No,No,Migraine,LOW
P3775,49,Female,87,98,37.3,96,70,22,No,No,Yes,No,No,No,Gastroenteritis,LOW
P3776,31,Male,89,96,37.4,93,67,21,Yes,Yes,No,No,No,No,Pneumonia,MEDIUM
P3777,56,Female,85,91,36.9,129,94,35,No,Yes,No,Yes,No,No,Asthma,CRITICAL
P3778,80,Female,86,97,36.6,128,89,16,No,No,Yes,No,No,No,Migraine,MEDIUM
P3779,89,Male,77,96,39.5,133,89,24,Yes,Yes,No,No,No,No,Viral Infection,HIGH
P3780,50,Female,77,91,37.9,134,85,18,Yes,No,No,Yes,No,No,Pneumonia,HIGH
P3781,22,Female,83,100,36.4,110,63,20,No,Yes,No,No,No,Yes,Cardiac,MEDIUM
P3782,34,Male,79,94,37.7,81,75,25,Yes,No,No,Yes,No,No,Pneumonia,MEDIUM
P3783,25,Male,106,96,36.1,147,75,12,No,No,No,No,No,No,Healthy/Minor,LOW
P3784,73,Female,99,91,38.1,154,94,23,Yes,Yes,No,Yes,No,No,Pneumonia,CRITICAL
P3785,89,Male,69,93,37.6,161,72,27,No,No,Yes,No,No,No,Gastroenteritis,MEDIUM
P3786,58,Female,112,90,38.1,110,92,18,Yes,No,Yes,Yes,No,No,Pneumonia,HIGH
P3787,30,Male,80,97,37.5,125,100,19,No,Yes,No,No,No,No,Cardiac,MEDIUM
P3788,19,Female,78,97,36.4,100,61,19,No,No,Yes,No,No,No,Gastroenteritis,LOW
P3789,89,Male,101,89,37.8,141,87,24,Yes,Yes,Yes,Yes,No,No,COVID-19,CRITICAL
P3790,41,Male,52,100,38.3,115,83,10,Yes,Yes,Yes,No,No,No,Viral Infection,MEDIUM
P3791,26,Female,75,96,37.6,103,87,21,No,Yes,Yes,No,No,Yes,Viral Infection,LOW
P3792,30,Male,71,95,38.1,128,56,17,Yes,Yes,No,No,No,No,Viral Infection,MEDIUM
P3793,36,Female,88,90,38.2,116,81,27,Yes,Yes,Yes,Yes,No,No,COVID-19,CRITICAL
P3794,65,Male,84,94,37.0,159,80,18,No,No,No,No,No,No,Migraine,LOW
P3795,83,Male,87,92,36.7,141,83,24,Yes,Yes,No,Yes,No,No,COPD,HIGH
P3796,38,Female,84,99,37.3,85,103,19,No,No,No,No,Yes,No,Cardiac,MEDIUM
P3797,68,Male,101,93,36.7,104,81,20,No,No,No,No,No,No,Asthma,LOW
P3798,22,Male,90,100,36.6,160,86,24,No,No,No,No,No,No,Cardiac,MEDIUM
P3799,18,Female,86,93,38.5,114,77,20,No,Yes,Yes,No,No,No,Influenza,LOW
P3800,22,Female,87,98,36.3,124,80,20,No,Yes,No,No,No,No,Asthma,LOW
P3801,85,Female,112,89,37.1,140,92,30,Yes,Yes,Yes,Yes,No,No,Pneumonia,CRITICAL
P3802,60,Female,88,90,37.5,152,91,23,Yes,No,No,Yes,No,Yes,COVID-19,HIGH
P3803,76,Female,81,92,38.1,106,77,23,No,No,Yes,No,No,No,Influenza,MEDIUM
P3804,19,Female,60,94,38.5,141,80,24,Yes,Yes,Yes,Yes,No,No,Pneumonia,HIGH
P3805,19,Female,59,98,36.8,140,80,20,No,No,No,No,No,No,Migraine,LOW
P3806,79,Male,82,92,37.6,138,69,23,No,No,No,Yes,No,No,COPD,HIGH
P3807,25,Female,84,94,37.9,127,68,26,No,No,Yes,Yes,No,No,Influenza,HIGH
P3808,29,Male,71,99,36.7,114,87,11,No,No,No,No,No,Yes,Migraine,LOW
P3809,55,Female,83,100,37.5,100,76,18,Yes,No,Yes,No,No,Yes,Viral Infection,MEDIUM
P3810,62,Male,72,99,39.1,139,108,21,Yes,No,No,No,No,No,Viral Infection,MEDIUM
P3811,34,Female,66,99,37.8,124,88,20,Yes,Yes,Yes,No,No,Yes,Viral Infection,MEDIUM
P3812,50,Female,86,94,36.2,129,84,10,No,No,No,Yes,No,No,Healthy/Minor,LOW
P3813,67,Female,106,100,37.9,146,102,18,No,No,Yes,No,No,No,Cardiac,MEDIUM
P3814,50,Female,64,94,37.0,115,88,12,No,No,No,No,No,No,Healthy/Minor,LOW
P3815,45,Male,81,96,37.2,146,81,23,No,No,No,No,No,No,Healthy/Minor,LOW
P3816,23,Male,60,92,38.7,120,64,20,No,No,Yes,No,No,Yes,COVID-19,MEDIUM
P3817,50,Male,59,100,38.2,133,86,22,Yes,No,Yes,No,No,Yes,Viral Infection,LOW
P3818,76,Female,73,94,37.2,132,98,14,No,No,Yes,No,No,No,Migraine,MEDIUM
P3819,63,Female,94,99,36.8,147,76,19,No,Yes,No,No,No,No,Migraine,LOW
P3820,83,Male,71,94,38.2,141,67,19,Yes,Yes,Yes,No,No,Yes,Viral Infection,MEDIUM
P3821,27,Male,74,91,37.9,119,67,34,Yes,Yes,No,Yes,No,No,COVID-19,CRITICAL
P3822,18,Male,85,95,37.1,139,96,27,No,Yes,Yes,No,No,No,Asthma,MEDIUM
P3823,58,Female,87,96,36.9,107,86,22,No,No,No,No,No,No,Cardiac,LOW
P3824,31,Male,68,99,36.6,116,93,26,No,No,No,No,No,No,Migraine,LOW
P3825,61,Female,105,100,38.1,120,82,18,Yes,Yes,Yes,No,No,No,Viral Infection,MEDIUM
P3826,83,Female,78,100,38.4,145,81,19,Yes,Yes,No,No,No,No,Viral Infection,MEDIUM
P3827,42,Male,79,94,37.2,126,100,16,No,No,No,No,No,No,Gastroenteritis,LOW
P3828,58,Male,74,98,37.1,128,78,18,Yes,No,No,Yes,No,No,Healthy/Minor,HIGH
P3829,67,Female,92,91,39.1,121,80,12,Yes,Yes,Yes,Yes,No,No,Pneumonia,CRITICAL
P3830,28,Male,94,98,37.6,120,83,17,No,Yes,No,No,No,No,Healthy/Minor,LOW
P3831,83,Female,110,98,37.8,145,83,25,Yes,No,Yes,Yes,No,No,Influenza,CRITICAL
P3832,32,Female,75,91,37.0,117,86,21,No,Yes,No,No,No,No,COPD,LOW
P3833,77,Female,102,84,38.5,154,89,17,Yes,Yes,Yes,Yes,No,No,Influenza,CRITICAL
P3834,66,Female,95,95,36.4,147,92,18,No,No,Yes,No,No,No,Cardiac,MEDIUM
P3835,28,Female,98,93,38.8,120,72,15,Yes,Yes,Yes,Yes,No,Yes,COVID-19,CRITICAL
P3836,70,Male,86,90,37.6,96,67,32,Yes,No,Yes,Yes,Yes,No,Influenza,CRITICAL
P3837,32,Male,84,96,37.2,123,74,16,No,No,No,No,No,No,Cardiac,LOW
P3838,61,Male,91,94,37.1,140,74,10,No,No,No,No,No,Yes,Migraine,LOW
P3839,88,Female,101,97,37.9,137,90,23,Yes,Yes,Yes,Yes,No,No,Pneumonia,CRITICAL
P3840,87,Female,102,96,36.5,146,78,23,No,No,Yes,No,Yes,No,Gastroenteritis,HIGH
P3841,81,Male,91,90,38.6,135,71,25,Yes,Yes,Yes,Yes,No,Yes,Pneumonia,CRITICAL
P3842,54,Male,84,99,37.6,130,69,18,Yes,Yes,Yes,No,No,No,Influenza,MEDIUM
P3843,58,Female,54,91,37.3,151,85,19,No,No,No,Yes,No,No,Pneumonia,MEDIUM
P3844,39,Male,65,100,37.3,139,89,16,No,No,No,No,No,No,Cardiac,LOW
P3845,85,Female,76,92,37.9,120,81,17,No,No,No,No,No,No,Migraine,LOW
P3846,52,Female,72,100,36.5,105,80,11,No,No,No,No,No,No,Cardiac,LOW
P3847,74,Male,91,92,38.7,142,90,19,Yes,Yes,No,No,No,Yes,Viral Infection,MEDIUM
P3848,44,Male,69,99,37.2,146,84,11,No,No,No,No,Yes,No,Cardiac,MEDIUM
P3849,72,Male,74,100,36.8,108,96,23,No,No,No,No,No,No,Migraine,MEDIUM
P3850,34,Female,72,98,37.4,117,76,22,No,No,No,No,No,No,Healthy/Minor,LOW
P3851,71,Male,103,85,38.1,172,75,19,Yes,No,No,Yes,No,No,COVID-19,CRITICAL
P3852,21,Male,77,94,38.4,116,89,19,Yes,No,No,No,No,No,Pneumonia,MEDIUM
P3853,25,Female,91,95,37.3,160,75,20,Yes,No,No,Yes,No,No,Influenza,HIGH
P3854,43,Male,89,100,36.3,114,75,17,No,No,No,No,Yes,Yes,Cardiac,MEDIUM
P3855,53,Female,97,96,37.6,115,89,23,No,Yes,No,Yes,No,No,COPD,MEDIUM
P3856,69,Male,98,95,38.1,122,98,26,Yes,Yes,Yes,Yes,No,Yes,Pneumonia,CRITICAL
P3857,44,Male,78,98,37.8,101,81,19,Yes,No,No,No,No,Yes,Viral Infection,LOW
P3858,19,Male,56,96,38.0,93,68,24,No,No,No,No,No,No,Healthy/Minor,LOW
P3859,41,Male,82,90,38.8,117,94,22,Yes,No,No,Yes,No,No,Pneumonia,MEDIUM
P3860,50,Male,85,92,38.1,127,84,16,Yes,Yes,No,Yes,No,No,Pneumonia,HIGH
P3861,57,Female,89,95,37.2,116,83,15,Yes,Yes,No,Yes,No,No,Pneumonia,HIGH
P3862,65,Male,77,90,37.8,124,78,29,Yes,No,Yes,Yes,No,No,COVID-19,CRITICAL
P3863,36,Female,93,95,37.5,143,89,19,Yes,Yes,No,No,No,Yes,Viral Infection,LOW
P3864,62,Female,87,100,36.8,151,75,18,No,No,No,No,No,No,Cardiac,LOW
P3865,64,Female,74,92,37.5,127,70,24,Yes,No,Yes,No,No,No,Influenza,HIGH
P3866,74,Female,81,92,36.3,142,103,25,No,Yes,Yes,Yes,No,No,Asthma,CRITICAL
P3867,56,Male,111,91,36.9,101,72,24,Yes,No,Yes,Yes,No,No,Influenza,CRITICAL
P3868,77,Male,96,92,36.9,141,94,22,No,No,No,No,No,No,Asthma,MEDIUM
P3869,34,Female,99,91,36.1,119,92,27,No,Yes,No,No,No,No,Asthma,MEDIUM
P3870,69,Female,74,90,36.7,133,89,17,No,No,No,Yes,Yes,No,Cardiac,CRITICAL
P3871,21,Male,76,94,37.1,121,69,18,No,Yes,No,Yes,No,No,COPD,MEDIUM
P3872,25,Female,69,96,37.6,118,84,10,Yes,No,Yes,No,No,No,Viral Infection,LOW
P3873,81,Female,90,90,37.4,117,99,23,Yes,Yes,Yes,Yes,No,No,Influenza,CRITICAL
P3874,52,Female,76,96,36.8,152,84,23,No,No,No,No,Yes,No,Migraine,LOW
P3875,63,Male,80,95,37.5,146,75,20,Yes,No,Yes,No,No,Yes,Influenza,MEDIUM
P3876,62,Male,81,94,38.0,124,85,16,Yes,Yes,No,No,No,No,COVID-19,MEDIUM
P3877,68,Male,69,97,37.7,104,69,20,Yes,No,Yes,No,No,Yes,Viral Infection,HIGH
P3878,35,Male,76,96,36.8,81,68,14,No,No,Yes,No,No,No,Gastroenteritis,LOW
P3879,31,Male,99,93,38.0,152,75,29,Yes,No,No,No,No,No,Pneumonia,MEDIUM
P3880,21,Male,65,93,36.8,117,79,27,No,Yes,No,No,No,No,COPD,HIGH
P3881,81,Male,86,100,37.5,151,73,13,No,No,Yes,No,No,No,Gastroenteritis,MEDIUM
P3882,34,Male,96,99,36.9,105,80,16,No,No,No,No,No,No,Healthy/Minor,LOW
P3883,59,Male,85,95,37.0,130,91,14,No,No,No,No,Yes,No,Cardiac,MEDIUM
P3884,51,Male,78,94,37.6,121,78,17,No,Yes,Yes,Yes,No,No,Influenza,HIGH
P3885,29,Male,97,91,36.9,124,56,22,No,Yes,No,Yes,No,No,COPD,MEDIUM
P3886,48,Female,72,88,37.8,125,80,26,Yes,No,No,Yes,No,No,Pneumonia,HIGH
P3887,24,Female,85,88,37.9,105,96,22,Yes,Yes,Yes,Yes,No,No,Influenza,CRITICAL
P3888,30,Female,72,98,37.1,111,87,15,No,No,No,No,No,Yes,Cardiac,LOW
P3889,28,Female,54,98,36.6,119,78,10,No,No,No,No,No,No,Migraine,LOW
P3890,78,Male,86,90,37.7,109,81,21,Yes,No,Yes,Yes,No,No,Influenza,HIGH
P3891,59,Female,62,100,36.6,115,87,19,No,No,Yes,No,No,No,Migraine,LOW
P3892,85,Male,81,93,36.6,138,88,13,No,No,Yes,No,No,No,Gastroenteritis,MEDIUM
P3893,49,Female,92,94,36.9,130,87,23,Yes,No,No,No,No,No,Migraine,LOW
P3894,32,Male,109,91,37.7,144,67,19,No,Yes,Yes,No,No,No,Pneumonia,MEDIUM
P3895,62,Male,87,92,38.9,122,83,23,Yes,Yes,No,No,No,Yes,COVID-19,MEDIUM
P3896,85,Male,102,91,39.1,141,81,22,Yes,No,Yes,No,No,Yes,Influenza,HIGH
P3897,56,Male,91,91,37.9,97,85,17,No,Yes,Yes,Yes,No,No,Pneumonia,MEDIUM
P3898,19,Female,80,88,38.0,125,59,24,Yes,Yes,Yes,Yes,No,No,COVID-19,HIGH
P3899,40,Female,60,86,38.4,105,74,19,Yes,Yes,No,Yes,No,Yes,COVID-19,HIGH
P3900,85,Male,110,91,37.8,135,92,20,Yes,Yes,Yes,Yes,No,No,Pneumonia,CRITICAL
P3901,55,Male,72,90,37.5,134,88,11,Yes,Yes,No,Yes,No,No,Pneumonia,HIGH
P3902,87,Female,100,90,38.7,149,86,25,Yes,Yes,No,No,No,Yes,Viral Infection,HIGH
P3903,55,Female,85,100,37.1,103,59,17,No,No,Yes,No,No,Yes,Migraine,MEDIUM
P3904,18,Female,72,98,38.0,133,84,27,Yes,Yes,Yes,Yes,No,Yes,COVID-19,CRITICAL
P3905,81,Female,85,95,37.5,138,101,22,No,No,No,No,No,No,Healthy/Minor,LOW
P3906,73,Female,115,92,38.5,155,76,29,Yes,No,Yes,Yes,No,No,Pneumonia,CRITICAL
P3907,70,Female,107,92,36.8,157,79,21,Yes,Yes,No,No,No,No,Asthma,MEDIUM
P3908,88,Female,75,89,37.5,167,95,13,No,Yes,Yes,No,No,No,Viral Infection,MEDIUM
P3909,32,Male,76,96,36.6,97,86,25,No,Yes,No,Yes,No,No,Asthma,MEDIUM
P3910,84,Female,90,94,38.4,146,97,25,Yes,Yes,Yes,Yes,No,No,Pneumonia,CRITICAL
P3911,34,Male,83,99,38.2,95,88,20,No,No,No,Yes,No,No,COVID-19,LOW
P3912,88,Male,104,88,36.7,162,71,27,No,No,No,Yes,Yes,No,COPD,HIGH
P3913,31,Female,96,95,37.6,149,77,18,No,No,Yes,No,Yes,No,Cardiac,MEDIUM
P3914,58,Male,64,97,36.7,144,88,25,No,Yes,Yes,Yes,No,No,Asthma,HIGH
P3915,75,Female,93,92,37.2,129,83,19,No,No,No,No,No,No,Asthma,LOW
P3916,23,Female,83,96,38.0,129,82,26,Yes,No,Yes,Yes,No,No,Pneumonia,HIGH
P3917,22,Male,85,90,37.7,111,77,22,No,Yes,No,Yes,No,Yes,COPD,MEDIUM
P3918,80,Male,91,92,38.2,138,81,29,Yes,No,Yes,Yes,No,No,Pneumonia,CRITICAL
P3919,22,Female,94,95,37.9,119,76,21,Yes,Yes,No,No,No,Yes,Viral Infection,MEDIUM
P3920,62,Female,92,98,37.0,98,71,20,No,No,Yes,No,No,Yes,Migraine,MEDIUM
P3921,86,Female,79,90,36.8,128,79,23,No,Yes,No,Yes,No,No,Asthma,HIGH
P3922,62,Male,78,100,36.5,166,81,20,No,No,No,No,No,No,Migraine,LOW
P3923,53,Female,79,95,37.6,124,80,27,No,Yes,No,Yes,No,Yes,Influenza,HIGH
P3924,48,Male,63,87,38.0,126,85,25,Yes,Yes,Yes,Yes,No,Yes,COVID-19,HIGH
P3925,64,Male,85,93,36.6,131,79,23,No,Yes,No,Yes,No,No,Asthma,HIGH
P3926,59,Male,110,95,36.6,122,98,25,No,Yes,Yes,Yes,No,No,Asthma,HIGH
P3927,54,Male,56,97,36.8,127,93,15,No,No,No,No,No,No,Migraine,LOW
P3928,29,Female,78,95,36.8,113,73,24,No,No,Yes,No,No,No,Healthy/Minor,LOW
P3929,66,Female,86,93,37.9,95,85,16,No,Yes,No,No,No,No,COVID-19,MEDIUM
P3930,72,Male,91,88,38.7,147,96,24,Yes,Yes,Yes,Yes,No,No,COVID-19,CRITICAL
P3931,69,Female,75,97,37.1,165,81,17,No,No,No,No,Yes,No,Cardiac,MEDIUM
P3932,23,Male,66,91,38.8,101,71,19,Yes,No,Yes,Yes,No,No,COVID-19,CRITICAL
P3933,69,Female,69,90,37.7,126,96,25,Yes,No,Yes,Yes,No,No,Pneumonia,CRITICAL
P3934,71,Male,97,98,37.2,158,90,14,No,No,No,No,No,No,Healthy/Minor,LOW
P3935,31,Male,65,99,37.7,108,89,27,Yes,No,No,No,No,No,Viral Infection,MEDIUM
P3936,79,Female,74,96,36.5,144,88,13,No,No,No,No,No,No,Healthy/Minor,LOW
P3937,56,Female,113,93,38.9,196,78,18,Yes,Yes,No,No,No,No,Pneumonia,HIGH
P3938,52,Female,76,94,37.6,136,67,17,Yes,Yes,No,No,No,No,Influenza,MEDIUM
P3939,70,Female,91,89,35.8,135,85,25,No,No,Yes,Yes,No,No,Asthma,HIGH
P3940,55,Male,92,94,36.5,141,93,22,No,Yes,No,No,No,No,Healthy/Minor,LOW
P3941,57,Male,99,95,37.0,140,93,24,Yes,Yes,No,No,No,Yes,Influenza,HIGH
P3942,40,Female,68,98,37.5,109,89,29,Yes,No,Yes,Yes,No,No,Influenza,CRITICAL
P3943,85,Female,79,93,37.8,112,94,20,Yes,Yes,Yes,Yes,No,Yes,Influenza,CRITICAL
P3944,88,Male,86,96,37.1,151,109,22,No,No,No,No,No,No,Migraine,LOW
P3945,27,Male,103,95,35.9,132,62,16,No,No,No,No,No,No,Migraine,LOW
P3946,71,Female,70,98,37.3,129,86,20,Yes,No,Yes,No,No,No,Gastroenteritis,MEDIUM
P3947,19,Male,79,95,37.4,146,69,27,Yes,Yes,Yes,Yes,No,No,Influenza,HIGH
P3948,44,Male,83,100,36.7,145,94,10,No,No,Yes,No,No,No,Gastroenteritis,LOW
P3949,88,Female,97,94,36.7,154,81,33,No,No,No,Yes,No,No,Asthma,CRITICAL
P3950,30,Male,94,98,38.3,116,88,21,No,No,Yes,Yes,No,No,Pneumonia,MEDIUM
P3951,45,Male,74,90,38.1,89,74,15,Yes,Yes,No,No,No,No,COVID-19,MEDIUM
P3952,34,Female,78,88,37.3,117,82,19,No,Yes,No,Yes,No,No,COPD,MEDIUM
P3953,71,Male,90,91,37.7,105,82,24,No,Yes,Yes,No,No,No,COVID-19,HIGH
P3954,51,Female,95,95,36.6,87,80,14,No,No,No,No,No,No,Healthy/Minor,LOW
P3955,61,Female,83,90,37.0,140,85,13,No,Yes,No,Yes,No,No,Asthma,MEDIUM
P3956,86,Male,88,94,38.4,159,95,24,Yes,Yes,No,No,No,No,COVID-19,HIGH
P3957,56,Female,65,95,37.2,96,80,14,No,No,No,No,No,No,Gastroenteritis,LOW
P3958,71,Female,104,95,36.9,130,92,22,No,No,Yes,No,Yes,No,Gastroenteritis,HIGH
P3959,25,Male,87,89,38.0,120,88,17,Yes,No,Yes,Yes,No,Yes,Influenza,HIGH
P3960,33,Female,100,98,36.8,121,78,27,No,No,No,No,Yes,No,Cardiac,MEDIUM
P3961,87,Male,89,94,38.4,119,105,26,Yes,Yes,Yes,Yes,No,No,Pneumonia,CRITICAL
P3962,80,Male,89,94,38.8,159,93,25,Yes,Yes,Yes,Yes,Yes,No,COVID-19,CRITICAL
P3963,65,Female,60,100,36.7,110,78,20,No,No,No,No,No,No,Gastroenteritis,LOW
P3964,45,Female,57,91,36.6,91,85,14,No,No,No,Yes,No,No,COPD,LOW
P3965,32,Female,101,97,37.7,98,88,20,No,Yes,No,No,No,Yes,COVID-19,LOW
P3966,80,Female,89,92,38.1,146,91,32,Yes,Yes,Yes,Yes,No,No,Pneumonia,CRITICAL
P3967,75,Female,90,88,36.1,131,86,23,Yes,Yes,No,Yes,No,No,COPD,CRITICAL
P3968,35,Male,69,95,37.8,108,45,22,No,No,Yes,Yes,No,No,COVID-19,MEDIUM
P3969,61,Male,67,100,38.6,138,72,15,Yes,No,Yes,No,No,No,Viral Infection,MEDIUM
P3970,63,Female,100,88,36.6,136,89,29,No,Yes,No,Yes,No,No,COPD,CRITICAL
P3971,52,Female,101,95,38.0,88,70,16,Yes,Yes,No,No,No,No,Viral Infection,MEDIUM
P3972,85,Male,80,91,38.8,149,91,18,Yes,Yes,No,Yes,No,No,COVID-19,HIGH
P3973,27,Male,87,95,38.3,139,87,29,Yes,Yes,Yes,No,No,Yes,Viral Infection,HIGH
P3974,36,Female,87,90,37.2,118,77,16,Yes,No,No,Yes,No,Yes,Influenza,HIGH
P3975,24,Male,83,92,37.3,116,60,22,No,No,Yes,Yes,No,No,COVID-19,MEDIUM
P3976,68,Male,111,94,37.8,163,76,20,No,Yes,No,No,No,Yes,Influenza,MEDIUM
P3977,65,Female,81,96,37.5,120,89,19,Yes,Yes,Yes,No,No,Yes,Influenza,HIGH
P3978,90,Male,98,96,37.9,140,100,14,Yes,Yes,Yes,No,No,No,Viral Infection,MEDIUM
P3979,57,Female,84,99,37.0,133,60,15,No,No,No,No,No,No,Gastroenteritis,LOW
P3980,28,Female,86,100,37.3,127,83,21,No,No,No,No,Yes,No,Cardiac,LOW
P3981,50,Female,103,90,36.3,120,65,13,No,Yes,No,Yes,No,Yes,COPD,MEDIUM
P3982,24,Female,90,99,36.7,127,83,23,No,No,No,No,Yes,No,Cardiac,MEDIUM
P3983,66,Female,86,94,37.2,163,85,24,No,No,No,No,Yes,No,Cardiac,MEDIUM
P3984,67,Female,98,92,38.4,145,106,21,Yes,Yes,Yes,No,No,No,Viral Infection,HIGH
P3985,80,Male,105,99,36.9,143,84,20,No,No,Yes,Yes,No,No,Cardiac,CRITICAL
P3986,42,Female,94,97,35.7,107,89,18,No,No,Yes,No,No,Yes,Migraine,LOW
P3987,40,Female,45,95,37.9,108,88,28,No,Yes,No,Yes,No,No,COVID-19,HIGH
P3988,23,Male,84,97,36.7,135,76,10,No,No,No,No,No,Yes,Healthy/Minor,LOW
P3989,48,Male,88,97,38.3,98,81,25,Yes,Yes,Yes,No,No,Yes,Influenza,HIGH
P3990,52,Male,85,91,38.2,164,80,19,Yes,Yes,Yes,No,No,Yes,COVID-19,HIGH
P3991,73,Male,88,99,38.0,134,77,23,Yes,Yes,No,No,No,Yes,Viral Infection,MEDIUM
P3992,73,Male,91,94,38.3,113,76,21,Yes,Yes,Yes,Yes,No,No,Pneumonia,CRITICAL
P3993,28,Female,94,88,38.8,123,74,25,Yes,Yes,No,Yes,No,No,Pneumonia,CRITICAL
P3994,38,Male,82,92,38.4,107,67,15,Yes,Yes,No,Yes,No,No,COVID-19,HIGH
P3995,55,Male,105,96,37.2,120,76,14,No,Yes,No,Yes,No,No,Asthma,HIGH
P3996,42,Male,88,100,37.8,97,76,16,No,No,No,No,No,No,Healthy/Minor,LOW
P3997,19,Male,85,100,37.6,116,80,23,No,Yes,Yes,No,No,Yes,Viral Infection,MEDIUM
P3998,79,Female,94,90,36.3,104,89,26,No,Yes,No,No,No,No,Asthma,MEDIUM
P3999,71,Male,95,93,36.8,124,82,21,No,No,Yes,No,No,No,Healthy/Minor,MEDIUM
P4000,55,Female,100,100,36.6,120,77,21,No,No,Yes,No,No,No,Cardiac,LOW
P4001,41,Male,77,97,36.8,112,82,15,Yes,No,No,No,No,No,Viral Infection,LOW
P4002,79,Male,101,90,37.6,125,93,27,Yes,No,Yes,Yes,No,No,Pneumonia,CRITICAL
P4003,20,Female,87,93,37.0,121,73,19,No,No,No,Yes,No,No,Asthma,MEDIUM
P4004,50,Male,110,96,37.9,139,70,21,Yes,Yes,Yes,Yes,No,No,Influenza,HIGH
P4005,76,Female,102,96,37.6,142,80,23,No,No,Yes,No,No,Yes,Influenza,MEDIUM
P4006,87,Female,74,98,36.8,162,85,17,No,No,No,No,No,No,Gastroenteritis,LOW
P4007,36,Female,115,94,38.3,112,89,22,Yes,Yes,Yes,No,No,No,Influenza,MEDIUM
P4008,65,Male,59,89,37.1,136,89,21,No,Yes,No,Yes,No,No,COPD,MEDIUM
P4009,31,Male,86,100,36.5,126,78,14,No,No,No,No,No,No,Gastroenteritis,LOW
P4010,26,Male,76,98,38.3,138,97,21,No,Yes,No,No,No,No,Influenza,LOW
P4011,43,Male,109,96,36.3,110,78,23,No,Yes,No,Yes,No,No,Asthma,HIGH
P4012,82,Male,84,96,36.6,152,100,14,No,No,Yes,No,No,No,Gastroenteritis,LOW
P4013,68,Female,69,94,38.7,119,95,21,Yes,Yes,Yes,No,No,Yes,Viral Infection,HIGH
P4014,53,Male,82,94,37.4,117,92,20,Yes,No,Yes,No,No,No,COVID-19,MEDIUM
P4015,38,Female,69,100,36.5,114,81,18,No,No,No,No,No,No,Healthy/Minor,LOW
P4016,28,Male,74,99,37.3,127,79,14,Yes,Yes,No,No,No,No,Viral Infection,LOW
P4017,37,Male,74,98,36.4,103,78,22,No,No,No,No,No,No,Gastroenteritis,LOW
P4018,29,Female,75,92,38.3,105,87,26,Yes,Yes,No,Yes,No,No,COVID-19,CRITICAL
P4019,31,Male,82,100,37.1,110,70,12,No,No,Yes,No,No,No,Gastroenteritis,LOW
P4020,68,Male,85,93,37.9,133,80,21,No,Yes,Yes,No,No,No,Viral Infection,LOW
P4021,27,Female,72,91,38.1,105,95,29,Yes,Yes,Yes,Yes,No,Yes,COVID-19,CRITICAL
P4022,21,Female,56,98,36.2,124,84,13,No,No,No,No,No,No,Healthy/Minor,LOW
P4023,57,Female,83,97,37.6,122,91,13,Yes,Yes,Yes,No,No,Yes,Viral Infection,MEDIUM
P4024,38,Female,92,96,36.1,131,66,25,No,Yes,No,Yes,Yes,No,Asthma,HIGH
P4025,51,Female,88,100,37.1,126,76,11,No,No,No,No,No,No,Gastroenteritis,LOW
P4026,28,Female,92,88,37.2,148,81,19,No,No,No,Yes,No,No,COPD,MEDIUM
P4027,33,Female,98,96,37.1,122,78,12,No,No,No,No,No,No,Migraine,LOW
P4028,50,Male,91,96,38.1,105,68,20,Yes,Yes,Yes,No,No,Yes,Viral Infection,MEDIUM
P4029,68,Female,122,93,38.3,129,91,21,Yes,No,Yes,Yes,Yes,Yes,Influenza,CRITICAL
P4030,48,Male,125,95,37.9,124,90,21,No,Yes,No,Yes,No,Yes,Influenza,HIGH
P4031,57,Male,63,92,38.5,113,78,19,Yes,Yes,Yes,No,No,No,COVID-19,MEDIUM
P4032,56,Male,50,99,37.7,151,89,22,No,Yes,Yes,No,No,Yes,Viral Infection,LOW
P4033,37,Female,85,90,37.7,115,98,18,Yes,No,Yes,No,No,Yes,COVID-19,HIGH
P4034,38,Male,85,96,37.7,110,93,11,Yes,Yes,No,No,No,Yes,Viral Infection,LOW
P4035,49,Female,84,90,37.1,127,77,15,No,Yes,No,Yes,No,No,Asthma,MEDIUM
P4036,20,Male,94,94,37.3,106,67,25,No,Yes,Yes,No,No,Yes,COVID-19,HIGH
P4037,68,Female,76,96,38.6,148,85,22,Yes,Yes,No,No,No,Yes,Viral Infection,MEDIUM
P4038,62,Female,78,95,37.1,148,109,23,No,No,No,No,Yes,No,Cardiac,MEDIUM
P4039,40,Female,78,95,38.7,122,91,16,Yes,Yes,No,Yes,No,Yes,COVID-19,HIGH
P4040,45,Male,82,96,37.9,132,79,21,Yes,Yes,Yes,No,No,Yes,Influenza,MEDIUM
P4041,41,Female,96,91,37.7,112,94,33,No,No,Yes,Yes,No,No,Influenza,HIGH
P4042,65,Male,80,93,38.2,107,94,21,Yes,No,Yes,No,No,No,Influenza,MEDIUM
P4043,73,Female,84,92,38.4,130,65,21,Yes,No,No,Yes,No,No,COVID-19,HIGH
P4044,25,Male,93,98,36.5,118,93,17,No,No,No,No,No,No,Cardiac,LOW
P4045,48,Female,82,90,37.0,91,81,24,Yes,No,Yes,Yes,No,No,COVID-19,HIGH
P4046,19,Female,100,92,37.4,103,69,24,Yes,Yes,Yes,Yes,No,Yes,Influenza,CRITICAL
P4047,51,Female,73,92,38.0,105,81,19,Yes,Yes,Yes,No,No,No,Pneumonia,HIGH
P4048,36,Female,70,93,37.5,103,82,19,Yes,Yes,Yes,No,No,No,Asthma,MEDIUM
P4049,42,Male,82,98,36.2,142,70,16,No,No,No,No,No,No,Healthy/Minor,LOW
P4050,51,Female,90,98,37.8,133,79,19,No,Yes,No,Yes,No,No,COVID-19,HIGH
P4051,41,Male,74,93,37.7,136,75,16,No,No,Yes,No,No,No,Influenza,LOW
P4052,46,Female,103,93,37.7,137,91,25,No,No,No,No,No,No,Cardiac,LOW
P4053,73,Male,105,96,38.9,152,81,17,Yes,No,Yes,No,No,No,Viral Infection,MEDIUM
P4054,77,Female,73,100,37.0,137,68,17,No,No,No,No,No,No,Migraine,LOW
P4055,18,Female,97,98,38.3,144,74,16,Yes,Yes,Yes,No,No,No,Viral Infection,MEDIUM
P4056,45,Female,47,97,37.2,103,69,17,No,No,No,No,No,No,Healthy/Minor,LOW
P4057,79,Female,103,95,36.2,142,76,21,Yes,No,No,Yes,Yes,Yes,Cardiac,CRITICAL
P4058,56,Male,67,100,37.1,111,93,15,No,No,No,No,No,No,Healthy/Minor,LOW
P4059,32,Female,98,93,37.4,140,86,27,Yes,Yes,No,Yes,No,Yes,Influenza,HIGH
P4060,61,Female,67,94,37.8,136,72,20,No,No,No,No,No,Yes,Viral Infection,LOW
P4061,28,Female,77,96,38.4,139,65,16,Yes,No,Yes,No,No,No,Viral Infection,LOW
P4062,19,Female,67,98,37.9,98,77,14,Yes,Yes,No,No,No,No,Viral Infection,LOW
P4063,64,Female,84,95,37.3,121,69,27,No,Yes,No,Yes,No,No,Asthma,HIGH
P4064,55,Male,102,96,37.4,98,78,16,No,No,No,No,No,No,Migraine,LOW
P4065,73,Female,86,90,37.4,141,85,18,Yes,No,Yes,No,No,No,Pneumonia,HIGH
P4066,43,Female,113,98,35.8,120,86,22,No,Yes,No,No,Yes,No,Cardiac,MEDIUM
P4067,80,Female,83,89,38.4,150,89,21,Yes,Yes,Yes,Yes,No,Yes,COVID-19,CRITICAL
P4068,48,Male,105,98,37.3,130,76,21,No,No,No,No,Yes,No,Cardiac,MEDIUM
P4069,71,Female,59,97,36.9,100,84,10,No,No,Yes,No,No,Yes,Gastroenteritis,LOW
P4070,25,Female,81,90,38.1,93,91,20,Yes,Yes,Yes,Yes,No,Yes,COVID-19,HIGH
P4071,25,Male,78,94,38.3,121,57,27,No,No,No,Yes,No,No,Pneumonia,MEDIUM
P4072,75,Male,107,88,38.3,143,88,24,Yes,No,Yes,Yes,No,No,COVID-19,CRITICAL
P4073,78,Male,83,93,36.7,102,73,22,No,No,No,No,No,No,Gastroenteritis,MEDIUM
P4074,86,Female,54,94,37.2,139,100,15,No,No,Yes,No,No,No,Gastroenteritis,MEDIUM
P4075,41,Male,61,100,36.9,104,86,19,No,No,Yes,No,No,Yes,Migraine,MEDIUM
P4076,19,Female,72,89,38.0,102,86,22,Yes,Yes,Yes,No,No,No,Influenza,MEDIUM
P4077,89,Female,94,94,38.0,132,78,20,Yes,Yes,No,No,No,No,Viral Infection,HIGH
P4078,61,Male,90,98,36.4,131,84,26,No,No,Yes,No,No,No,Gastroenteritis,MEDIUM
P4079,36,Male,81,97,37.6,109,82,28,No,Yes,Yes,Yes,No,No,Influenza,HIGH
P4080,73,Male,80,96,38.9,103,60,28,Yes,Yes,Yes,Yes,Yes,No,COVID-19,CRITICAL
P4081,83,Female,98,90,36.4,141,87,28,No,Yes,No,Yes,No,No,Asthma,HIGH
P4082,38,Male,70,95,38.1,114,84,18,Yes,No,Yes,No,No,No,COVID-19,LOW
P4083,74,Male,93,91,38.2,120,70,22,Yes,Yes,Yes,Yes,No,No,Influenza,CRITICAL
P4084,75,Male,92,91,37.9,131,90,17,Yes,Yes,No,No,No,No,Pneumonia,MEDIUM
P4085,54,Male,82,94,38.2,121,82,16,Yes,No,No,Yes,No,Yes,Influenza,HIGH
P4086,64,Female,92,89,38.0,132,96,18,Yes,No,Yes,Yes,No,No,Influenza,CRITICAL
P4087,37,Female,86,93,37.5,116,74,22,Yes,Yes,Yes,Yes,No,No,Pneumonia,HIGH
P4088,85,Male,88,97,38.1,143,88,13,Yes,Yes,Yes,No,Yes,Yes,Viral Infection,HIGH
P4089,89,Male,72,87,36.6,141,90,24,No,Yes,Yes,No,Yes,No,COPD,CRITICAL
P4090,89,Male,97,92,37.9,155,59,23,No,Yes,Yes,No,No,No,Asthma,HIGH
P4091,71,Female,93,91,37.0,159,80,14,No,Yes,Yes,Yes,No,No,Gastroenteritis,HIGH
P4092,21,Male,89,92,36.5,120,79,29,No,Yes,No,Yes,No,Yes,COPD,HIGH
P4093,44,Female,93,97,38.1,112,55,16,No,Yes,No,No,No,Yes,Influenza,LOW
P4094,50,Female,84,93,37.5,102,87,27,Yes,Yes,Yes,Yes,No,No,Pneumonia,CRITICAL
P4095,88,Male,100,88,38.3,152,87,14,Yes,Yes,Yes,Yes,No,No,Pneumonia,CRITICAL
P4096,57,Male,88,94,36.7,119,86,16,No,No,No,No,No,No,Cardiac,LOW
P4097,57,Male,71,95,36.4,165,88,17,No,Yes,No,Yes,No,No,Asthma,MEDIUM
P4098,28,Female,96,96,37.8,164,74,19,No,Yes,No,Yes,No,No,COVID-19,MEDIUM
P4099,75,Male,66,89,37.9,132,85,32,No,No,No,Yes,Yes,No,COPD,CRITICAL
P4100,42,Male,82,97,36.8,94,87,15,No,No,No,No,Yes,No,Healthy/Minor,LOW
P4101,24,Male,80,88,37.7,130,79,17,No,Yes,Yes,Yes,No,No,COVID-19,MEDIUM
P4102,90,Male,83,89,36.5,176,69,26,No,Yes,No,Yes,No,No,COPD,HIGH
P4103,31,Male,87,92,37.0,99,79,20,No,Yes,No,Yes,Yes,No,Asthma,HIGH
P4104,19,Female,69,96,36.8,150,79,18,No,No,No,No,No,No,Gastroenteritis,LOW
P4105,23,Male,85,100,36.3,90,87,13,No,No,No,No,No,Yes,Migraine,LOW
P4106,51,Male,79,93,36.8,102,77,13,No,No,No,No,No,No,Gastroenteritis,LOW
P4107,25,Male,77,89,37.9,125,68,18,Yes,Yes,Yes,Yes,No,No,Pneumonia,HIGH
P4108,79,Female,105,92,36.6,154,75,28,No,Yes,No,Yes,No,No,Asthma,CRITICAL
P4109,55,Male,81,97,37.5,126,95,16,Yes,Yes,Yes,No,No,Yes,Viral Infection,MEDIUM
P4110,41,Male,93,92,37.7,128,81,17,Yes,Yes,Yes,Yes,No,Yes,COVID-19,HIGH
P4111,18,Male,96,99,36.6,138,92,18,No,Yes,No,No,Yes,No,Healthy/Minor,MEDIUM
P4112,53,Female,104,94,37.6,145,96,22,Yes,Yes,No,No,No,No,COVID-19,MEDIUM
P4113,29,Female,93,89,36.9,110,71,25,Yes,Yes,No,Yes,No,No,COPD,HIGH
P4114,89,Female,85,89,38.1,128,79,22,No,Yes,Yes,Yes,No,No,Asthma,HIGH
P4115,39,Female,66,94,37.7,137,77,22,No,Yes,No,Yes,No,No,Asthma,MEDIUM
P4116,52,Female,81,98,38.8,133,86,19,Yes,Yes,Yes,No,No,Yes,Viral Infection,MEDIUM
P4117,19,Male,99,95,37.6,129,64,17,Yes,Yes,No,Yes,No,Yes,Pneumonia,HIGH
P4118,27,Male,91,96,37.9,115,87,21,No,Yes,No,No,Yes,No,Cardiac,MEDIUM
P4119,33,Male,45,99,36.9,136,86,17,No,No,No,No,No,No,Cardiac,LOW
P4120,21,Female,89,100,38.3,102,67,12,Yes,Yes,No,No,Yes,No,Viral Infection,MEDIUM
P4121,70,Female,100,96,37.0,143,76,14,No,No,No,No,No,No,Cardiac,LOW
P4122,87,Female,78,95,36.6,143,91,19,Yes,No,No,No,Yes,No,Healthy/Minor,MEDIUM
P4123,89,Female,95,95,38.2,144,108,17,Yes,Yes,Yes,No,No,No,Viral Infection,HIGH
P4124,37,Male,93,92,38.4,132,75,25,Yes,Yes,No,No,No,No,COVID-19,MEDIUM
P4125,75,Male,72,93,37.1,119,88,18,No,Yes,Yes,No,No,Yes,Viral Infection,MEDIUM
P4126,54,Male,95,97,36.7,137,74,18,No,No,No,No,No,Yes,Healthy/Minor,LOW
P4127,21,Female,69,95,38.3,120,80,18,Yes,No,Yes,Yes,No,No,Pneumonia,MEDIUM
P4128,24,Female,85,96,36.9,113,76,17,No,No,No,No,Yes,No,Cardiac,MEDIUM
P4129,57,Male,84,93,38.1,107,78,28,Yes,No,No,Yes,No,No,COVID-19,CRITICAL
P4130,48,Male,75,97,36.5,160,108,16,No,No,No,No,Yes,No,Cardiac,MEDIUM
P4131,18,Female,89,98,38.0,119,79,20,Yes,Yes,Yes,Yes,No,No,Influenza,HIGH
P4132,85,Female,99,98,36.8,135,70,15,No,No,No,No,No,No,Migraine,MEDIUM
P4133,71,Female,103,93,37.0,116,90,24,No,Yes,No,Yes,No,No,Asthma,HIGH
P4134,54,Female,96,100,36.5,150,96,23,No,No,No,No,Yes,Yes,Cardiac,MEDIUM
P4135,90,Male,67,89,38.3,159,94,18,Yes,Yes,Yes,No,No,No,Influenza,HIGH
P4136,88,Male,64,99,37.0,155,85,19,No,No,Yes,Yes,No,No,Gastroenteritis,HIGH
P4137,89,Female,91,89,36.9,141,78,16,No,Yes,Yes,Yes,Yes,No,COPD,CRITICAL
P4138,36,Female,86,98,38.0,138,73,15,Yes,No,No,No,Yes,No,Cardiac,MEDIUM
P4139,82,Female,82,88,38.4,126,84,25,Yes,Yes,Yes,Yes,No,Yes,COVID-19,CRITICAL
P4140,54,Female,110,92,38.7,130,77,15,Yes,Yes,No,No,No,No,Pneumonia,HIGH
P4141,71,Female,88,86,36.9,133,78,22,No,Yes,Yes,No,No,No,Asthma,HIGH
P4142,80,Male,88,95,36.6,142,97,20,No,No,No,No,No,No,Healthy/Minor,LOW
P4143,29,Male,98,92,37.4,91,87,23,No,Yes,No,Yes,No,No,Pneumonia,HIGH
P4144,50,Female,79,97,37.2,154,92,19,No,No,No,No,No,No,Gastroenteritis,LOW
P4145,27,Female,119,90,37.0,146,70,18,No,Yes,No,Yes,No,No,Influenza,HIGH
P4146,38,Male,66,100,36.9,102,69,18,No,No,Yes,No,No,No,Gastroenteritis,LOW
P4147,48,Female,77,95,38.0,133,80,19,Yes,Yes,Yes,No,No,Yes,Pneumonia,MEDIUM
P4148,80,Male,76,96,36.7,114,89,27,No,Yes,No,Yes,No,No,Asthma,HIGH
P4149,80,Male,108,96,37.9,139,86,14,Yes,Yes,Yes,Yes,No,Yes,COVID-19,CRITICAL
P4150,46,Female,95,94,37.3,88,83,21,Yes,Yes,No,No,No,Yes,Influenza,MEDIUM
P4151,42,Female,78,96,38.5,116,94,22,Yes,Yes,No,Yes,No,No,COVID-19,HIGH
P4152,56,Male,74,94,37.7,119,79,28,No,No,No,Yes,No,No,COVID-19,HIGH
P4153,84,Male,106,88,36.4,158,94,24,No,Yes,No,Yes,No,No,COPD,CRITICAL
P4154,89,Female,87,95,37.0,169,92,20,No,No,Yes,No,No,No,Healthy/Minor,LOW
P4155,34,Female,103,95,36.8,147,79,24,No,No,No,No,No,No,Asthma,MEDIUM
P4156,31,Male,77,100,37.7,139,86,23,Yes,Yes,Yes,No,No,No,Viral Infection,MEDIUM
P4157,69,Female,94,94,36.6,134,76,22,No,No,No,Yes,No,No,Asthma,MEDIUM
P4158,40,Male,89,94,38.2,126,68,16,Yes,No,Yes,No,No,Yes,Influenza,MEDIUM
P4159,32,Female,77,95,38.8,126,82,15,Yes,Yes,No,Yes,No,No,Pneumonia,HIGH
P4160,20,Male,83,95,37.0,101,62,25,No,No,No,No,No,No,Asthma,LOW
P4161,47,Female,70,93,37.9,141,84,23,No,No,No,No,No,Yes,COVID-19,LOW
P4162,46,Female,84,100,38.6,134,68,16,Yes,No,Yes,No,No,No,Viral Infection,LOW
P4163,59,Female,89,98,37.1,140,97,14,Yes,No,Yes,No,No,No,Gastroenteritis,MEDIUM
P4164,32,Female,99,95,37.0,89,78,18,No,No,No,No,No,No,Cardiac,LOW
P4165,70,Female,96,90,36.9,141,98,25,No,Yes,No,No,No,No,COPD,MEDIUM
P4166,67,Female,85,93,38.2,148,81,26,Yes,Yes,Yes,No,No,No,COVID-19,HIGH
P4167,51,Female,106,98,36.6,131,81,12,No,No,No,No,Yes,No,Cardiac,MEDIUM
P4168,31,Female,97,94,37.4,112,87,14,Yes,Yes,Yes,No,No,No,Influenza,MEDIUM
P4169,55,Female,104,96,38.3,105,84,18,Yes,Yes,Yes,Yes,No,No,Pneumonia,HIGH
P4170,67,Female,106,91,38.6,109,82,18,Yes,Yes,No,Yes,No,Yes,COVID-19,CRITICAL
P4171,45,Female,83,92,37.4,125,75,16,Yes,Yes,Yes,Yes,No,Yes,Pneumonia,CRITICAL
P4172,37,Female,83,96,36.9,116,74,24,No,No,Yes,Yes,No,Yes,Gastroenteritis,MEDIUM
P4173,54,Male,95,93,37.7,122,104,12,No,Yes,Yes,Yes,No,Yes,Influenza,HIGH
P4174,43,Female,70,98,38.3,146,62,24,Yes,Yes,Yes,Yes,No,No,Pneumonia,CRITICAL
P4175,47,Male,63,97,38.0,103,67,21,Yes,Yes,No,No,No,Yes,Viral Infection,LOW
P4176,43,Female,61,99,38.6,116,90,21,No,No,No,No,No,No,Healthy/Minor,LOW
P4177,40,Male,84,93,36.7,147,89,23,No,Yes,No,No,No,No,Asthma,MEDIUM
P4178,70,Female,83,88,37.5,129,74,30,No,Yes,No,Yes,No,No,COPD,CRITICAL
P4179,51,Male,59,96,37.8,126,62,25,No,Yes,No,No,No,No,Migraine,MEDIUM
P4180,52,Female,87,94,38.1,123,93,21,Yes,Yes,No,Yes,No,No,Influenza,HIGH
P4181,65,Female,85,92,36.8,143,72,24,No,Yes,No,No,Yes,No,Asthma,HIGH
P4182,44,Male,100,97,37.9,89,74,28,No,Yes,Yes,Yes,No,Yes,Influenza,HIGH
P4183,25,Female,111,93,36.8,117,79,18,No,No,Yes,Yes,No,No,Asthma,HIGH
P4184,80,Male,87,95,37.6,139,74,18,Yes,No,No,No,No,No,Healthy/Minor,MEDIUM
P4185,22,Female,69,97,36.4,104,87,14,No,No,No,No,No,No,Migraine,LOW
P4186,59,Female,87,99,37.0,134,82,19,No,No,No,No,No,No,Healthy/Minor,LOW
P4187,37,Male,78,100,36.7,133,69,10,No,No,No,No,No,No,Migraine,LOW
P4188,33,Male,83,95,36.0,133,74,23,No,No,No,No,No,No,Cardiac,LOW
P4189,21,Male,67,99,37.2,148,91,19,No,No,No,No,No,No,Migraine,LOW
P4190,83,Male,75,91,37.3,132,83,22,No,No,Yes,No,No,Yes,Gastroenteritis,LOW
P4191,49,Male,83,97,36.5,132,86,11,No,Yes,No,Yes,No,No,Asthma,MEDIUM
P4192,43,Female,95,93,38.4,129,78,17,Yes,Yes,Yes,No,No,Yes,COVID-19,MEDIUM
P4193,72,Female,94,85,36.1,131,66,31,No,No,No,Yes,Yes,No,COPD,CRITICAL
P4194,20,Male,109,90,38.2,138,85,21,Yes,Yes,No,Yes,No,No,Pneumonia,HIGH
P4195,59,Male,95,96,36.7,133,92,14,No,Yes,No,No,No,No,Asthma,LOW
P4196,54,Male,91,89,38.2,107,99,23,Yes,Yes,No,Yes,No,No,Pneumonia,HIGH
P4197,58,Female,83,99,36.8,146,66,20,No,No,No,No,Yes,No,Cardiac,MEDIUM
P4198,27,Male,72,92,37.9,112,46,24,Yes,Yes,Yes,Yes,No,No,Pneumonia,HIGH
P4199,87,Male,81,90,37.7,136,93,23,Yes,Yes,No,Yes,No,Yes,COVID-19,CRITICAL
P4200,35,Male,76,90,36.8,116,72,27,No,Yes,No,Yes,No,No,COPD,HIGH
P4201,67,Male,53,88,38.5,144,69,21,Yes,Yes,Yes,No,No,No,Pneumonia,HIGH
P4202,72,Female,67,94,36.5,152,85,21,Yes,No,No,No,No,No,Healthy/Minor,MEDIUM
P4203,43,Male,106,95,37.8,119,74,23,No,Yes,No,Yes,No,No,Asthma,HIGH
P4204,27,Female,90,93,37.9,117,65,21,Yes,Yes,No,Yes,No,No,COVID-19,HIGH
P4205,39,Female,80,95,38.0,87,77,20,Yes,Yes,No,No,No,No,Influenza,MEDIUM
P4206,76,Female,86,95,38.2,125,90,17,Yes,Yes,Yes,No,No,Yes,Viral Infection,HIGH
P4207,84,Male,64,97,36.7,131,92,19,No,No,Yes,No,No,No,Cardiac,MEDIUM
P4208,86,Female,92,92,37.4,146,88,23,No,Yes,No,No,No,No,Asthma,MEDIUM
P4209,34,Male,102,92,38.1,118,82,25,Yes,Yes,No,Yes,No,Yes,Pneumonia,HIGH
P4210,62,Female,78,95,36.7,115,65,15,No,No,No,Yes,No,Yes,Migraine,MEDIUM
P4211,29,Female,55,100,37.4,122,77,24,No,No,No,No,No,No,Healthy/Minor,LOW
P4212,69,Male,82,89,37.4,132,86,21,Yes,Yes,No,Yes,No,Yes,COVID-19,HIGH
P4213,48,Female,102,95,37.6,83,76,26,Yes,Yes,No,Yes,No,No,Influenza,HIGH
P4214,70,Female,90,91,38.2,151,75,28,No,Yes,Yes,Yes,No,Yes,Influenza,CRITICAL
P4215,68,Female,68,90,38.3,149,76,25,Yes,Yes,Yes,Yes,No,No,Influenza,CRITICAL
P4216,90,Male,113,97,37.2,139,84,19,No,No,No,No,No,No,Migraine,LOW
P4217,53,Female,62,100,36.7,131,89,14,No,No,No,No,No,No,Healthy/Minor,LOW
P4218,42,Male,75,100,36.7,116,94,15,No,No,No,No,No,No,Healthy/Minor,LOW
P4219,56,Male,65,98,37.3,102,94,18,No,No,No,No,No,No,Migraine,LOW
P4220,29,Female,72,98,38.3,155,62,22,Yes,Yes,Yes,No,No,No,Pneumonia,MEDIUM
P4221,26,Male,72,93,36.4,132,69,22,No,No,No,No,No,No,Healthy/Minor,LOW
P4222,55,Female,94,90,37.5,142,87,20,Yes,Yes,Yes,Yes,No,Yes,COVID-19,HIGH
P4223,78,Male,105,90,38.6,133,98,22,Yes,Yes,Yes,Yes,No,No,COVID-19,CRITICAL
P4224,56,Male,74,100,36.8,145,71,10,Yes,Yes,No,No,No,No,Gastroenteritis,LOW
P4225,75,Male,74,94,38.0,114,86,27,No,No,Yes,Yes,No,No,Influenza,HIGH
P4226,30,Female,84,93,38.8,116,67,19,Yes,Yes,Yes,No,No,No,Viral Infection,MEDIUM
P4227,50,Female,85,97,37.0,136,83,21,No,No,No,No,No,No,Healthy/Minor,LOW
P4228,62,Male,82,94,36.5,120,76,22,No,No,Yes,No,No,Yes,Migraine,MEDIUM
P4229,43,Female,82,98,36.3,136,80,21,Yes,No,No,No,No,Yes,Migraine,MEDIUM
P4230,19,Male,84,96,38.7,125,66,26,Yes,Yes,No,No,No,No,COVID-19,MEDIUM
P4231,23,Female,86,96,37.4,123,62,25,Yes,Yes,Yes,No,No,No,Influenza,HIGH
P4232,85,Male,79,96,36.6,129,117,22,No,No,Yes,No,No,No,Migraine,MEDIUM
P4233,62,Female,101,97,37.3,142,87,10,No,No,No,No,No,No,Cardiac,LOW
P4234,37,Male,107,98,37.8,151,99,12,Yes,Yes,Yes,No,No,Yes,Viral Infection,MEDIUM
P4235,36,Male,87,95,38.2,123,93,16,Yes,Yes,Yes,Yes,No,Yes,Influenza,HIGH
P4236,20,Female,85,100,37.2,129,62,28,Yes,Yes,Yes,Yes,No,No,COVID-19,HIGH
P4237,86,Female,92,88,37.8,152,90,20,Yes,Yes,No,Yes,No,No,COVID-19,CRITICAL
P4238,25,Male,69,100,37.1,102,65,14,No,No,No,No,No,Yes,Gastroenteritis,LOW
P4239,73,Female,90,96,37.1,133,81,19,No,No,Yes,No,No,No,Migraine,LOW
P4240,35,Female,84,100,36.5,117,59,11,No,No,No,Yes,No,No,Healthy/Minor,LOW
P4241,42,Male,80,94,37.4,87,63,24,Yes,Yes,No,No,No,No,COVID-19,MEDIUM
P4242,37,Male,97,95,36.9,133,69,12,No,No,No,Yes,No,No,COPD,MEDIUM
P4243,78,Female,88,92,37.3,122,79,19,Yes,Yes,Yes,No,No,Yes,Influenza,HIGH
P4244,20,Female,72,92,38.5,131,78,23,Yes,Yes,No,No,No,No,Pneumonia,MEDIUM
P4245,43,Female,90,95,38.0,109,68,16,Yes,No,Yes,Yes,No,Yes,COVID-19,HIGH
P4246,38,Female,89,100,36.5,159,83,23,No,No,No,No,Yes,No,Cardiac,MEDIUM
P4247,37,Female,97,94,36.3,116,89,22,No,No,No,Yes,No,No,Asthma,MEDIUM
P4248,32,Female,96,88,37.6,151,81,27,Yes,Yes,Yes,Yes,No,No,COVID-19,CRITICAL
P4249,84,Female,88,95,36.4,143,89,21,No,No,Yes,No,No,No,Cardiac,MEDIUM
P4250,45,Male,72,98,38.1,121,82,17,Yes,Yes,Yes,No,No,No,Viral Infection,MEDIUM
P4251,48,Female,85,93,37.5,149,65,18,Yes,Yes,Yes,Yes,No,No,Pneumonia,HIGH
P4252,46,Female,90,92,38.1,108,89,26,Yes,Yes,No,Yes,No,No,COVID-19,CRITICAL
P4253,89,Male,88,99,37.3,143,75,21,No,No,Yes,Yes,No,No,Gastroenteritis,HIGH
P4254,42,Female,82,91,37.2,130,94,26,No,No,No,Yes,No,No,Migraine,MEDIUM
P4255,42,Female,77,98,38.0,127,86,21,No,Yes,No,No,No,Yes,Viral Infection,LOW
P4256,41,Male,98,94,38.4,121,84,20,Yes,Yes,No,No,No,No,Pneumonia,MEDIUM
P4257,41,Male,76,97,37.4,119,84,23,No,Yes,No,No,No,No,COPD,MEDIUM
P4258,24,Male,110,98,38.0,134,78,19,No,Yes,No,No,No,No,Viral Infection,LOW
P4259,62,Male,96,95,38.0,133,74,27,No,Yes,Yes,Yes,No,No,COVID-19,HIGH
P4260,19,Male,70,94,36.8,135,69,28,No,Yes,Yes,Yes,No,No,Asthma,CRITICAL
P4261,34,Male,80,98,36.4,126,96,16,No,No,No,No,No,No,Healthy/Minor,LOW
P4262,32,Male,95,98,38.5,130,79,17,Yes,No,Yes,Yes,No,No,Influenza,MEDIUM
P4263,39,Male,73,95,37.1,138,67,10,No,No,Yes,No,No,Yes,Gastroenteritis,LOW
P4264,73,Male,61,94,38.2,130,89,14,Yes,Yes,Yes,No,No,No,Viral Infection,MEDIUM
P4265,61,Female,73,96,37.6,147,85,19,No,No,Yes,Yes,No,No,Pneumonia,HIGH
P4266,90,Male,89,96,37.8,140,84,26,No,No,Yes,Yes,No,No,Gastroenteritis,HIGH
P4267,43,Female,62,93,36.7,99,70,29,No,Yes,No,Yes,No,No,Asthma,HIGH
P4268,85,Male,63,95,37.5,135,93,23,Yes,Yes,Yes,No,No,No,Viral Infection,HIGH
P4269,21,Female,85,100,37.6,108,87,23,Yes,No,No,No,No,No,Viral Infection,LOW
P4270,54,Female,76,99,38.6,132,84,14,Yes,No,No,No,No,No,Viral Infection,LOW
P4271,76,Female,79,89,37.4,132,85,17,No,Yes,Yes,Yes,No,No,Influenza,MEDIUM
P4272,56,Male,72,99,36.5,129,73,12,No,No,No,No,No,No,Migraine,LOW
P4273,86,Female,62,95,38.1,157,91,10,Yes,No,Yes,No,Yes,No,Healthy/Minor,HIGH
P4274,40,Male,92,99,37.2,150,76,12,No,No,No,No,No,No,Cardiac,LOW
P4275,20,Male,76,97,36.5,131,69,15,Yes,No,Yes,No,Yes,No,Cardiac,HIGH
P4276,74,Female,80,88,37.7,153,95,25,Yes,Yes,Yes,Yes,No,Yes,Influenza,CRITICAL
P4277,22,Male,83,100,37.1,117,68,18,Yes,Yes,No,No,No,No,Viral Infection,LOW
P4278,73,Male,84,93,37.9,110,65,21,Yes,Yes,Yes,No,No,Yes,Influenza,HIGH
P4279,71,Female,78,95,38.2,115,97,27,Yes,Yes,Yes,Yes,No,Yes,COVID-19,CRITICAL
P4280,79,Male,55,92,37.8,134,68,16,No,No,No,No,No,No,Healthy/Minor,LOW
P4281,52,Female,83,98,35.9,138,76,17,No,No,Yes,No,No,No,Healthy/Minor,LOW
P4282,83,Male,82,95,36.2,136,75,14,No,No,No,No,No,Yes,Healthy/Minor,LOW
P4283,30,Male,78,92,36.7,139,71,27,No,Yes,No,No,No,No,Asthma,LOW
P4284,49,Male,72,89,39.2,153,102,22,Yes,Yes,Yes,Yes,No,No,Pneumonia,CRITICAL
P4285,26,Male,85,91,37.2,106,77,25,No,Yes,No,Yes,No,Yes,Asthma,HIGH
P4286,73,Male,94,92,38.1,169,88,19,Yes,No,Yes,No,No,No,Influenza,HIGH
P4287,70,Male,81,94,37.3,107,91,20,No,Yes,No,No,No,No,Viral Infection,LOW
P4288,76,Male,110,93,35.8,172,82,22,No,No,No,No,No,Yes,Cardiac,MEDIUM
P4289,73,Male,96,95,36.8,134,95,15,No,Yes,Yes,Yes,No,No,Asthma,HIGH
P4290,40,Male,84,100,37.9,116,82,27,No,Yes,Yes,No,No,Yes,Influenza,MEDIUM
P4291,22,Female,95,93,36.7,120,86,16,No,Yes,No,Yes,No,Yes,Asthma,MEDIUM
P4292,85,Female,82,91,37.7,127,79,20,Yes,No,Yes,Yes,No,Yes,Viral Infection,HIGH
P4293,53,Female,79,99,36.5,150,85,25,No,No,Yes,No,No,No,Gastroenteritis,LOW
P4294,24,Female,102,88,37.8,109,78,26,Yes,Yes,Yes,Yes,No,Yes,Influenza,CRITICAL
P4295,85,Male,77,87,38.5,131,97,17,Yes,Yes,No,Yes,No,Yes,Pneumonia,CRITICAL
P4296,90,Male,89,92,37.5,120,82,23,Yes,Yes,Yes,No,No,No,COVID-19,HIGH
P4297,50,Female,100,90,37.8,113,100,28,Yes,Yes,No,Yes,No,No,Influenza,CRITICAL
P4298,74,Male,84,95,36.8,124,88,15,Yes,No,Yes,No,No,No,Healthy/Minor,MEDIUM
P4299,20,Female,73,94,37.1,108,77,15,Yes,No,Yes,No,No,No,Gastroenteritis,MEDIUM
P4300,24,Male,63,94,37.5,117,76,20,No,No,Yes,No,No,Yes,Influenza,LOW
P4301,38,Male,48,100,37.2,102,78,20,No,No,Yes,No,No,No,Migraine,LOW
P4302,65,Female,113,92,37.9,157,76,15,Yes,Yes,Yes,No,No,No,COVID-19,MEDIUM
P4303,27,Female,89,93,37.8,118,85,25,Yes,Yes,No,Yes,No,No,Pneumonia,HIGH
P4304,20,Female,78,96,37.5,132,82,14,No,No,No,No,No,Yes,Cardiac,LOW
P4305,66,Male,91,89,37.5,145,102,24,Yes,No,Yes,No,No,Yes,Influenza,MEDIUM
P4306,74,Male,75,89,37.1,168,80,23,No,Yes,No,No,No,No,Asthma,HIGH
P4307,71,Female,76,98,38.4,149,82,22,Yes,Yes,Yes,No,No,Yes,Viral Infection,HIGH
P4308,76,Male,68,92,36.9,132,80,19,No,No,No,No,Yes,No,Healthy/Minor,MEDIUM
P4309,76,Female,69,90,38.1,119,103,30,Yes,Yes,Yes,Yes,No,No,COVID-19,CRITICAL
P4310,61,Male,60,99,38.1,141,71,21,Yes,No,No,No,Yes,No,Cardiac,MEDIUM
P4311,55,Female,65,96,37.9,144,82,18,Yes,Yes,Yes,No,No,No,Pneumonia,MEDIUM
P4312,80,Female,102,97,36.9,146,92,25,No,No,No,Yes,Yes,Yes,Cardiac,HIGH
P4313,43,Male,72,93,38.0,122,67,23,Yes,Yes,No,No,No,Yes,Pneumonia,MEDIUM
P4314,25,Female,93,96,36.9,129,108,18,No,No,Yes,No,No,No,Cardiac,LOW
P4315,72,Male,100,94,38.3,104,74,28,Yes,Yes,No,No,No,No,Pneumonia,HIGH
P4316,38,Male,78,96,36.7,122,78,12,No,No,No,No,No,Yes,Healthy/Minor,LOW
P4317,89,Female,78,93,37.0,154,104,13,Yes,Yes,Yes,No,No,No,Viral Infection,MEDIUM
P4318,48,Female,87,97,38.1,123,76,22,Yes,Yes,Yes,Yes,No,No,COVID-19,CRITICAL
P4319,80,Male,76,97,36.3,156,87,16,No,No,Yes,No,No,No,Migraine,LOW
P4320,21,Male,101,95,38.5,139,75,31,Yes,Yes,No,No,No,No,Influenza,MEDIUM
P4321,66,Male,104,97,36.8,124,82,16,No,No,Yes,No,Yes,No,Migraine,MEDIUM
P4322,50,Female,104,93,38.6,132,91,22,No,No,Yes,Yes,No,Yes,COVID-19,HIGH
P4323,51,Female,57,89,37.5,126,76,23,Yes,Yes,Yes,No,No,No,Influenza,HIGH
P4324,37,Female,72,99,36.6,88,51,23,No,No,Yes,No,No,No,Gastroenteritis,LOW
P4325,88,Male,89,91,36.6,139,86,20,No,Yes,No,Yes,No,No,Asthma,HIGH
P4326,46,Male,91,89,36.1,106,80,15,Yes,No,No,Yes,No,Yes,COPD,MEDIUM
P4327,80,Male,66,86,37.3,140,87,30,No,Yes,Yes,Yes,No,No,COPD,CRITICAL
P4328,49,Male,62,93,37.2,135,78,22,Yes,Yes,Yes,No,No,Yes,Influenza,HIGH
P4329,21,Male,102,90,38.7,117,69,26,Yes,Yes,Yes,No,No,Yes,Influenza,MEDIUM
P4330,82,Female,82,95,37.0,130,87,23,No,No,No,No,Yes,Yes,Cardiac,MEDIUM
P4331,31,Male,67,97,36.7,130,100,22,No,No,No,No,No,No,Cardiac,LOW
P4332,37,Male,71,93,38.4,159,78,20,Yes,Yes,Yes,No,No,No,Influenza,MEDIUM
P4333,80,Female,93,92,38.3,103,92,21,Yes,No,Yes,Yes,No,Yes,COVID-19,CRITICAL
P4334,83,Female,79,97,36.6,149,79,10,No,Yes,No,No,Yes,No,Cardiac,MEDIUM
P4335,84,Female,85,94,36.9,131,83,15,Yes,No,Yes,No,No,No,Gastroenteritis,MEDIUM
P4336,49,Male,65,100,38.2,117,70,17,Yes,No,No,No,No,No,Viral Infection,MEDIUM
P4337,73,Male,65,90,36.4,133,97,21,No,Yes,Yes,Yes,No,No,Asthma,HIGH
P4338,41,Female,104,96,37.0,115,63,17,No,Yes,No,Yes,No,No,COPD,MEDIUM
P4339,72,Female,93,94,35.6,150,91,19,No,No,No,No,No,No,Cardiac,LOW
P4340,54,Male,81,89,37.0,122,84,28,Yes,Yes,Yes,Yes,No,Yes,COVID-19,CRITICAL
P4341,21,Female,78,96,38.2,85,81,22,Yes,Yes,Yes,Yes,No,No,Influenza,HIGH
P4342,48,Male,104,95,38.0,144,56,17,Yes,Yes,Yes,Yes,No,Yes,Influenza,CRITICAL
P4343,52,Male,86,100,37.5,143,60,23,Yes,Yes,Yes,No,Yes,No,Viral Infection,HIGH
P4344,36,Male,100,94,37.9,110,79,19,No,No,Yes,No,No,No,Pneumonia,LOW
P4345,45,Female,78,100,36.6,129,74,24,No,No,No,No,No,No,Cardiac,MEDIUM
P4346,54,Male,87,97,36.4,152,78,16,No,No,Yes,No,Yes,No,Cardiac,MEDIUM
P4347,21,Female,90,96,37.2,137,74,22,No,Yes,No,Yes,No,No,COVID-19,MEDIUM
P4348,29,Male,71,97,37.0,142,67,24,Yes,Yes,No,No,No,Yes,Viral Infection,MEDIUM
P4349,73,Male,79,97,37.1,141,72,13,No,No,No,No,No,No,Gastroenteritis,MEDIUM
P4350,43,Female,77,95,38.0,134,79,17,Yes,Yes,No,Yes,No,No,Influenza,HIGH
P4351,62,Female,84,100,37.2,152,63,16,No,No,No,No,No,No,Migraine,LOW
P4352,59,Male,69,94,36.6,123,76,21,No,Yes,No,No,No,No,COPD,LOW
P4353,58,Male,93,84,38.1,135,75,34,Yes,Yes,Yes,Yes,No,No,COVID-19,CRITICAL
P4354,48,Male,82,98,36.7,89,79,13,No,No,No,No,No,No,Gastroenteritis,LOW
P4355,53,Male,76,96,36.8,101,104,11,No,No,Yes,No,No,No,Gastroenteritis,MEDIUM
P4356,78,Male,94,90,37.9,145,75,20,Yes,Yes,No,No,No,Yes,COVID-19,HIGH
P4357,88,Female,77,95,36.9,152,91,20,No,No,No,No,No,No,Healthy/Minor,LOW
P4358,36,Male,77,100,36.2,120,84,19,No,No,No,No,No,No,Cardiac,LOW
P4359,66,Female,95,96,37.1,128,92,16,No,Yes,No,No,No,No,Cardiac,MEDIUM
P4360,88,Female,96,90,38.6,136,85,24,Yes,Yes,Yes,Yes,No,Yes,Influenza,CRITICAL
P4361,18,Female,78,89,38.6,123,92,31,Yes,No,No,No,No,No,COVID-19,HIGH
P4362,75,Female,80,95,36.6,99,91,24,No,Yes,No,Yes,No,No,Asthma,MEDIUM
P4363,54,Female,84,96,36.5,140,92,18,No,Yes,No,No,No,No,Cardiac,LOW
P4364,88,Male,82,89,36.6,142,72,33,No,Yes,No,No,No,No,COPD,HIGH
P4365,60,Male,99,100,37.0,133,83,14,No,No,No,No,No,Yes,Migraine,LOW
P4366,79,Female,92,89,37.9,136,80,21,Yes,Yes,Yes,Yes,No,No,Pneumonia,CRITICAL
P4367,30,Male,78,97,36.4,98,69,15,No,No,Yes,No,No,No,Gastroenteritis,LOW
P4368,28,Female,66,99,37.2,102,72,15,Yes,Yes,No,No,No,No,Viral Infection,LOW
P4369,85,Female,91,91,36.8,165,86,11,No,No,No,No,No,No,Migraine,MEDIUM
P4370,56,Female,71,93,35.5,117,85,18,No,No,Yes,No,No,No,Migraine,MEDIUM
P4371,58,Male,70,97,37.9,141,91,18,No,No,No,No,No,No,Viral Infection,LOW
P4372,30,Male,95,92,37.5,103,87,21,Yes,Yes,Yes,Yes,No,Yes,Influenza,HIGH
P4373,34,Male,83,98,37.2,120,81,18,No,No,Yes,No,No,No,Gastroenteritis,LOW
P4374,77,Male,48,93,37.3,130,85,20,No,No,Yes,No,No,No,Healthy/Minor,MEDIUM
P4375,40,Male,84,99,37.3,121,79,11,No,No,No,No,No,No,Cardiac,LOW
P4376,60,Male,88,87,37.7,124,79,23,Yes,No,Yes,Yes,No,No,Pneumonia,CRITICAL
P4377,41,Male,74,98,36.3,144,70,20,No,No,No,No,No,No,Healthy/Minor,LOW
P4378,37,Female,87,95,37.5,151,74,15,Yes,Yes,Yes,No,No,No,Pneumonia,MEDIUM
P4379,30,Female,61,94,38.0,124,82,29,Yes,Yes,Yes,No,No,No,COVID-19,HIGH
P4380,85,Female,52,91,37.2,134,102,18,Yes,Yes,No,Yes,No,Yes,Pneumonia,CRITICAL
P4381,86,Male,76,89,37.4,119,85,19,No,No,No,Yes,Yes,No,Asthma,HIGH
P4382,26,Male,89,93,36.7,98,70,23,No,Yes,No,No,No,No,Asthma,MEDIUM
P4383,43,Female,45,95,37.0,145,88,24,Yes,No,No,No,No,No,COPD,MEDIUM
P4384,59,Male,68,96,36.0,105,61,20,No,No,No,No,No,No,Healthy/Minor,LOW
P4385,45,Male,60,96,36.7,115,89,25,No,Yes,No,Yes,No,No,Asthma,MEDIUM
P4386,70,Female,84,92,36.2,136,69,22,No,Yes,Yes,No,No,No,COPD,MEDIUM
P4387,36,Female,103,93,38.4,78,85,17,Yes,Yes,No,No,No,No,Viral Infection,MEDIUM
P4388,22,Female,75,98,37.8,100,73,16,No,Yes,Yes,Yes,No,Yes,Viral Infection,MEDIUM
P4389,42,Male,84,91,38.2,99,82,23,Yes,Yes,No,Yes,No,No,Pneumonia,HIGH
P4390,61,Male,97,89,37.9,119,103,22,Yes,No,Yes,Yes,No,No,Influenza,HIGH
P4391,31,Male,86,100,37.3,130,74,15,No,No,Yes,No,Yes,Yes,Cardiac,MEDIUM
P4392,77,Female,78,97,37.7,153,75,17,Yes,Yes,No,No,No,No,Viral Infection,MEDIUM
P4393,18,Male,97,92,36.7,109,79,14,No,Yes,No,No,No,No,COPD,LOW
P4394,22,Male,91,90,37.9,113,93,26,Yes,Yes,Yes,Yes,No,No,Pneumonia,CRITICAL
P4395,55,Male,82,99,37.0,125,82,18,No,No,No,No,No,Yes,Migraine,LOW
P4396,55,Male,77,94,37.0,114,81,10,No,No,No,Yes,No,No,Gastroenteritis,MEDIUM
P4397,39,Male,82,98,38.1,133,84,21,No,No,No,No,No,Yes,Cardiac,LOW
P4398,36,Female,90,96,38.7,127,68,17,Yes,Yes,No,No,No,No,Viral Infection,MEDIUM
P4399,23,Female,74,100,36.0,76,80,13,No,No,No,No,No,No,Migraine,LOW
P4400,66,Female,96,94,36.7,142,79,14,No,No,No,No,No,No,Gastroenteritis,LOW
P4401,45,Male,64,99,36.6,124,92,14,No,Yes,No,No,No,No,Gastroenteritis,MEDIUM
P4402,26,Female,97,99,37.4,124,86,13,No,No,Yes,No,No,No,Gastroenteritis,LOW
P4403,47,Female,91,91,36.7,142,66,18,No,Yes,No,Yes,No,No,COPD,MEDIUM
P4404,86,Male,76,91,37.0,112,83,32,No,Yes,Yes,Yes,No,No,Asthma,CRITICAL
P4405,37,Female,85,99,35.7,100,83,19,No,No,Yes,No,No,No,Gastroenteritis,LOW
P4406,83,Male,81,93,36.1,144,80,28,No,No,No,No,No,No,Cardiac,MEDIUM
P4407,36,Female,85,95,38.0,83,67,23,Yes,Yes,No,Yes,No,Yes,Asthma,HIGH
P4408,31,Male,79,96,37.9,117,73,25,Yes,No,Yes,Yes,No,No,Influenza,HIGH
P4409,37,Male,76,99,36.7,134,81,13,Yes,Yes,Yes,No,No,No,Gastroenteritis,MEDIUM
P4410,41,Male,98,97,36.9,133,93,16,Yes,Yes,No,No,No,No,Cardiac,MEDIUM
P4411,26,Female,92,94,37.4,121,80,22,Yes,Yes,No,No,No,Yes,COVID-19,MEDIUM
P4412,60,Male,71,92,37.8,125,106,25,Yes,Yes,Yes,Yes,No,No,COVID-19,CRITICAL
P4413,42,Female,71,93,37.5,114,72,22,No,Yes,No,No,No,No,Pneumonia,LOW
P4414,70,Male,84,92,36.4,126,91,21,No,No,No,No,Yes,No,Healthy/Minor,MEDIUM
P4415,53,Female,83,100,37.7,130,69,18,Yes,Yes,Yes,No,No,Yes,Viral Infection,HIGH
P4416,50,Male,77,100,37.3,106,100,16,Yes,No,No,No,No,No,Cardiac,MEDIUM
P4417,52,Male,106,92,37.0,149,94,20,Yes,Yes,No,Yes,No,No,Asthma,HIGH
P4418,29,Male,89,100,37.4,108,85,14,No,No,No,No,No,Yes,Migraine,LOW
P4419,70,Male,79,93,36.8,142,66,29,No,Yes,No,Yes,No,No,COPD,CRITICAL
P4420,25,Male,69,95,37.5,121,85,16,No,No,No,No,No,No,Healthy/Minor,LOW
P4421,70,Male,84,85,37.5,115,75,25,Yes,Yes,No,Yes,No,Yes,Influenza,HIGH
P4422,90,Female,85,95,37.9,163,92,23,No,Yes,Yes,No,No,No,Influenza,HIGH
P4423,73,Male,105,95,37.0,158,73,24,No,No,No,No,No,Yes,Cardiac,MEDIUM
P4424,51,Male,98,92,37.8,100,83,13,Yes,Yes,No,Yes,No,No,Pneumonia,HIGH
P4425,40,Male,86,98,37.1,125,78,18,No,Yes,No,No,Yes,No,Cardiac,MEDIUM
P4426,81,Female,90,94,36.7,142,78,13,Yes,No,No,No,No,Yes,Migraine,MEDIUM
P4427,36,Male,96,100,38.5,87,84,24,Yes,Yes,Yes,Yes,No,Yes,Influenza,HIGH
P4428,53,Female,86,92,37.7,92,80,21,No,Yes,No,Yes,No,No,Asthma,MEDIUM
P4429,74,Male,86,96,36.8,122,82,12,No,No,Yes,No,No,No,Gastroenteritis,LOW
P4430,85,Female,89,99,37.1,119,93,21,Yes,No,No,No,No,Yes,Viral Infection,MEDIUM
P4431,85,Male,95,93,36.8,124,105,25,No,Yes,No,Yes,No,No,COPD,HIGH
P4432,24,Male,75,97,37.5,99,81,21,Yes,Yes,Yes,Yes,No,No,Pneumonia,HIGH
P4433,83,Female,80,94,37.5,143,72,19,No,Yes,No,No,No,Yes,Cardiac,MEDIUM
P4434,26,Male,81,93,37.2,106,62,23,No,Yes,No,Yes,No,Yes,Asthma,MEDIUM
P4435,60,Male,70,92,36.3,147,82,22,No,No,No,No,No,Yes,Migraine,MEDIUM
P4436,85,Female,69,89,36.8,143,96,23,No,Yes,No,No,No,No,COPD,MEDIUM
P4437,65,Male,95,94,37.2,144,84,27,Yes,Yes,Yes,No,No,No,COVID-19,HIGH
P4438,87,Female,86,98,36.9,114,92,19,No,No,Yes,Yes,No,No,Migraine,HIGH
P4439,43,Male,68,97,36.8,111,78,28,No,Yes,Yes,Yes,Yes,No,COPD,CRITICAL
P4440,40,Male,82,95,38.3,122,88,21,Yes,Yes,No,Yes,Yes,No,Pneumonia,CRITICAL
P4441,41,Male,84,100,37.0,134,88,14,No,No,No,No,No,No,Cardiac,LOW
P4442,43,Male,80,98,37.1,111,68,12,Yes,No,No,No,No,No,Healthy/Minor,LOW
P4443,67,Male,66,99,36.1,124,87,19,No,No,Yes,No,No,Yes,Gastroenteritis,MEDIUM
P4444,51,Female,67,94,37.9,119,65,18,Yes,No,Yes,Yes,No,No,COVID-19,MEDIUM
P4445,71,Female,87,99,37.2,129,88,25,No,No,Yes,No,No,No,Gastroenteritis,MEDIUM
P4446,48,Male,65,96,37.7,158,77,18,No,Yes,No,Yes,No,Yes,COVID-19,MEDIUM
P4447,40,Female,82,93,36.4,125,80,19,No,No,No,No,No,No,COPD,LOW
P4448,31,Female,81,87,37.2,121,81,25,No,Yes,No,Yes,No,No,COPD,HIGH
P4449,58,Female,84,97,37.6,108,84,27,Yes,Yes,Yes,Yes,No,No,Pneumonia,CRITICAL
P4450,83,Male,92,92,38.4,120,100,27,Yes,Yes,Yes,Yes,No,Yes,COVID-19,CRITICAL
P4451,80,Female,102,97,36.8,135,86,24,No,No,No,No,No,No,Healthy/Minor,LOW
P4452,36,Male,64,94,37.8,138,80,22,Yes,No,Yes,Yes,No,No,Pneumonia,HIGH
P4453,52,Female,90,99,38.5,122,93,17,Yes,Yes,No,No,No,Yes,Viral Infection,MEDIUM
P4454,69,Female,47,99,36.2,131,102,28,No,No,No,No,No,No,Gastroenteritis,LOW
P4455,62,Male,104,90,37.7,118,82,30,No,No,No,Yes,No,Yes,COPD,HIGH
P4456,22,Male,58,95,37.6,92,73,25,No,Yes,No,No,No,No,Influenza,LOW
P4457,61,Male,118,91,38.0,136,77,27,Yes,Yes,Yes,Yes,No,No,Pneumonia,CRITICAL
P4458,20,Female,80,95,38.0,116,83,26,Yes,Yes,Yes,Yes,No,No,Pneumonia,HIGH
P4459,26,Female,103,99,36.9,133,80,12,No,No,No,No,No,No,Cardiac,LOW
P4460,65,Male,94,96,36.5,134,65,17,No,No,No,No,No,Yes,Healthy/Minor,LOW
P4461,25,Male,72,98,37.7,105,89,24,Yes,Yes,Yes,No,No,No,Viral Infection,MEDIUM
P4462,42,Male,80,92,37.4,125,87,25,No,Yes,Yes,Yes,No,Yes,Influenza,CRITICAL
P4463,60,Male,75,92,38.8,108,93,22,Yes,Yes,Yes,No,No,Yes,COVID-19,HIGH
P4464,65,Female,97,94,37.7,135,96,29,Yes,Yes,No,No,No,No,Pneumonia,HIGH
P4465,50,Male,72,99,37.3,123,82,19,No,No,Yes,No,No,No,Healthy/Minor,LOW
P4466,24,Male,74,88,38.4,145,81,25,Yes,Yes,Yes,Yes,No,Yes,Pneumonia,CRITICAL
P4467,76,Female,95,92,38.1,122,95,26,Yes,Yes,No,No,No,Yes,Pneumonia,HIGH
P4468,87,Male,78,95,36.7,126,78,21,No,No,No,No,No,No,Cardiac,MEDIUM
P4469,82,Female,84,88,36.9,132,82,27,No,No,No,No,No,No,COPD,HIGH
P4470,72,Female,89,88,38.2,144,83,30,No,Yes,Yes,Yes,Yes,Yes,Pneumonia,CRITICAL
P4471,47,Male,70,98,36.8,78,88,23,No,No,No,No,No,No,Gastroenteritis,LOW
P4472,81,Female,82,90,37.2,152,80,22,No,No,No,Yes,No,No,Influenza,HIGH
P4473,53,Female,105,97,37.4,123,73,24,No,Yes,No,No,No,No,Influenza,LOW
P4474,27,Female,82,89,38.6,102,74,28,Yes,Yes,Yes,Yes,No,No,Influenza,CRITICAL
P4475,80,Male,83,88,36.7,132,90,23,No,Yes,Yes,No,No,Yes,COVID-19,HIGH
P4476,41,Male,76,95,36.9,109,77,11,No,No,No,No,No,No,Healthy/Minor,LOW
P4477,86,Male,95,90,36.7,121,72,20,No,Yes,No,Yes,No,No,COPD,HIGH
P4478,44,Male,65,100,36.9,91,66,13,No,No,No,No,No,No,Migraine,LOW
P4479,81,Male,94,92,37.7,150,87,22,Yes,No,Yes,No,No,Yes,COVID-19,MEDIUM
P4480,57,Female,82,95,37.0,119,83,14,No,No,Yes,No,No,No,Gastroenteritis,LOW
P4481,52,Female,55,97,36.9,119,80,22,No,No,Yes,No,No,No,Healthy/Minor,MEDIUM
P4482,39,Male,108,91,39.1,134,73,21,Yes,Yes,Yes,Yes,No,Yes,COVID-19,HIGH
P4483,79,Male,100,97,36.9,138,93,25,No,No,No,No,No,Yes,Healthy/Minor,MEDIUM
P4484,22,Male,76,97,37.4,101,86,12,No,No,No,No,No,No,Cardiac,LOW
P4485,52,Male,64,94,36.1,136,84,15,No,No,Yes,No,No,Yes,Migraine,LOW
P4486,44,Female,88,95,38.4,146,82,22,Yes,Yes,Yes,No,No,No,Pneumonia,MEDIUM
P4487,57,Male,68,100,36.9,142,101,21,No,No,Yes,No,No,No,Cardiac,LOW
P4488,36,Male,103,91,36.9,106,68,27,No,Yes,No,Yes,No,No,COPD,HIGH
P4489,66,Female,74,96,36.9,108,78,17,No,No,No,No,No,No,Healthy/Minor,LOW
P4490,46,Male,99,94,38.7,108,76,21,Yes,Yes,Yes,No,No,No,Viral Infection,MEDIUM
P4491,31,Male,74,88,38.0,122,91,14,Yes,Yes,No,No,No,Yes,COVID-19,MEDIUM
P4492,32,Male,77,93,36.7,143,74,21,No,No,No,No,No,No,Healthy/Minor,LOW
P4493,68,Female,96,95,37.9,120,75,13,No,Yes,No,No,No,Yes,Viral Infection,LOW
P4494,37,Male,82,97,37.5,116,81,19,No,No,No,No,Yes,No,Cardiac,MEDIUM
P4495,40,Female,89,95,38.1,136,79,27,Yes,Yes,No,No,No,No,Influenza,MEDIUM
P4496,63,Female,101,93,37.2,123,94,26,Yes,Yes,No,No,No,No,Pneumonia,MEDIUM
P4497,42,Male,78,96,38.1,148,75,15,Yes,No,No,No,No,Yes,Influenza,LOW
P4498,46,Female,69,96,37.4,120,72,20,Yes,No,Yes,No,No,No,Influenza,MEDIUM
P4499,35,Female,59,97,37.0,139,69,20,No,No,No,No,No,No,Healthy/Minor,LOW
P4500,43,Male,93,91,37.5,127,75,25,No,Yes,Yes,Yes,Yes,No,Pneumonia,CRITICAL
P4501,68,Female,85,90,36.7,144,109,20,No,No,Yes,No,No,No,Gastroenteritis,LOW
P4502,56,Male,100,100,36.9,130,89,10,No,No,Yes,No,No,No,Cardiac,MEDIUM
P4503,90,Male,86,93,37.5,147,97,24,No,No,No,No,Yes,No,Cardiac,MEDIUM
P4504,74,Female,69,87,38.1,142,84,30,No,Yes,No,Yes,No,No,Pneumonia,CRITICAL
P4505,19,Male,55,98,37.4,139,83,18,No,No,No,No,Yes,Yes,Cardiac,LOW
P4506,45,Male,123,94,38.1,137,91,18,Yes,No,No,No,No,No,Cardiac,MEDIUM
P4507,39,Male,93,98,36.8,98,88,19,No,No,No,No,Yes,No,Cardiac,MEDIUM
P4508,60,Male,88,93,38.6,133,85,29,No,Yes,Yes,Yes,No,Yes,Pneumonia,CRITICAL
P4509,37,Female,82,100,36.5,109,78,18,No,Yes,Yes,No,No,No,Gastroenteritis,LOW
P4510,88,Female,70,93,38.5,133,83,23,Yes,Yes,Yes,No,Yes,Yes,Influenza,CRITICAL
P4511,39,Male,76,100,36.4,133,86,19,No,No,No,No,Yes,Yes,Cardiac,MEDIUM
P4512,56,Female,108,94,37.1,154,82,22,Yes,Yes,No,Yes,No,No,Asthma,CRITICAL
P4513,26,Male,94,91,38.4,116,99,22,Yes,Yes,Yes,Yes,No,No,Pneumonia,HIGH
P4514,84,Male,71,93,38.2,171,96,11,Yes,Yes,Yes,No,No,Yes,Viral Infection,HIGH
P4515,84,Female,72,90,37.3,122,79,26,Yes,No,Yes,Yes,No,No,Pneumonia,CRITICAL
P4516,75,Female,74,100,36.4,155,73,24,No,No,No,No,No,No,Healthy/Minor,LOW
P4517,43,Male,74,97,38.2,128,75,22,Yes,Yes,No,No,No,Yes,Viral Infection,MEDIUM
P4518,22,Male,112,94,38.0,123,67,26,Yes,No,No,Yes,Yes,Yes,COVID-19,CRITICAL
P4519,69,Female,84,95,37.3,155,79,24,Yes,Yes,Yes,Yes,No,No,COVID-19,HIGH
P4520,49,Female,70,94,37.9,114,70,23,No,Yes,No,Yes,No,Yes,Influenza,HIGH
P4521,90,Male,81,93,37.8,163,84,24,Yes,No,Yes,Yes,No,No,Viral Infection,HIGH
P4522,68,Female,91,98,36.9,135,84,23,No,No,No,No,No,No,Cardiac,LOW
P4523,57,Female,69,92,38.1,117,83,29,Yes,Yes,No,Yes,No,No,Influenza,CRITICAL
P4524,90,Female,94,90,37.0,121,85,21,No,No,No,Yes,No,No,COPD,MEDIUM
P4525,76,Male,103,92,37.6,162,75,21,No,Yes,Yes,Yes,No,No,Influenza,CRITICAL
P4526,51,Female,88,97,36.9,149,96,16,No,No,No,No,No,No,Cardiac,LOW
P4527,19,Female,75,92,37.2,112,82,18,No,Yes,Yes,Yes,No,No,COPD,MEDIUM
P4528,24,Female,78,98,38.0,129,73,16,Yes,No,No,No,No,Yes,Influenza,LOW
P4529,50,Male,56,96,37.7,127,71,19,Yes,Yes,Yes,No,No,No,Viral Infection,MEDIUM
P4530,59,Male,84,97,37.2,123,67,24,Yes,No,Yes,No,No,No,Pneumonia,HIGH
P4531,20,Female,89,90,36.8,135,63,23,No,Yes,No,Yes,No,No,COPD,HIGH
P4532,27,Male,74,100,37.0,116,92,19,No,No,No,No,Yes,No,Cardiac,MEDIUM
P4533,69,Female,105,93,35.9,98,93,12,No,No,No,No,No,No,Healthy/Minor,LOW
P4534,72,Female,97,88,36.3,139,78,22,No,Yes,No,Yes,No,Yes,COPD,HIGH
P4535,20,Male,55,100,37.3,121,92,16,Yes,Yes,Yes,Yes,No,Yes,Viral Infection,HIGH
P4536,55,Female,62,98,38.3,117,87,22,Yes,Yes,Yes,Yes,No,Yes,COVID-19,CRITICAL
P4537,23,Female,65,100,37.0,106,80,10,No,Yes,Yes,No,Yes,Yes,Viral Infection,MEDIUM
P4538,70,Male,107,88,38.2,109,92,20,Yes,Yes,Yes,Yes,No,No,Pneumonia,CRITICAL
P4539,78,Female,92,96,37.4,131,91,17,No,No,No,No,Yes,No,Gastroenteritis,MEDIUM
P4540,81,Female,109,91,38.0,124,87,29,No,Yes,Yes,Yes,No,Yes,Influenza,CRITICAL
P4541,61,Male,79,96,36.6,145,79,18,No,No,No,No,No,No,Healthy/Minor,LOW
P4542,63,Female,77,100,37.0,139,81,22,No,No,No,No,No,No,Healthy/Minor,LOW
P4543,85,Male,72,89,37.3,132,70,23,No,Yes,No,Yes,Yes,No,Asthma,CRITICAL
P4544,62,Male,91,88,37.1,138,74,22,No,Yes,No,Yes,No,No,COPD,HIGH
P4545,50,Female,83,93,35.8,129,102,19,No,No,No,Yes,Yes,No,Cardiac,MEDIUM
P4546,73,Male,84,96,38.4,131,76,23,Yes,Yes,Yes,No,No,No,COVID-19,HIGH
P4547,61,Male,100,97,37.0,129,63,14,No,Yes,No,No,No,No,Gastroenteritis,LOW
P4548,79,Male,79,94,36.8,166,94,12,No,No,Yes,No,No,No,Gastroenteritis,MEDIUM
P4549,56,Female,103,89,36.2,138,83,19,No,Yes,Yes,Yes,No,No,COPD,HIGH
P4550,81,Male,67,95,37.8,134,88,28,Yes,Yes,Yes,Yes,No,No,Pneumonia,CRITICAL
P4551,21,Female,113,94,37.5,134,76,23,Yes,Yes,No,No,No,No,Viral Infection,MEDIUM
P4552,20,Male,80,90,37.4,134,87,19,Yes,No,Yes,Yes,No,No,Influenza,MEDIUM
P4553,25,Male,95,97,36.7,130,97,10,No,No,No,No,No,Yes,Cardiac,LOW
P4554,58,Male,97,93,38.0,123,76,26,Yes,No,Yes,Yes,No,No,Influenza,HIGH
P4555,69,Male,80,93,37.7,127,90,24,Yes,Yes,No,Yes,No,No,Pneumonia,HIGH
P4556,33,Male,96,92,38.2,103,89,16,No,Yes,No,Yes,No,No,Influenza,MEDIUM
P4557,29,Female,96,98,38.3,123,72,10,Yes,Yes,Yes,Yes,No,No,COVID-19,HIGH
P4558,80,Male,80,94,36.6,134,104,15,No,No,No,No,Yes,No,Cardiac,MEDIUM
P4559,72,Female,78,86,36.5,127,95,22,Yes,Yes,No,Yes,No,No,COPD,CRITICAL
P4560,65,Female,80,95,36.6,141,70,12,No,No,Yes,No,No,No,Gastroenteritis,LOW
P4561,53,Female,77,96,36.7,153,96,20,No,No,Yes,No,No,No,Gastroenteritis,LOW
P4562,48,Male,103,90,38.2,130,68,18,Yes,Yes,Yes,Yes,No,No,Pneumonia,HIGH
P4563,19,Female,94,96,37.4,118,71,22,No,Yes,No,Yes,No,Yes,Influenza,HIGH
P4564,31,Female,85,95,37.5,126,89,28,No,No,Yes,No,No,No,Cardiac,MEDIUM
P4565,83,Female,89,95,37.1,158,96,20,No,No,No,No,No,Yes,Gastroenteritis,MEDIUM
P4566,42,Female,58,89,35.9,127,79,21,No,Yes,No,Yes,No,No,COPD,MEDIUM
P4567,69,Male,79,88,38.2,136,77,24,Yes,Yes,Yes,Yes,No,Yes,Pneumonia,CRITICAL
P4568,69,Female,84,99,38.4,137,81,22,Yes,No,No,No,No,No,Viral Infection,LOW
P4569,40,Male,99,98,38.1,97,74,24,Yes,Yes,Yes,Yes,No,No,Influenza,CRITICAL
P4570,32,Female,89,100,36.6,132,90,12,No,No,No,No,Yes,No,Cardiac,LOW
P4571,68,Female,106,87,37.9,119,79,22,Yes,Yes,No,No,No,Yes,Influenza,HIGH
P4572,24,Female,89,94,37.2,126,71,14,No,No,Yes,No,No,No,Gastroenteritis,LOW
P4573,54,Male,79,99,37.1,115,66,21,No,Yes,No,No,No,No,Asthma,MEDIUM
P4574,82,Male,79,95,36.2,148,80,27,No,No,No,No,No,No,Gastroenteritis,MEDIUM
P4575,69,Female,92,87,37.6,131,82,27,Yes,Yes,No,No,No,No,Influenza,HIGH
P4576,73,Female,81,92,37.5,117,73,24,No,Yes,No,Yes,No,No,COPD,HIGH
P4577,24,Male,105,94,37.9,115,61,28,Yes,Yes,Yes,Yes,No,No,Pneumonia,CRITICAL
P4578,32,Male,64,100,37.5,155,88,18,No,No,Yes,No,No,No,Gastroenteritis,LOW
P4579,38,Male,89,87,39.2,84,68,15,No,Yes,Yes,No,No,No,Influenza,MEDIUM
P4580,39,Female,95,93,38.0,123,65,29,Yes,Yes,No,No,No,No,Influenza,MEDIUM
P4581,32,Male,74,100,36.3,104,94,16,No,No,No,No,No,No,Gastroenteritis,LOW
P4582,88,Male,82,89,37.8,164,95,14,Yes,No,Yes,No,No,No,Influenza,HIGH
P4583,30,Female,84,97,38.7,133,88,15,Yes,No,No,Yes,No,Yes,Pneumonia,MEDIUM
P4584,69,Male,90,92,38.5,136,88,24,Yes,Yes,Yes,No,No,No,Viral Infection,MEDIUM
P4585,60,Female,73,98,38.9,144,95,10,Yes,Yes,Yes,No,No,No,Viral Infection,MEDIUM
P4586,62,Male,65,100,37.9,134,91,23,Yes,Yes,Yes,No,No,No,Viral Infection,MEDIUM
P4587,33,Female,100,90,38.1,120,75,22,Yes,Yes,No,Yes,No,No,COVID-19,HIGH
P4588,40,Female,90,92,36.5,110,67,25,No,Yes,No,No,No,No,COPD,LOW
P4589,62,Female,92,100,35.7,124,69,16,No,No,No,No,No,Yes,Migraine,LOW
P4590,39,Male,95,94,37.9,113,77,24,Yes,Yes,Yes,No,No,No,Influenza,HIGH
P4591,68,Male,108,95,36.3,133,72,20,No,No,No,No,No,No,Gastroenteritis,LOW
P4592,20,Male,99,91,38.2,90,70,22,Yes,Yes,Yes,Yes,No,No,Influenza,CRITICAL
P4593,23,Female,69,99,37.1,136,76,12,Yes,Yes,Yes,No,No,No,Viral Infection,MEDIUM
P4594,71,Male,94,95,36.5,171,102,21,No,No,No,No,No,No,Cardiac,LOW
P4595,63,Male,79,87,36.9,123,67,14,No,Yes,No,No,No,No,COPD,MEDIUM
P4596,21,Male,79,97,37.0,139,78,26,No,No,No,Yes,No,No,Asthma,HIGH
P4597,83,Female,70,88,38.2,137,73,25,No,Yes,Yes,Yes,No,No,Pneumonia,CRITICAL
P4598,18,Female,81,90,38.7,110,72,24,Yes,No,Yes,Yes,No,Yes,COVID-19,HIGH
P4599,87,Female,89,94,37.5,135,96,10,No,No,Yes,No,No,No,Gastroenteritis,MEDIUM
P4600,71,Female,86,87,36.5,135,75,19,No,Yes,No,Yes,No,No,COPD,HIGH
P4601,90,Female,75,88,37.5,131,84,22,No,No,No,Yes,No,No,COPD,HIGH
P4602,87,Male,69,88,38.7,151,88,27,Yes,Yes,Yes,Yes,No,Yes,Pneumonia,CRITICAL
P4603,40,Male,105,99,36.7,112,85,13,No,No,No,No,No,No,Gastroenteritis,LOW
P4604,73,Male,92,95,37.9,118,78,35,Yes,Yes,Yes,Yes,Yes,No,COVID-19,CRITICAL
P4605,33,Male,74,94,37.9,120,91,21,No,Yes,Yes,No,No,No,Pneumonia,LOW
P4606,52,Male,84,94,36.5,114,76,12,No,No,No,No,No,No,Healthy/Minor,LOW
P4607,35,Male,113,89,36.6,115,83,21,No,No,Yes,Yes,No,No,COPD,HIGH
P4608,53,Male,93,92,37.4,125,78,18,No,No,No,Yes,No,No,COPD,MEDIUM
P4609,81,Male,45,90,37.0,117,93,14,Yes,No,No,No,No,No,Healthy/Minor,MEDIUM
P4610,49,Female,119,90,37.7,147,100,27,No,No,Yes,No,No,No,COVID-19,HIGH
P4611,24,Female,54,93,36.7,133,75,19,No,No,No,No,No,No,Healthy/Minor,LOW
P4612,41,Female,75,98,36.5,110,78,19,No,No,Yes,No,No,No,Gastroenteritis,LOW
P4613,75,Male,74,100,36.7,141,84,25,No,No,No,No,Yes,Yes,Cardiac,MEDIUM
P4614,56,Male,76,90,38.3,137,75,24,Yes,Yes,No,Yes,No,Yes,Pneumonia,HIGH
P4615,58,Female,89,96,37.5,131,74,17,Yes,Yes,No,Yes,No,No,Influenza,HIGH
P4616,49,Female,58,92,37.2,154,79,25,No,No,No,Yes,No,No,Asthma,MEDIUM
P4617,39,Male,84,90,38.0,116,70,17,Yes,Yes,Yes,Yes,No,No,Influenza,HIGH
P4618,61,Male,101,98,38.0,148,74,20,Yes,Yes,Yes,No,No,No,Influenza,MEDIUM
P4619,64,Male,76,100,37.6,115,55,17,No,No,No,No,Yes,No,Cardiac,LOW
P4620,83,Female,63,97,37.2,120,100,18,No,No,No,No,No,No,Gastroenteritis,LOW
P4621,63,Male,84,95,37.3,157,99,14,Yes,No,No,Yes,No,No,Pneumonia,MEDIUM
P4622,90,Female,78,96,36.3,136,93,15,No,No,No,No,No,No,Migraine,LOW
P4623,78,Male,73,95,36.7,118,76,19,No,No,Yes,No,No,Yes,Healthy/Minor,LOW
P4624,23,Female,63,99,37.0,119,65,14,No,No,No,No,No,No,Migraine,LOW
P4625,46,Female,85,100,37.7,143,63,22,Yes,No,No,No,No,No,Migraine,LOW
P4626,46,Female,86,100,36.8,110,85,23,No,No,Yes,No,No,Yes,Gastroenteritis,LOW
P4627,18,Male,71,92,38.7,119,91,17,Yes,Yes,Yes,No,No,No,Pneumonia,HIGH
P4628,31,Female,73,94,37.6,90,80,22,Yes,Yes,No,Yes,No,Yes,COVID-19,CRITICAL
P4629,73,Female,82,95,36.6,127,93,26,No,No,Yes,No,No,No,Healthy/Minor,LOW
P4630,43,Male,65,100,36.7,137,83,16,No,No,No,No,No,No,Gastroenteritis,LOW
P4631,28,Male,80,100,36.4,107,70,15,No,No,Yes,No,No,Yes,Migraine,LOW
P4632,38,Male,97,100,37.3,100,88,21,No,No,No,No,No,No,Healthy/Minor,LOW
P4633,38,Male,84,96,36.7,108,87,21,Yes,Yes,Yes,No,No,No,Pneumonia,MEDIUM
P4634,30,Male,69,96,37.7,110,68,28,Yes,Yes,No,Yes,No,No,COVID-19,CRITICAL
P4635,25,Female,91,100,37.3,138,90,14,No,No,No,No,Yes,No,Cardiac,LOW
P4636,73,Female,85,98,37.8,141,82,22,No,Yes,Yes,No,No,No,Influenza,MEDIUM
P4637,78,Female,87,91,37.3,152,86,23,No,No,No,No,Yes,No,Cardiac,HIGH
P4638,54,Female,85,100,39.2,127,84,17,Yes,Yes,No,No,No,No,Viral Infection,MEDIUM
P4639,62,Female,96,91,37.1,126,90,17,No,No,No,No,No,No,Cardiac,LOW
P4640,85,Female,89,94,38.7,128,95,15,Yes,Yes,Yes,Yes,No,No,COVID-19,CRITICAL
P4641,79,Male,80,97,37.9,144,77,17,No,No,No,No,No,No,Gastroenteritis,LOW
P4642,20,Female,112,92,38.1,145,84,26,Yes,Yes,Yes,Yes,No,Yes,Pneumonia,CRITICAL
P4643,87,Male,97,88,38.2,126,75,15,Yes,Yes,No,No,No,No,Viral Infection,MEDIUM
P4644,22,Male,96,93,38.6,104,76,25,Yes,Yes,No,No,No,No,Influenza,MEDIUM
P4645,19,Male,80,99,38.4,102,77,18,Yes,Yes,No,No,Yes,Yes,Viral Infection,HIGH
P4646,47,Female,72,91,36.8,136,89,21,No,Yes,Yes,Yes,No,No,COPD,MEDIUM
P4647,72,Male,102,89,36.9,134,84,30,No,Yes,No,Yes,No,No,Asthma,CRITICAL
P4648,23,Female,87,89,37.9,129,75,20,No,No,No,No,No,No,COPD,LOW
P4649,39,Female,77,93,37.8,112,92,21,Yes,Yes,Yes,Yes,No,No,Pneumonia,HIGH
P4650,37,Male,82,91,37.3,130,74,21,No,Yes,No,Yes,No,Yes,Asthma,MEDIUM
P4651,47,Male,65,100,38.0,119,75,17,Yes,Yes,Yes,No,No,No,Viral Infection,MEDIUM
P4652,89,Male,96,95,38.7,117,68,22,Yes,No,Yes,No,No,Yes,Viral Infection,HIGH
P4653,42,Female,94,89,37.8,136,76,15,Yes,Yes,No,Yes,No,No,Pneumonia,HIGH
P4654,33,Male,80,98,36.4,119,69,21,No,No,Yes,No,No,No,Gastroenteritis,LOW
P4655,26,Female,77,99,38.3,115,75,17,Yes,Yes,Yes,No,No,Yes,Viral Infection,HIGH
P4656,32,Male,69,100,37.4,125,80,19,No,No,Yes,No,No,Yes,Viral Infection,LOW
P4657,27,Female,57,96,36.9,97,67,33,No,Yes,No,Yes,No,Yes,Asthma,HIGH
P4658,59,Female,68,91,38.6,135,73,20,Yes,No,No,No,No,No,Influenza,MEDIUM
P4659,48,Female,68,100,36.3,114,63,11,No,No,No,No,Yes,No,Healthy/Minor,LOW
P4660,54,Female,74,90,38.1,124,75,23,Yes,Yes,Yes,Yes,No,Yes,COVID-19,CRITICAL
P4661,78,Male,92,91,38.4,155,75,26,Yes,No,Yes,Yes,No,Yes,COVID-19,CRITICAL
P4662,60,Female,90,100,37.1,139,103,21,No,No,No,No,No,No,Migraine,LOW
P4663,29,Male,83,98,37.5,117,93,20,No,Yes,Yes,Yes,No,No,Pneumonia,MEDIUM
P4664,45,Male,96,100,37.8,121,92,13,No,Yes,Yes,No,No,Yes,Viral Infection,LOW
P4665,40,Male,75,97,37.5,79,65,15,Yes,Yes,Yes,Yes,No,Yes,Influenza,HIGH
P4666,78,Female,79,95,36.8,124,83,13,No,No,Yes,No,No,Yes,Migraine,MEDIUM
P4667,40,Female,77,100,36.7,123,66,15,No,No,No,No,Yes,Yes,Healthy/Minor,MEDIUM
P4668,28,Female,92,99,36.6,108,96,16,No,No,No,No,No,No,Healthy/Minor,LOW
P4669,71,Male,81,94,37.0,113,92,28,No,No,No,No,No,Yes,Healthy/Minor,MEDIUM
P4670,49,Male,80,98,38.6,132,69,10,Yes,Yes,Yes,No,No,Yes,Viral Infection,MEDIUM
P4671,24,Female,63,99,38.0,141,82,24,Yes,No,Yes,No,No,No,COVID-19,MEDIUM
P4672,68,Female,68,97,37.4,121,68,16,No,No,Yes,No,No,Yes,Healthy/Minor,LOW
P4673,33,Female,92,100,37.8,134,77,18,No,No,No,No,No,No,Healthy/Minor,LOW
P4674,81,Male,61,86,36.5,150,84,22,No,Yes,No,No,Yes,No,COPD,HIGH
P4675,78,Male,105,90,37.2,121,92,29,No,No,Yes,Yes,No,No,Asthma,HIGH
P4676,44,Male,91,95,37.7,110,89,27,Yes,No,No,Yes,No,No,Influenza,HIGH
P4677,58,Female,77,100,36.4,163,85,16,No,No,No,No,Yes,No,Cardiac,HIGH
P4678,59,Male,68,98,37.0,111,79,23,No,No,No,No,No,Yes,Gastroenteritis,LOW
P4679,65,Female,111,96,36.3,122,50,25,No,Yes,No,No,No,No,Asthma,MEDIUM
P4680,23,Male,103,96,37.0,151,94,28,No,Yes,No,No,No,No,Asthma,MEDIUM
P4681,41,Male,84,94,36.1,117,76,17,No,No,No,No,Yes,No,Cardiac,MEDIUM
P4682,30,Female,87,96,38.3,142,79,26,Yes,Yes,No,No,No,Yes,Influenza,MEDIUM
P4683,68,Male,71,99,36.1,116,106,16,No,No,No,No,No,No,Healthy/Minor,LOW
P4684,23,Male,87,94,38.2,122,66,18,Yes,No,Yes,No,No,No,COVID-19,MEDIUM
P4685,55,Female,77,88,37.7,144,81,32,No,No,Yes,Yes,No,No,Pneumonia,HIGH
P4686,71,Male,86,90,37.7,126,89,19,Yes,Yes,No,Yes,No,No,Influenza,CRITICAL
P4687,87,Female,105,97,38.4,143,97,17,No,No,Yes,No,No,No,Viral Infection,MEDIUM
P4688,39,Male,77,96,37.8,132,78,10,Yes,No,Yes,No,No,No,Viral Infection,LOW
P4689,18,Male,71,96,37.9,106,90,18,No,Yes,No,No,No,No,Influenza,LOW
P4690,70,Male,69,93,38.1,169,79,20,Yes,Yes,No,Yes,No,No,Pneumonia,CRITICAL
P4691,18,Male,87,94,37.3,137,83,19,No,No,No,No,No,No,Asthma,LOW
P4692,22,Male,75,94,38.4,114,82,23,Yes,Yes,Yes,No,No,Yes,Pneumonia,MEDIUM
P4693,90,Female,85,96,37.2,139,86,21,No,No,Yes,No,No,No,Migraine,MEDIUM
P4694,80,Male,67,91,37.7,169,88,19,Yes,Yes,No,Yes,No,No,Influenza,HIGH
P4695,69,Male,96,85,37.3,127,74,20,No,Yes,No,Yes,No,No,COPD,HIGH
P4696,78,Female,74,90,37.5,130,82,29,Yes,No,Yes,Yes,No,No,COVID-19,CRITICAL
P4697,23,Male,86,94,36.5,138,65,30,No,Yes,No,Yes,No,No,Asthma,HIGH
P4698,24,Male,81,97,36.7,98,74,28,No,Yes,No,Yes,No,Yes,Asthma,CRITICAL
P4699,39,Female,107,95,38.4,119,89,15,Yes,Yes,Yes,Yes,No,No,Pneumonia,HIGH
P4700,19,Female,87,98,37.4,121,82,27,Yes,Yes,Yes,Yes,No,No,Pneumonia,HIGH
P4701,82,Male,113,87,38.3,128,89,32,No,Yes,No,Yes,No,No,Influenza,CRITICAL
P4702,22,Male,92,93,37.9,95,62,14,Yes,Yes,Yes,Yes,No,Yes,Influenza,HIGH
P4703,57,Male,97,100,36.6,129,84,22,No,Yes,No,No,No,No,Healthy/Minor,LOW
P4704,80,Female,85,89,38.4,149,85,25,Yes,Yes,Yes,Yes,No,No,COVID-19,CRITICAL
P4705,71,Male,92,89,37.5,123,89,23,Yes,Yes,No,Yes,No,No,COVID-19,HIGH
P4706,35,Female,101,93,38.9,101,92,22,Yes,No,No,No,No,No,Influenza,MEDIUM
P4707,52,Male,90,100,36.7,145,76,19,Yes,No,No,No,No,Yes,Migraine,LOW
P4708,58,Male,86,96,36.9,137,78,22,No,No,No,No,No,No,Healthy/Minor,LOW
P4709,74,Female,76,97,37.5,130,93,24,No,No,No,No,No,No,Migraine,LOW
P4710,49,Male,84,99,36.9,145,78,10,No,No,No,No,Yes,No,Cardiac,MEDIUM
P4711,38,Male,93,93,38.4,124,79,14,Yes,Yes,Yes,No,No,Yes,Viral Infection,MEDIUM
P4712,76,Female,105,91,35.9,165,65,24,No,No,Yes,Yes,Yes,No,Asthma,CRITICAL
P4713,82,Female,73,94,37.7,150,82,26,Yes,Yes,Yes,No,No,No,Viral Infection,HIGH
P4714,53,Male,69,100,37.0,104,93,10,No,No,No,No,No,Yes,Migraine,LOW
P4715,20,Female,73,98,38.4,109,81,19,Yes,No,Yes,Yes,No,No,Influenza,MEDIUM
P4716,54,Female,96,93,37.1,117,90,15,No,Yes,No,No,No,No,Asthma,MEDIUM
P4717,82,Female,76,90,38.2,144,95,18,Yes,Yes,Yes,No,No,No,Pneumonia,HIGH
P4718,90,Male,100,98,38.4,138,100,28,Yes,Yes,No,No,No,No,Influenza,HIGH
P4719,47,Female,85,96,38.1,105,76,15,Yes,Yes,No,No,No,No,Viral Infection,LOW
P4720,28,Male,78,90,36.9,129,87,11,No,Yes,Yes,Yes,No,No,Influenza,MEDIUM
P4721,59,Female,99,100,37.4,145,104,16,No,No,No,No,No,No,Migraine,LOW
P4722,78,Female,62,95,36.4,135,85,28,No,No,Yes,No,No,No,Healthy/Minor,MEDIUM
P4723,86,Male,110,92,36.9,144,73,16,No,Yes,No,No,No,No,Asthma,MEDIUM
P4724,21,Female,89,100,38.0,105,72,24,Yes,Yes,Yes,No,No,No,COVID-19,HIGH
P4725,39,Male,59,94,36.8,118,87,24,No,Yes,No,No,Yes,No,Cardiac,MEDIUM
P4726,52,Male,99,97,37.4,118,64,17,No,Yes,Yes,No,No,No,Viral Infection,LOW
P4727,25,Female,98,90,37.0,129,70,31,Yes,No,No,Yes,No,Yes,Pneumonia,HIGH
P4728,82,Female,83,92,37.4,143,82,21,Yes,Yes,Yes,No,No,No,Pneumonia,HIGH
P4729,26,Female,73,96,37.5,121,83,24,No,No,Yes,No,No,No,Cardiac,MEDIUM
P4730,66,Female,59,92,36.1,126,101,24,No,No,No,No,No,No,Healthy/Minor,LOW
P4731,85,Female,120,93,37.5,109,93,24,No,Yes,Yes,Yes,No,Yes,COVID-19,CRITICAL
P4732,68,Male,75,91,38.1,158,72,17,Yes,No,Yes,Yes,Yes,Yes,COVID-19,CRITICAL
P4733,73,Female,64,92,36.3,101,123,14,No,No,No,No,Yes,No,Healthy/Minor,LOW
P4734,37,Male,88,90,37.7,127,78,11,Yes,Yes,Yes,Yes,No,No,Pneumonia,HIGH
P4735,78,Male,67,92,37.9,138,68,27,No,Yes,Yes,No,No,Yes,Influenza,HIGH
P4736,48,Male,73,93,36.9,125,73,19,No,No,No,No,Yes,No,Cardiac,MEDIUM
P4737,22,Male,98,94,37.4,120,68,22,Yes,Yes,No,Yes,No,Yes,Influenza,HIGH
P4738,44,Male,91,97,38.0,111,65,21,Yes,Yes,No,No,No,No,Pneumonia,MEDIUM
P4739,43,Female,81,100,37.0,138,88,23,No,No,Yes,No,Yes,Yes,Cardiac,MEDIUM
P4740,56,Female,79,96,36.2,106,54,18,No,No,No,No,No,No,Gastroenteritis,LOW
P4741,37,Male,79,92,36.9,125,88,20,No,No,No,Yes,No,No,COPD,LOW
P4742,51,Male,84,90,37.6,114,88,23,Yes,Yes,Yes,Yes,No,No,COVID-19,CRITICAL
P4743,49,Female,76,98,37.2,123,79,26,No,No,No,No,No,Yes,Cardiac,LOW
P4744,41,Male,78,97,37.1,120,91,20,No,Yes,No,No,No,No,Cardiac,LOW
P4745,68,Female,72,93,37.8,130,72,17,No,Yes,Yes,No,No,Yes,Viral Infection,LOW
P4746,40,Female,69,100,37.2,128,70,17,No,No,No,Yes,No,No,Migraine,LOW
P4747,73,Male,94,90,37.5,134,89,21,No,No,Yes,No,Yes,No,Gastroenteritis,HIGH
P4748,36,Female,88,95,38.3,135,76,15,Yes,Yes,Yes,No,No,Yes,Viral Infection,HIGH
P4749,81,Female,69,93,38.4,155,79,17,Yes,Yes,Yes,No,Yes,No,Viral Infection,HIGH
P4750,44,Female,69,92,38.4,127,78,22,Yes,No,No,No,No,No,Influenza,MEDIUM
P4751,20,Male,76,100,37.3,131,91,24,No,No,No,No,No,No,Healthy/Minor,LOW
P4752,28,Female,106,100,37.1,152,91,21,Yes,Yes,Yes,No,No,Yes,Viral Infection,MEDIUM
P4753,76,Female,74,91,37.5,114,89,22,Yes,Yes,Yes,Yes,No,No,COVID-19,CRITICAL
P4754,81,Male,86,91,38.1,156,82,28,Yes,Yes,No,Yes,No,Yes,Influenza,CRITICAL
P4755,33,Female,87,98,36.8,151,87,17,No,No,No,No,Yes,No,Cardiac,LOW
P4756,61,Female,85,97,37.0,136,73,24,No,Yes,No,Yes,Yes,No,Asthma,CRITICAL
P4757,59,Male,73,93,36.4,159,93,18,No,No,No,No,Yes,No,Migraine,MEDIUM
P4758,27,Male,100,94,38.0,148,88,13,Yes,Yes,No,Yes,No,No,COPD,MEDIUM
P4759,50,Female,91,92,37.9,119,99,10,Yes,Yes,Yes,Yes,No,Yes,Influenza,HIGH
P4760,68,Male,98,92,37.9,128,75,25,Yes,Yes,Yes,Yes,No,No,Pneumonia,CRITICAL
P4761,88,Female,89,97,37.6,150,77,15,Yes,No,Yes,No,No,Yes,Viral Infection,HIGH
P4762,79,Male,100,93,37.4,128,91,17,No,Yes,Yes,No,No,No,Influenza,MEDIUM
P4763,25,Female,99,100,36.7,163,75,13,No,No,No,No,No,No,Migraine,LOW
P4764,35,Female,102,90,37.9,133,88,26,Yes,No,No,Yes,No,Yes,COVID-19,HIGH
P4765,49,Female,115,96,36.8,125,93,24,No,Yes,No,Yes,No,Yes,Asthma,HIGH
P4766,28,Female,101,91,37.5,97,95,25,Yes,No,No,Yes,No,No,COPD,HIGH
P4767,59,Male,77,92,38.1,133,82,24,Yes,No,Yes,Yes,No,No,Pneumonia,HIGH
P4768,18,Male,89,100,36.8,101,87,13,No,No,Yes,No,Yes,No,Gastroenteritis,LOW
P4769,26,Female,87,100,37.2,132,73,20,No,No,No,No,No,No,Gastroenteritis,LOW
P4770,21,Female,110,92,37.8,80,80,25,Yes,No,No,Yes,No,No,Influenza,HIGH
P4771,39,Male,72,96,38.1,142,77,21,Yes,Yes,Yes,Yes,No,No,COVID-19,HIGH
P4772,73,Female,88,95,36.2,128,83,19,No,No,No,No,No,Yes,Migraine,LOW
P4773,30,Female,69,97,36.2,93,96,21,Yes,No,Yes,Yes,No,No,Gastroenteritis,MEDIUM
P4774,90,Male,96,87,36.9,142,74,21,No,Yes,No,Yes,No,No,COPD,HIGH
P4775,37,Male,75,99,36.7,120,78,22,Yes,No,No,No,No,No,Migraine,LOW
P4776,21,Female,91,92,37.5,119,79,25,No,Yes,No,No,No,No,Influenza,MEDIUM
P4777,42,Female,67,94,38.0,143,85,22,Yes,Yes,No,Yes,No,No,Influenza,HIGH
P4778,72,Male,91,98,36.9,140,73,26,No,No,Yes,No,No,No,Gastroenteritis,LOW
P4779,25,Female,81,98,36.8,133,75,11,No,No,No,No,No,No,Gastroenteritis,LOW
P4780,23,Female,80,100,37.7,116,72,15,Yes,No,No,No,No,Yes,Viral Infection,LOW
P4781,80,Male,113,91,38.0,145,63,21,No,Yes,Yes,Yes,No,No,Pneumonia,CRITICAL
P4782,61,Male,81,95,36.3,109,93,24,No,Yes,No,No,No,No,COPD,MEDIUM
P4783,43,Female,82,100,36.5,125,64,22,No,No,No,No,No,No,Gastroenteritis,LOW
P4784,73,Male,89,95,38.1,123,68,20,Yes,No,Yes,Yes,No,Yes,Pneumonia,HIGH
P4785,79,Male,90,95,37.1,159,94,39,No,Yes,No,Yes,No,No,COPD,CRITICAL
P4786,44,Male,115,93,36.6,129,79,14,No,No,No,No,No,Yes,Cardiac,LOW
P4787,58,Female,87,94,37.8,139,78,24,Yes,No,Yes,Yes,No,No,Pneumonia,HIGH
P4788,18,Male,78,93,37.4,124,75,22,Yes,Yes,No,Yes,No,No,COVID-19,HIGH
P4789,40,Female,109,94,38.1,149,89,22,Yes,Yes,No,No,No,No,Pneumonia,LOW
P4790,61,Female,75,97,38.8,104,76,13,Yes,No,Yes,No,No,Yes,Viral Infection,MEDIUM
P4791,32,Male,64,92,38.2,118,84,27,Yes,Yes,No,Yes,No,No,Pneumonia,CRITICAL
P4792,90,Male,79,88,37.3,127,76,20,Yes,Yes,Yes,Yes,No,Yes,Influenza,CRITICAL
P4793,88,Male,73,91,38.5,109,90,16,Yes,Yes,Yes,Yes,No,Yes,Influenza,CRITICAL
P4794,36,Male,62,96,37.6,104,87,17,Yes,Yes,Yes,No,No,Yes,Influenza,MEDIUM
P4795,46,Female,80,92,37.9,141,93,29,Yes,Yes,No,Yes,No,No,Pneumonia,HIGH
P4796,31,Female,85,97,36.5,126,67,23,No,No,No,No,No,Yes,Cardiac,LOW
P4797,54,Female,101,92,38.8,123,78,13,Yes,Yes,Yes,No,No,Yes,Influenza,MEDIUM
P4798,27,Female,93,91,37.4,132,94,26,Yes,Yes,Yes,Yes,No,No,COVID-19,CRITICAL
P4799,46,Female,93,93,38.0,125,88,13,Yes,No,No,Yes,No,Yes,Influenza,MEDIUM
P4800,58,Female,74,94,36.5,138,79,22,No,No,No,Yes,No,No,Asthma,MEDIUM
P4801,62,Female,98,97,38.5,135,82,17,Yes,Yes,No,Yes,No,No,Influenza,HIGH
P4802,61,Male,105,95,37.2,144,89,21,No,No,No,No,No,No,Cardiac,LOW
P4803,34,Female,83,98,37.4,113,74,19,No,No,Yes,No,No,Yes,Gastroenteritis,LOW
P4804,75,Male,86,99,37.1,153,90,23,No,No,No,No,No,Yes,Migraine,LOW
P4805,68,Female,70,88,37.6,113,88,23,No,No,Yes,Yes,No,No,Pneumonia,HIGH
P4806,72,Male,94,99,39.5,133,73,18,Yes,Yes,No,No,No,No,Viral Infection,MEDIUM
P4807,52,Female,101,97,37.0,143,75,10,No,No,No,No,No,Yes,Gastroenteritis,LOW
P4808,83,Female,92,93,37.7,137,81,19,Yes,No,No,Yes,No,No,Influenza,MEDIUM
P4809,46,Male,77,93,36.9,116,77,26,No,No,No,No,No,No,Asthma,LOW
P4810,76,Female,78,97,37.1,173,87,21,No,No,Yes,No,No,No,Migraine,MEDIUM
P4811,32,Female,80,98,38.5,143,80,22,Yes,Yes,Yes,Yes,No,Yes,COVID-19,HIGH
P4812,36,Female,80,93,38.1,122,71,28,Yes,No,Yes,No,No,No,COVID-19,MEDIUM
P4813,56,Male,95,100,37.5,118,98,11,No,No,No,No,No,No,Cardiac,LOW
P4814,58,Female,89,94,38.3,96,81,25,Yes,Yes,Yes,Yes,No,No,Influenza,CRITICAL
P4815,72,Female,93,93,36.4,146,98,14,No,No,Yes,No,No,No,Healthy/Minor,LOW
P4816,39,Male,90,93,39.1,140,92,29,Yes,Yes,Yes,Yes,No,No,Pneumonia,CRITICAL
P4817,81,Male,77,90,38.8,145,75,26,Yes,No,Yes,Yes,No,No,Influenza,CRITICAL
P4818,42,Female,78,90,38.3,94,73,26,Yes,Yes,Yes,Yes,No,Yes,Influenza,HIGH
P4819,56,Male,78,95,37.9,130,77,19,Yes,Yes,No,Yes,Yes,No,COVID-19,HIGH
P4820,86,Male,79,97,37.9,133,89,29,No,No,Yes,No,No,No,Viral Infection,MEDIUM
P4821,57,Female,102,100,37.8,130,88,26,Yes,No,Yes,No,No,No,Viral Infection,MEDIUM
P4822,67,Male,105,100,37.8,163,84,21,Yes,Yes,No,No,No,No,Viral Infection,MEDIUM
P4823,84,Male,99,92,35.8,152,80,29,No,Yes,No,Yes,No,No,COPD,CRITICAL
P4824,89,Male,90,89,37.5,151,103,23,No,Yes,No,Yes,No,No,Asthma,HIGH
P4825,54,Male,68,92,38.7,126,76,16,No,No,No,Yes,No,No,COVID-19,MEDIUM
P4826,48,Male,88,96,37.1,130,87,26,No,Yes,Yes,No,No,No,Influenza,MEDIUM
P4827,32,Female,68,99,38.6,108,78,13,Yes,Yes,Yes,Yes,No,No,Viral Infection,HIGH
P4828,57,Female,107,91,36.8,137,80,28,No,Yes,No,Yes,No,No,COPD,HIGH
P4829,85,Female,68,89,36.7,137,93,29,No,Yes,No,Yes,No,No,Asthma,HIGH
P4830,53,Male,90,90,37.3,113,96,23,Yes,Yes,No,Yes,No,No,COPD,HIGH
P4831,43,Male,67,100,36.0,134,82,18,No,No,Yes,No,No,No,Migraine,LOW
P4832,25,Female,85,88,37.9,84,73,26,Yes,Yes,No,Yes,No,Yes,Pneumonia,HIGH
P4833,46,Male,87,91,36.8,114,94,18,No,No,No,No,No,No,Gastroenteritis,LOW
P4834,35,Female,91,100,36.8,130,83,15,No,No,Yes,No,No,No,Gastroenteritis,LOW
P4835,89,Male,81,94,37.3,162,89,12,Yes,Yes,Yes,No,No,No,Viral Infection,HIGH
P4836,56,Female,95,95,38.4,135,91,26,Yes,Yes,Yes,Yes,No,No,Influenza,CRITICAL
P4837,28,Female,76,98,38.4,109,81,24,Yes,Yes,Yes,Yes,No,No,Pneumonia,HIGH
P4838,22,Female,88,91,37.0,119,103,34,No,Yes,No,Yes,No,Yes,Asthma,CRITICAL
P4839,80,Male,94,91,37.8,143,85,19,No,Yes,Yes,No,Yes,Yes,Viral Infection,CRITICAL
P4840,85,Male,86,95,38.0,165,98,20,Yes,No,No,No,No,No,Healthy/Minor,MEDIUM
P4841,73,Female,81,94,36.4,156,92,20,No,Yes,Yes,No,Yes,Yes,Cardiac,HIGH
P4842,27,Male,81,93,38.2,135,82,25,Yes,No,No,Yes,No,No,Pneumonia,HIGH
P4843,25,Female,98,95,38.3,121,74,18,Yes,Yes,Yes,Yes,No,No,Pneumonia,HIGH
P4844,32,Male,72,99,37.7,109,78,17,No,No,No,No,No,Yes,Cardiac,LOW
P4845,72,Female,75,91,38.1,112,89,28,No,No,Yes,Yes,No,No,Pneumonia,CRITICAL
P4846,73,Male,95,92,37.1,130,75,23,No,No,Yes,No,No,No,COPD,MEDIUM
P4847,79,Female,75,97,38.1,149,79,23,Yes,Yes,No,No,No,Yes,Viral Infection,HIGH
P4848,25,Female,66,93,37.4,112,78,22,No,Yes,Yes,Yes,No,Yes,COVID-19,HIGH
P4849,29,Female,103,95,37.8,129,90,24,No,Yes,Yes,No,No,No,COVID-19,MEDIUM
P4850,83,Male,74,87,37.8,127,87,29,No,No,Yes,Yes,No,Yes,Influenza,CRITICAL
P4851,85,Male,86,94,38.3,130,87,23,Yes,No,Yes,Yes,No,No,Pneumonia,HIGH
P4852,70,Male,72,96,36.9,156,73,12,No,No,Yes,No,No,No,Gastroenteritis,LOW
P4853,25,Female,81,90,37.8,132,95,21,No,Yes,Yes,No,No,Yes,COVID-19,HIGH
P4854,23,Male,73,92,38.5,115,89,18,Yes,No,No,Yes,No,No,Pneumonia,MEDIUM
P4855,22,Female,94,96,37.0,107,90,12,Yes,Yes,Yes,No,No,No,Influenza,MEDIUM
P4856,68,Male,88,89,37.3,148,69,24,No,Yes,No,Yes,Yes,No,Influenza,CRITICAL
P4857,79,Male,94,97,35.7,152,89,20,No,Yes,Yes,No,No,No,Gastroenteritis,MEDIUM
P4858,64,Female,79,100,37.3,147,77,22,No,No,No,No,Yes,No,Cardiac,MEDIUM
P4859,37,Male,113,92,36.8,117,86,17,No,Yes,No,Yes,No,No,COPD,MEDIUM
P4860,73,Male,63,87,37.5,117,87,24,No,Yes,No,Yes,No,No,COPD,HIGH
P4861,22,Female,64,93,37.9,120,83,27,Yes,Yes,No,Yes,No,No,Pneumonia,HIGH
P4862,78,Female,111,85,37.3,160,78,21,No,No,No,Yes,No,No,COPD,HIGH
P4863,83,Female,94,90,37.8,125,75,26,Yes,Yes,Yes,Yes,Yes,No,Influenza,CRITICAL
P4864,70,Female,84,92,37.0,134,77,26,No,No,No,No,No,No,Healthy/Minor,LOW
P4865,82,Female,94,91,38.0,165,89,16,Yes,Yes,Yes,Yes,No,Yes,Influenza,CRITICAL
P4866,60,Female,93,90,37.0,124,79,23,Yes,No,No,Yes,No,No,Asthma,CRITICAL
P4867,52,Male,89,94,38.7,123,83,27,Yes,Yes,Yes,Yes,No,No,Influenza,CRITICAL
P4868,41,Male,65,100,36.4,99,68,15,No,No,No,No,No,No,Migraine,LOW
P4869,85,Male,99,94,37.9,150,86,30,Yes,Yes,No,Yes,No,No,Pneumonia,CRITICAL
P4870,68,Female,88,92,36.9,121,97,22,No,No,Yes,No,No,Yes,Healthy/Minor,LOW
P4871,31,Female,104,92,38.2,95,81,30,Yes,Yes,No,Yes,No,Yes,Influenza,CRITICAL
P4872,87,Male,105,98,37.7,126,90,22,Yes,Yes,Yes,No,No,Yes,Viral Infection,HIGH
P4873,22,Female,82,100,36.6,123,82,25,No,No,No,No,No,No,Gastroenteritis,LOW
P4874,60,Male,70,92,38.6,104,76,23,Yes,Yes,Yes,No,No,Yes,Pneumonia,HIGH
P4875,31,Female,108,92,37.9,98,94,16,No,Yes,No,Yes,No,No,Pneumonia,HIGH
P4876,66,Female,73,91,39.0,141,86,21,Yes,Yes,Yes,No,No,Yes,COVID-19,HIGH
P4877,48,Female,82,93,38.1,122,81,22,Yes,Yes,No,No,No,Yes,Viral Infection,HIGH
P4878,49,Female,75,99,38.1,109,86,21,Yes,Yes,Yes,No,No,No,Viral Infection,MEDIUM
P4879,67,Female,81,94,38.1,127,92,23,Yes,No,Yes,No,Yes,No,Pneumonia,CRITICAL
P4880,73,Male,97,90,37.9,163,71,32,Yes,Yes,Yes,Yes,No,No,COVID-19,CRITICAL
P4881,45,Male,88,90,38.5,143,79,20,Yes,No,Yes,Yes,No,No,Pneumonia,HIGH
P4882,90,Female,96,95,37.4,141,109,26,No,Yes,Yes,Yes,No,Yes,Influenza,CRITICAL
P4883,54,Male,76,99,36.3,145,101,19,No,No,No,No,No,No,Cardiac,LOW
P4884,29,Male,83,95,38.1,122,77,16,Yes,Yes,Yes,No,No,No,COVID-19,MEDIUM
P4885,18,Male,75,90,38.3,92,85,22,Yes,No,Yes,Yes,No,No,Pneumonia,HIGH
P4886,32,Female,75,94,38.0,89,75,28,Yes,Yes,No,No,No,Yes,Viral Infection,MEDIUM
P4887,68,Female,78,97,37.1,118,87,15,No,No,No,No,No,No,Migraine,LOW
P4888,57,Female,103,100,37.0,102,76,20,No,No,Yes,No,No,No,Migraine,LOW
P4889,42,Female,82,90,37.2,125,74,17,No,Yes,Yes,Yes,No,Yes,Influenza,HIGH
P4890,53,Female,51,98,38.0,117,74,13,Yes,Yes,Yes,No,No,No,Viral Infection,MEDIUM
P4891,79,Female,107,91,37.4,150,106,13,No,No,No,Yes,Yes,Yes,Cardiac,HIGH
P4892,59,Female,92,90,37.2,136,77,26,No,Yes,No,Yes,No,No,COPD,HIGH
P4893,22,Male,83,93,37.3,131,89,18,No,No,No,No,No,Yes,Influenza,LOW
P4894,21,Female,72,99,37.7,105,74,23,Yes,Yes,Yes,No,No,No,Viral Infection,MEDIUM
P4895,53,Male,73,86,37.1,134,75,20,No,Yes,No,Yes,No,No,COPD,LOW
P4896,47,Female,103,100,39.0,108,83,18,Yes,No,Yes,No,No,Yes,Viral Infection,MEDIUM
P4897,80,Female,82,95,35.9,149,72,21,No,No,Yes,No,No,Yes,Gastroenteritis,LOW
P4898,60,Female,56,100,37.0,149,88,10,No,No,No,No,No,No,Migraine,LOW
P4899,73,Female,85,97,36.7,146,83,20,No,No,Yes,No,No,No,Gastroenteritis,LOW
P4900,60,Female,95,100,37.0,126,76,19,Yes,No,No,No,No,No,Healthy/Minor,LOW
P4901,43,Female,87,99,38.2,130,71,27,Yes,Yes,No,No,No,No,Pneumonia,HIGH
P4902,65,Male,75,91,37.8,107,102,18,Yes,No,Yes,Yes,No,No,Pneumonia,HIGH
P4903,63,Male,66,98,37.1,102,82,13,No,No,Yes,No,No,Yes,Gastroenteritis,LOW
P4904,70,Female,75,86,37.3,141,83,27,No,Yes,No,Yes,No,No,COPD,CRITICAL
P4905,31,Female,106,98,36.7,147,91,23,No,No,No,No,Yes,No,Cardiac,MEDIUM
P4906,64,Male,78,100,36.2,111,74,14,No,No,Yes,No,No,No,Gastroenteritis,MEDIUM
P4907,38,Female,63,95,37.7,120,89,16,No,Yes,No,No,No,No,COPD,LOW
P4908,75,Female,85,94,37.2,143,84,18,No,No,No,No,No,No,Migraine,LOW
P4909,76,Female,89,88,38.2,126,71,19,Yes,Yes,Yes,Yes,No,No,COVID-19,CRITICAL
P4910,63,Male,73,98,37.9,125,77,19,No,Yes,No,No,No,No,Viral Infection,LOW
P4911,87,Female,75,89,38.3,151,76,19,Yes,Yes,Yes,Yes,No,No,Influenza,CRITICAL
P4912,57,Male,73,96,38.0,135,86,21,No,No,Yes,No,Yes,No,Cardiac,HIGH
P4913,19,Male,92,100,37.8,122,70,18,Yes,No,No,No,No,No,Viral Infection,MEDIUM
P4914,62,Female,89,95,37.9,114,73,27,Yes,No,No,Yes,No,No,Pneumonia,HIGH
P4915,74,Female,94,93,37.4,135,87,13,Yes,Yes,Yes,Yes,No,No,COVID-19,CRITICAL
P4916,25,Male,88,93,37.9,114,78,14,Yes,No,No,No,No,Yes,COVID-19,LOW
P4917,25,Male,90,100,36.6,120,94,23,No,No,Yes,No,No,Yes,Cardiac,MEDIUM
P4918,37,Male,79,94,36.9,111,90,19,Yes,Yes,No,Yes,No,No,Asthma,MEDIUM
P4919,79,Female,85,90,37.7,137,86,17,Yes,Yes,Yes,Yes,No,No,Influenza,CRITICAL
P4920,56,Female,94,95,38.1,113,86,16,Yes,Yes,No,No,No,No,Viral Infection,MEDIUM
P4921,89,Male,107,85,37.5,142,73,25,No,Yes,No,Yes,No,No,Pneumonia,CRITICAL
P4922,81,Male,72,85,37.0,133,92,23,No,No,No,Yes,No,No,COPD,MEDIUM
P4923,58,Female,84,99,36.4,119,89,19,No,No,No,No,No,No,Cardiac,MEDIUM
P4924,67,Male,98,88,38.3,101,92,25,Yes,No,Yes,Yes,No,No,Influenza,CRITICAL
P4925,42,Male,109,89,37.2,136,75,23,No,No,Yes,No,No,No,Influenza,MEDIUM
P4926,24,Male,101,97,36.9,132,75,23,No,No,No,No,Yes,No,Healthy/Minor,LOW
P4927,47,Female,68,99,36.7,110,76,17,No,No,No,No,No,Yes,Gastroenteritis,LOW
P4928,61,Male,103,95,38.0,140,96,22,Yes,Yes,No,Yes,No,No,Influenza,CRITICAL
P4929,31,Male,79,98,36.1,104,81,21,No,No,No,No,No,No,Migraine,LOW
P4930,34,Male,99,91,37.4,115,63,24,No,Yes,Yes,Yes,No,No,COPD,HIGH
P4931,19,Male,95,92,38.1,112,84,18,Yes,Yes,No,Yes,Yes,No,Influenza,CRITICAL
P4932,71,Male,64,97,37.2,130,79,19,No,No,Yes,No,No,No,Gastroenteritis,MEDIUM
P4933,83,Male,95,89,36.0,150,97,26,No,Yes,No,Yes,No,No,COPD,CRITICAL
P4934,78,Male,101,91,37.3,131,90,21,Yes,Yes,Yes,No,No,No,Pneumonia,HIGH
P4935,45,Male,78,100,37.7,117,91,15,No,No,No,No,No,No,Viral Infection,LOW
P4936,61,Male,83,96,38.5,141,92,16,Yes,Yes,Yes,No,No,No,COVID-19,MEDIUM
P4937,88,Female,68,90,38.1,143,96,11,Yes,No,No,Yes,No,No,COVID-19,HIGH
P4938,61,Male,95,93,38.3,120,93,20,Yes,Yes,Yes,Yes,No,No,COVID-19,HIGH
P4939,39,Female,81,97,36.4,124,86,18,Yes,No,No,No,No,No,Migraine,LOW
P4940,42,Female,66,92,36.3,137,71,12,No,No,Yes,Yes,No,No,Gastroenteritis,MEDIUM
P4941,71,Female,76,99,38.0,151,72,25,Yes,Yes,Yes,No,No,No,Viral Infection,MEDIUM
P4942,50,Female,87,92,38.2,103,71,17,Yes,Yes,No,Yes,No,No,Pneumonia,HIGH
P4943,79,Female,74,98,37.2,117,92,23,No,No,No,No,No,Yes,Migraine,MEDIUM
P4944,81,Male,89,96,37.6,160,67,21,No,No,Yes,No,Yes,No,Cardiac,HIGH
P4945,20,Male,62,97,37.6,115,78,32,No,Yes,Yes,Yes,No,Yes,COVID-19,HIGH
P4946,70,Male,105,92,38.0,98,81,26,Yes,Yes,Yes,Yes,No,Yes,Influenza,CRITICAL
P4947,45,Female,78,100,37.4,111,91,10,No,Yes,No,No,Yes,No,Viral Infection,LOW
P4948,55,Female,71,92,38.3,120,80,27,Yes,Yes,Yes,Yes,No,No,Pneumonia,CRITICAL
P4949,37,Female,54,94,37.5,121,78,25,No,No,No,No,Yes,No,Cardiac,MEDIUM
P4950,44,Female,98,92,36.3,134,92,14,No,Yes,Yes,No,No,No,COPD,MEDIUM
P4951,42,Male,92,88,38.3,106,77,25,Yes,Yes,Yes,Yes,No,Yes,Influenza,CRITICAL
P4952,21,Male,81,97,37.4,135,75,21,No,No,No,No,Yes,No,Healthy/Minor,MEDIUM
P4953,75,Male,92,92,37.6,140,79,18,Yes,Yes,No,No,Yes,Yes,Viral Infection,HIGH
P4954,28,Male,96,91,37.0,99,81,11,No,Yes,No,Yes,No,No,Asthma,HIGH
P4955,45,Female,81,100,37.5,117,76,16,No,No,Yes,No,No,No,Gastroenteritis,LOW
P4956,32,Male,82,95,37.2,128,75,19,No,No,No,No,No,No,Asthma,MEDIUM
P4957,29,Female,73,98,37.2,121,93,24,No,No,No,No,No,Yes,Migraine,LOW
P4958,45,Female,90,94,37.1,128,79,22,Yes,Yes,No,No,No,Yes,Influenza,MEDIUM
P4959,85,Male,107,89,37.1,131,82,22,No,Yes,Yes,Yes,No,No,Asthma,CRITICAL
P4960,86,Female,87,98,38.1,150,76,21,Yes,No,No,No,No,No,COVID-19,MEDIUM
P4961,45,Male,104,94,36.2,116,81,23,Yes,No,No,Yes,No,No,Asthma,HIGH
P4962,54,Female,90,92,36.7,167,75,22,No,Yes,No,Yes,No,No,Asthma,MEDIUM
P4963,89,Female,94,93,38.5,121,83,20,Yes,Yes,Yes,No,No,No,Pneumonia,HIGH
P4964,35,Male,109,100,37.0,163,69,18,Yes,Yes,Yes,No,No,No,Healthy/Minor,MEDIUM
P4965,86,Female,110,89,38.4,125,88,21,Yes,No,Yes,Yes,No,Yes,Influenza,CRITICAL
P4966,25,Male,107,90,38.0,140,65,10,Yes,Yes,No,Yes,No,No,Influenza,MEDIUM
P4967,34,Female,75,90,38.2,133,82,25,No,Yes,Yes,Yes,No,No,COVID-19,HIGH
P4968,42,Male,114,96,36.7,112,77,20,No,No,No,No,Yes,No,Cardiac,MEDIUM
P4969,20,Male,84,93,38.3,130,85,23,No,Yes,No,Yes,No,No,Pneumonia,MEDIUM
P4970,77,Male,85,84,37.2,129,90,22,Yes,Yes,No,Yes,No,No,COPD,CRITICAL
P4971,80,Male,53,94,37.0,142,86,19,No,No,Yes,No,No,No,Gastroenteritis,LOW
P4972,45,Male,89,93,37.7,125,87,26,Yes,Yes,No,No,No,Yes,Influenza,MEDIUM
P4973,79,Female,67,96,37.4,132,101,16,No,No,Yes,No,No,Yes,Healthy/Minor,MEDIUM
P4974,74,Female,93,93,38.2,128,97,28,Yes,Yes,Yes,Yes,No,Yes,COVID-19,CRITICAL
P4975,76,Female,73,97,37.0,148,75,12,No,No,No,No,No,No,Cardiac,MEDIUM
P4976,76,Male,111,96,37.9,122,78,25,Yes,Yes,Yes,Yes,No,No,Influenza,CRITICAL
P4977,59,Male,86,100,37.0,115,77,17,No,No,No,No,No,No,Gastroenteritis,LOW
P4978,26,Female,108,99,37.4,135,84,22,No,Yes,Yes,No,No,Yes,Viral Infection,MEDIUM
P4979,85,Male,75,88,38.0,147,81,20,Yes,Yes,Yes,Yes,No,No,Influenza,CRITICAL
P4980,62,Male,106,92,38.6,109,76,18,Yes,Yes,No,Yes,No,No,Influenza,CRITICAL
P4981,83,Male,65,87,38.0,123,78,18,Yes,Yes,No,No,Yes,Yes,COVID-19,HIGH
P4982,88,Male,92,91,37.9,107,90,21,Yes,No,Yes,Yes,No,No,Influenza,CRITICAL
P4983,31,Male,70,99,36.5,135,84,18,No,No,No,No,No,No,Healthy/Minor,LOW
P4984,47,Female,80,100,37.0,140,71,10,No,No,No,No,Yes,No,Cardiac,MEDIUM
P4985,32,Male,79,99,36.7,109,77,15,Yes,No,No,No,No,No,Cardiac,LOW
P4986,21,Female,66,100,37.7,130,59,20,No,No,Yes,No,No,No,Healthy/Minor,LOW
P4987,88,Male,65,99,37.5,173,63,19,Yes,No,Yes,No,No,No,Viral Infection,HIGH
P4988,85,Male,76,93,38.0,116,91,19,Yes,Yes,Yes,No,No,No,Viral Infection,MEDIUM
P4989,86,Female,90,90,37.6,131,89,17,No,Yes,No,Yes,No,No,COVID-19,HIGH
P4990,82,Female,103,91,38.7,114,87,24,No,Yes,Yes,Yes,No,No,COVID-19,CRITICAL
P4991,65,Male,90,92,37.8,146,98,22,Yes,Yes,No,Yes,No,Yes,COVID-19,CRITICAL
P4992,56,Male,101,93,37.7,126,64,21,Yes,Yes,No,Yes,No,No,COVID-19,HIGH
P4993,90,Female,70,92,37.0,136,66,25,Yes,Yes,Yes,Yes,No,Yes,COVID-19,CRITICAL
P4994,58,Male,80,93,37.5,132,70,21,Yes,Yes,Yes,Yes,No,No,Pneumonia,HIGH
P4995,64,Female,96,94,38.1,122,61,20,Yes,No,No,No,No,No,COVID-19,MEDIUM
P4996,33,Male,89,91,37.0,114,72,17,No,Yes,No,Yes,No,No,Asthma,HIGH
P4997,72,Female,76,92,37.9,139,90,28,No,Yes,Yes,Yes,No,Yes,COVID-19,HIGH
P4998,77,Male,100,92,37.9,127,88,18,Yes,No,No,Yes,No,No,Pneumonia,HIGH
P4999,67,Female,80,89,38.7,125,93,25,No,No,Yes,No,No,Yes,COVID-19,MEDIUM
P5000,54,Female,75,90,38.0,124,84,30,Yes,Yes,No,Yes,No,No,Asthma,CRITICAL
